{
"type": "FeatureCollection",
"name": "restaurants",
"crs": { "type": "name", "properties": { "name": "urn:ogc:def:crs:OGC:1.3:CRS84" } },
"features": [
{ "type": "Feature", "properties": { "name": "بهارات الأولين", "categories": "Middle Eastern Restaurant", "address": "الرياض, المملكة العربية السعودية", "price": "Moderate", "likes": 8.0, "photos": "10", "tips": "6", "rating": 7.8, "ratingSignals": 9.0, "NEIGHBORHANAME": "بدر", "NEIGHBORHENAME": "BADER", "lon": 46.68766, "lat": 24.525009, "rating_range": "High (8–10)" }, "geometry": { "type": "Point", "coordinates": [ 46.68766, 24.525009 ] } },
{ "type": "Feature", "properties": { "name": "‏سيارة الأيسكريم", "categories": "Food Truck, Ice Cream Shop", "address": "الرياض, المملكة العربية السعودية", "price": "Cheap", "likes": 0.0, "photos": "1", "tips": "0", "rating": null, "ratingSignals": null, "NEIGHBORHANAME": "بدر", "NEIGHBORHENAME": "BADER", "lon": 46.692566424310634, "lat": 24.52817154625421, "rating_range": null }, "geometry": { "type": "Point", "coordinates": [ 46.692566424310634, 24.52817154625421 ] } },
{ "type": "Feature", "properties": { "name": "Pizza Hut (بيتزا هت)", "categories": "Pizza Place", "address": "حي الشفاء (طريق ديراب), الرياض, المملكة العربية السعودية", "price": "Cheap", "likes": 4.0, "photos": "4", "tips": "0", "rating": null, "ratingSignals": null, "NEIGHBORHANAME": "بدر", "NEIGHBORHENAME": "BADER", "lon": 46.687127578888855, "lat": 24.530758454952366, "rating_range": null }, "geometry": { "type": "Point", "coordinates": [ 46.687127578888855, 24.530758454952366 ] } },
{ "type": "Feature", "properties": { "name": "Croissant Cafe || كروسان كافيه", "categories": "Coffee Shop", "address": "المملكة العربية السعودية", "price": "Cheap", "likes": 0.0, "photos": "3", "tips": "0", "rating": null, "ratingSignals": null, "NEIGHBORHANAME": "بدر", "NEIGHBORHENAME": "BADER", "lon": 46.688500206552142, "lat": 24.530341336702044, "rating_range": null }, "geometry": { "type": "Point", "coordinates": [ 46.688500206552142, 24.530341336702044 ] } },
{ "type": "Feature", "properties": { "name": "بريڤي لاونج", "categories": "Coffee Shop", "address": "الرياض, المملكة العربية السعودية", "price": "Cheap", "likes": 2.0, "photos": "12", "tips": "1", "rating": null, "ratingSignals": null, "NEIGHBORHANAME": "بدر", "NEIGHBORHENAME": "BADER", "lon": 46.729956, "lat": 24.528991, "rating_range": null }, "geometry": { "type": "Point", "coordinates": [ 46.729956, 24.528991 ] } },
{ "type": "Feature", "properties": { "name": "فوال الطائف", "categories": "Bakery", "address": "الرياض 14725, المملكة العربية السعودية", "price": "Cheap", "likes": 0.0, "photos": "0", "tips": "0", "rating": null, "ratingSignals": null, "NEIGHBORHANAME": "بدر", "NEIGHBORHENAME": "BADER", "lon": 46.686137, "lat": 24.531176, "rating_range": null }, "geometry": { "type": "Point", "coordinates": [ 46.686137, 24.531176 ] } },
{ "type": "Feature", "properties": { "name": "Starbucks", "categories": "Coffee Shop", "address": "الرياض, المملكة العربية السعودية", "price": "Cheap", "likes": 4.0, "photos": "12", "tips": "0", "rating": 8.0, "ratingSignals": 4.0, "NEIGHBORHANAME": "بدر", "NEIGHBORHENAME": "BADER", "lon": 46.688636999688988, "lat": 24.535589289997734, "rating_range": "High (8–10)" }, "geometry": { "type": "Point", "coordinates": [ 46.688636999688988, 24.535589289997734 ] } },
{ "type": "Feature", "properties": { "name": "ماكدونالدز", "categories": "Fast Food Restaurant", "address": "الرياض 14725, المملكة العربية السعودية", "price": "Moderate", "likes": 3.0, "photos": "11", "tips": "1", "rating": null, "ratingSignals": null, "NEIGHBORHANAME": "بدر", "NEIGHBORHENAME": "BADER", "lon": 46.69714, "lat": 24.53288, "rating_range": null }, "geometry": { "type": "Point", "coordinates": [ 46.69714, 24.53288 ] } },
{ "type": "Feature", "properties": { "name": "Dunkin' Donuts", "categories": "Donut Shop", "address": "الشفا بلازا (شارع الامام مسلم), الرياض 14725, المملكة العربية السعودية", "price": "Cheap", "likes": 17.0, "photos": "57", "tips": "1", "rating": 8.2, "ratingSignals": 20.0, "NEIGHBORHANAME": "بدر", "NEIGHBORHENAME": "BADER", "lon": 46.69324324903404, "lat": 24.53535176259243, "rating_range": "High (8–10)" }, "geometry": { "type": "Point", "coordinates": [ 46.69324324903404, 24.53535176259243 ] } },
{ "type": "Feature", "properties": { "name": "المشوي العنابي", "categories": "Middle Eastern Restaurant", "address": "الرياض 14725, المملكة العربية السعودية", "price": "Moderate", "likes": 6.0, "photos": "30", "tips": "3", "rating": null, "ratingSignals": null, "NEIGHBORHANAME": "بدر", "NEIGHBORHENAME": "BADER", "lon": 46.692831, "lat": 24.535543, "rating_range": null }, "geometry": { "type": "Point", "coordinates": [ 46.692831, 24.535543 ] } },
{ "type": "Feature", "properties": { "name": "4 Guys", "categories": "Burger Joint", "address": "الرياض 14725, المملكة العربية السعودية", "price": "Cheap", "likes": 1.0, "photos": "13", "tips": "0", "rating": null, "ratingSignals": null, "NEIGHBORHANAME": "بدر", "NEIGHBORHENAME": "BADER", "lon": 46.695118, "lat": 24.53075, "rating_range": null }, "geometry": { "type": "Point", "coordinates": [ 46.695118, 24.53075 ] } },
{ "type": "Feature", "properties": { "name": "وقت العصير", "categories": "Snack Place", "address": "الرياض 14725, المملكة العربية السعودية", "price": "Cheap", "likes": 0.0, "photos": "3", "tips": "0", "rating": null, "ratingSignals": null, "NEIGHBORHANAME": "بدر", "NEIGHBORHENAME": "BADER", "lon": 46.693363, "lat": 24.535141, "rating_range": null }, "geometry": { "type": "Point", "coordinates": [ 46.693363, 24.535141 ] } },
{ "type": "Feature", "properties": { "name": "The Sandwich Co. (ذا ساندوتش كومبني)", "categories": "Burger Joint", "address": "الرياض -حي الشفاء, الرياض 14725, المملكة العربية السعودية", "price": "Cheap", "likes": 12.0, "photos": "18", "tips": "2", "rating": 7.8, "ratingSignals": 15.0, "NEIGHBORHANAME": "بدر", "NEIGHBORHENAME": "BADER", "lon": 46.693046353524949, "lat": 24.535355146307452, "rating_range": "High (8–10)" }, "geometry": { "type": "Point", "coordinates": [ 46.693046353524949, 24.535355146307452 ] } },
{ "type": "Feature", "properties": { "name": "Al Ennabi Grill", "categories": "Middle Eastern Restaurant", "address": "Al Shifa Plaza, الرياض 14725, المملكة العربية السعودية", "price": "Moderate", "likes": 0.0, "photos": "0", "tips": "0", "rating": null, "ratingSignals": null, "NEIGHBORHANAME": "بدر", "NEIGHBORHENAME": "BADER", "lon": 46.692814, "lat": 24.535516, "rating_range": null }, "geometry": { "type": "Point", "coordinates": [ 46.692814, 24.535516 ] } },
{ "type": "Feature", "properties": { "name": "شاورمر", "categories": "Shawarma Place, Fast Food Restaurant, Sandwich Place", "address": "الرياض 14725, المملكة العربية السعودية", "price": null, "likes": 2.0, "photos": "3", "tips": "1", "rating": 6.6, "ratingSignals": 4.0, "NEIGHBORHANAME": "بدر", "NEIGHBORHENAME": "BADER", "lon": 46.695152, "lat": 24.531567, "rating_range": "Medium (4–7)" }, "geometry": { "type": "Point", "coordinates": [ 46.695152, 24.531567 ] } },
{ "type": "Feature", "properties": { "name": "سيارة ايسكريم 2020", "categories": "Ice Cream Shop", "address": "Alkhaleefa Almamoon street (Ash Shifa), الرياض 14725, المملكة العربية السعودية", "price": "Cheap", "likes": 4.0, "photos": "7", "tips": "0", "rating": null, "ratingSignals": null, "NEIGHBORHANAME": "بدر", "NEIGHBORHENAME": "BADER", "lon": 46.695833, "lat": 24.532275, "rating_range": null }, "geometry": { "type": "Point", "coordinates": [ 46.695833, 24.532275 ] } },
{ "type": "Feature", "properties": { "name": "دومينوز بيتزا", "categories": "Pizza Place", "address": "حي بدر (شارع الامام مسلم), الرياض 14725, المملكة العربية السعودية", "price": "Cheap", "likes": 1.0, "photos": "3", "tips": "0", "rating": null, "ratingSignals": null, "NEIGHBORHANAME": "بدر", "NEIGHBORHENAME": "BADER", "lon": 46.692989, "lat": 24.53551, "rating_range": null }, "geometry": { "type": "Point", "coordinates": [ 46.692989, 24.53551 ] } },
{ "type": "Feature", "properties": { "name": "Burger King", "categories": "Burger Joint", "address": "الشفا بلازا (شارع الامام مسلم), الرياض 14725, المملكة العربية السعودية", "price": "Cheap", "likes": 6.0, "photos": "0", "tips": "0", "rating": null, "ratingSignals": null, "NEIGHBORHANAME": "بدر", "NEIGHBORHENAME": "BADER", "lon": 46.692673, "lat": 24.535664, "rating_range": null }, "geometry": { "type": "Point", "coordinates": [ 46.692673, 24.535664 ] } },
{ "type": "Feature", "properties": { "name": "أعالي الأمواج للمأكولات البحرية", "categories": "Seafood Restaurant", "address": "المملكة العربية السعودية", "price": "Expensive", "likes": 1.0, "photos": "0", "tips": "0", "rating": null, "ratingSignals": null, "NEIGHBORHANAME": "بدر", "NEIGHBORHENAME": "BADER", "lon": 46.697308, "lat": 24.534408, "rating_range": null }, "geometry": { "type": "Point", "coordinates": [ 46.697308, 24.534408 ] } },
{ "type": "Feature", "properties": { "name": "monkey cookies مونكي كوكيز", "categories": "Dessert Shop", "address": "حي بدر (شارع الامام مسلم), الرياض 14725, المملكة العربية السعودية", "price": "Cheap", "likes": 2.0, "photos": "3", "tips": "0", "rating": null, "ratingSignals": null, "NEIGHBORHANAME": "بدر", "NEIGHBORHENAME": "BADER", "lon": 46.692655, "lat": 24.535341, "rating_range": null }, "geometry": { "type": "Point", "coordinates": [ 46.692655, 24.535341 ] } },
{ "type": "Feature", "properties": { "name": "ايسكريم سلطان", "categories": "Ice Cream Shop", "address": "الرياض 14725, المملكة العربية السعودية", "price": "Cheap", "likes": 0.0, "photos": "5", "tips": "0", "rating": null, "ratingSignals": null, "NEIGHBORHANAME": "بدر", "NEIGHBORHENAME": "BADER", "lon": 46.695463, "lat": 24.531813, "rating_range": null }, "geometry": { "type": "Point", "coordinates": [ 46.695463, 24.531813 ] } },
{ "type": "Feature", "properties": { "name": "Pizza Papa John's (بيتزا بابا جونز)", "categories": "Pizza Place", "address": "الشفا بلازا (شارع الامام مسلم), الرياض 14725, المملكة العربية السعودية", "price": "Cheap", "likes": 0.0, "photos": "2", "tips": "0", "rating": null, "ratingSignals": null, "NEIGHBORHANAME": "بدر", "NEIGHBORHENAME": "BADER", "lon": 46.692836, "lat": 24.535368, "rating_range": null }, "geometry": { "type": "Point", "coordinates": [ 46.692836, 24.535368 ] } },
{ "type": "Feature", "properties": { "name": "Burger King - Shifa 2", "categories": "Burger Joint", "address": "Al Shifa Plaza, Al Imam Muslim Rd, Near Abdul Samad Al Qurashi, Badr, الرياض 14725, المملكة العربية السعودية", "price": "Cheap", "likes": 0.0, "photos": "0", "tips": "0", "rating": null, "ratingSignals": null, "NEIGHBORHANAME": "بدر", "NEIGHBORHENAME": "BADER", "lon": 46.69276, "lat": 24.53566, "rating_range": null }, "geometry": { "type": "Point", "coordinates": [ 46.69276, 24.53566 ] } },
{ "type": "Feature", "properties": { "name": "Pastaliano Pasta & Crepe", "categories": "Italian Restaurant", "address": "Imam Muslim St. (Alshafa Plaza), الرياض 14725, المملكة العربية السعودية", "price": "Moderate", "likes": 0.0, "photos": "0", "tips": "0", "rating": null, "ratingSignals": null, "NEIGHBORHANAME": "بدر", "NEIGHBORHENAME": "BADER", "lon": 46.692871, "lat": 24.535446, "rating_range": null }, "geometry": { "type": "Point", "coordinates": [ 46.692871, 24.535446 ] } },
{ "type": "Feature", "properties": { "name": "Tsc", "categories": "Restaurant", "address": "alshifa, الرياض 14725, المملكة العربية السعودية", "price": "Moderate", "likes": 3.0, "photos": "3", "tips": "2", "rating": 7.6, "ratingSignals": 3.0, "NEIGHBORHANAME": "بدر", "NEIGHBORHENAME": "BADER", "lon": 46.693226, "lat": 24.535385, "rating_range": "High (8–10)" }, "geometry": { "type": "Point", "coordinates": [ 46.693226, 24.535385 ] } },
{ "type": "Feature", "properties": { "name": "Domino's Pizza", "categories": "Pizza Place", "address": "Al Shifa Plaza, Al Imam Muslim St, Badr, الرياض 14725, المملكة العربية السعودية", "price": "Cheap", "likes": 0.0, "photos": "0", "tips": "0", "rating": null, "ratingSignals": null, "NEIGHBORHANAME": "بدر", "NEIGHBORHENAME": "BADER", "lon": 46.692719, "lat": 24.535323, "rating_range": null }, "geometry": { "type": "Point", "coordinates": [ 46.692719, 24.535323 ] } },
{ "type": "Feature", "properties": { "name": "Domino's Pizza", "categories": "Pizza Place", "address": "Alshifaa Plaza (Imam Muslim), الرياض 14725, المملكة العربية السعودية", "price": "Cheap", "likes": 0.0, "photos": "1", "tips": "0", "rating": 7.3, "ratingSignals": 0.0, "NEIGHBORHANAME": "بدر", "NEIGHBORHENAME": "BADER", "lon": 46.69306, "lat": 24.535662, "rating_range": "High (8–10)" }, "geometry": { "type": "Point", "coordinates": [ 46.69306, 24.535662 ] } },
{ "type": "Feature", "properties": { "name": "Burger King", "categories": "Fast Food Restaurant", "address": "طريق الامام مسلم, الرياض, المملكة العربية السعودية", "price": "Moderate", "likes": 0.0, "photos": "1", "tips": "0", "rating": null, "ratingSignals": null, "NEIGHBORHANAME": "بدر", "NEIGHBORHENAME": "BADER", "lon": 46.692665, "lat": 24.535669, "rating_range": null }, "geometry": { "type": "Point", "coordinates": [ 46.692665, 24.535669 ] } },
{ "type": "Feature", "properties": { "name": "Shawerma Emperor (إمبراطور الشاورما)", "categories": "Shawarma Place", "address": "حي بدر (شارع الامام مسلم), الرياض 14725, المملكة العربية السعودية", "price": null, "likes": 0.0, "photos": "0", "tips": "0", "rating": null, "ratingSignals": null, "NEIGHBORHANAME": "بدر", "NEIGHBORHENAME": "BADER", "lon": 46.692529, "lat": 24.536078, "rating_range": null }, "geometry": { "type": "Point", "coordinates": [ 46.692529, 24.536078 ] } },
{ "type": "Feature", "properties": { "name": "Texas Chicken (دجاج تكساس)", "categories": "Fried Chicken Joint, Fast Food Restaurant", "address": "حي بدر (شارع الامام مسلم), الرياض 14725, المملكة العربية السعودية", "price": "Cheap", "likes": 1.0, "photos": "0", "tips": "0", "rating": null, "ratingSignals": null, "NEIGHBORHANAME": "بدر", "NEIGHBORHENAME": "BADER", "lon": 46.693049, "lat": 24.535557, "rating_range": null }, "geometry": { "type": "Point", "coordinates": [ 46.693049, 24.535557 ] } },
{ "type": "Feature", "properties": { "name": "SADIG Coffee Shop (صادق كافيه)", "categories": "Coffee Shop", "address": "شارع الخليفة المأمون, الرياض, المملكة العربية السعودية", "price": "Cheap", "likes": 10.0, "photos": "14", "tips": "1", "rating": 7.5, "ratingSignals": 13.0, "NEIGHBORHANAME": "بدر", "NEIGHBORHENAME": "BADER", "lon": 46.698102551804155, "lat": 24.534564604873292, "rating_range": "High (8–10)" }, "geometry": { "type": "Point", "coordinates": [ 46.698102551804155, 24.534564604873292 ] } },
{ "type": "Feature", "properties": { "name": "قلعة الجود للمشويات الطازجة", "categories": "BBQ Joint", "address": "a, Riyadh, المملكة العربية السعودية", "price": "Moderate", "likes": 1.0, "photos": "2", "tips": "0", "rating": null, "ratingSignals": null, "NEIGHBORHANAME": "بدر", "NEIGHBORHENAME": "BADER", "lon": 46.706829071044922, "lat": 24.531507547717872, "rating_range": null }, "geometry": { "type": "Point", "coordinates": [ 46.706829071044922, 24.531507547717872 ] } },
{ "type": "Feature", "properties": { "name": "Türk Kassabi Bereket", "categories": "Turkish Restaurant", "address": "المملكة العربية السعودية", "price": "Moderate", "likes": 0.0, "photos": "0", "tips": "0", "rating": null, "ratingSignals": null, "NEIGHBORHANAME": "بدر", "NEIGHBORHENAME": "BADER", "lon": 46.707245, "lat": 24.532776, "rating_range": null }, "geometry": { "type": "Point", "coordinates": [ 46.707245, 24.532776 ] } },
{ "type": "Feature", "properties": { "name": "Sandes", "categories": "Diner", "address": "المملكة العربية السعودية", "price": "Cheap", "likes": 0.0, "photos": "0", "tips": "0", "rating": null, "ratingSignals": null, "NEIGHBORHANAME": "بدر", "NEIGHBORHENAME": "BADER", "lon": 46.714832700323193, "lat": 24.534340766320128, "rating_range": null }, "geometry": { "type": "Point", "coordinates": [ 46.714832700323193, 24.534340766320128 ] } },
{ "type": "Feature", "properties": { "name": "Boofiya - Bangladesh India And Pakistani Foods", "categories": "Indian Restaurant", "address": "المملكة العربية السعودية", "price": "Moderate", "likes": 1.0, "photos": "0", "tips": "1", "rating": null, "ratingSignals": null, "NEIGHBORHANAME": "بدر", "NEIGHBORHENAME": "BADER", "lon": 46.722965024829541, "lat": 24.5330242799735, "rating_range": null }, "geometry": { "type": "Point", "coordinates": [ 46.722965024829541, 24.5330242799735 ] } },
{ "type": "Feature", "properties": { "name": "لمحة القهوة", "categories": "Coffee Shop", "address": "الشفا (الأمام مسلم), الرياض, المملكة العربية السعودية", "price": "Cheap", "likes": 1.0, "photos": "4", "tips": "0", "rating": null, "ratingSignals": null, "NEIGHBORHANAME": "بدر", "NEIGHBORHENAME": "BADER", "lon": 46.6924, "lat": 24.536793, "rating_range": null }, "geometry": { "type": "Point", "coordinates": [ 46.6924, 24.536793 ] } },
{ "type": "Feature", "properties": { "name": "Shifudo شيفودو", "categories": "Seafood Restaurant", "address": "Shifa district - Imam Muslim Road - After Orouba Center and before Banda, الرياض, المملكة العربية السعودية", "price": "Expensive", "likes": 12.0, "photos": "44", "tips": "7", "rating": 6.5, "ratingSignals": 20.0, "NEIGHBORHANAME": "بدر", "NEIGHBORHENAME": "BADER", "lon": 46.692242337101405, "lat": 24.536275215398256, "rating_range": "Medium (4–7)" }, "geometry": { "type": "Point", "coordinates": [ 46.692242337101405, 24.536275215398256 ] } },
{ "type": "Feature", "properties": { "name": "قهوة شخصين 2GUYS", "categories": "Coffee Shop", "address": "Alshifa (Imam Muslim), الرياض, المملكة العربية السعودية", "price": "Cheap", "likes": 5.0, "photos": "32", "tips": "2", "rating": 6.2, "ratingSignals": 10.0, "NEIGHBORHANAME": "بدر", "NEIGHBORHENAME": "BADER", "lon": 46.688574106270686, "lat": 24.539014190106073, "rating_range": "Medium (4–7)" }, "geometry": { "type": "Point", "coordinates": [ 46.688574106270686, 24.539014190106073 ] } },
{ "type": "Feature", "properties": { "name": "شمس و قهوة", "categories": "Coffee Shop", "address": "طريق الامام مسلم, الرياض 14724, المملكة العربية السعودية", "price": "Cheap", "likes": 1.0, "photos": "8", "tips": "0", "rating": null, "ratingSignals": null, "NEIGHBORHANAME": "بدر", "NEIGHBORHENAME": "BADER", "lon": 46.69051, "lat": 24.538355, "rating_range": null }, "geometry": { "type": "Point", "coordinates": [ 46.69051, 24.538355 ] } },
{ "type": "Feature", "properties": { "name": "Cafeteria (بوفية)", "categories": "Breakfast Spot", "address": "حي بدر (ش - الامام مسلم), الرياض, المملكة العربية السعودية", "price": "Cheap", "likes": 2.0, "photos": "1", "tips": "0", "rating": null, "ratingSignals": null, "NEIGHBORHANAME": "بدر", "NEIGHBORHENAME": "BADER", "lon": 46.689591, "lat": 24.538696, "rating_range": null }, "geometry": { "type": "Point", "coordinates": [ 46.689591, 24.538696 ] } },
{ "type": "Feature", "properties": { "name": "اسكندر افندي", "categories": "Turkish Restaurant", "address": "حي بدر (طريق ابن تيمية), الرياض, المملكة العربية السعودية", "price": "Moderate", "likes": 0.0, "photos": "2", "tips": "0", "rating": null, "ratingSignals": null, "NEIGHBORHANAME": "بدر", "NEIGHBORHENAME": "BADER", "lon": 46.689448332189464, "lat": 24.539718190123992, "rating_range": null }, "geometry": { "type": "Point", "coordinates": [ 46.689448332189464, 24.539718190123992 ] } },
{ "type": "Feature", "properties": { "name": "قهوة شبات", "categories": "Coffee Shop", "address": "حي بدر (ط ابن تيمية), الرياض, المملكة العربية السعودية", "price": "Cheap", "likes": 1.0, "photos": "7", "tips": "1", "rating": null, "ratingSignals": null, "NEIGHBORHANAME": "بدر", "NEIGHBORHENAME": "BADER", "lon": 46.689254931968698, "lat": 24.539886630797071, "rating_range": null }, "geometry": { "type": "Point", "coordinates": [ 46.689254931968698, 24.539886630797071 ] } },
{ "type": "Feature", "properties": { "name": "لقيمات حصة", "categories": "Restaurant", "address": "2153 Ibn Taymeeyah Rd, الرياض 14724, المملكة العربية السعودية", "price": "Moderate", "likes": 1.0, "photos": "1", "tips": "1", "rating": null, "ratingSignals": null, "NEIGHBORHANAME": "بدر", "NEIGHBORHENAME": "BADER", "lon": 46.690068, "lat": 24.540343, "rating_range": null }, "geometry": { "type": "Point", "coordinates": [ 46.690068, 24.540343 ] } },
{ "type": "Feature", "properties": { "name": "Texas Chicken", "categories": "Fast Food Restaurant", "address": "Shifa (Imam Muslim Road), الرياض 14724, المملكة العربية السعودية", "price": "Cheap", "likes": 2.0, "photos": "0", "tips": "0", "rating": null, "ratingSignals": null, "NEIGHBORHANAME": "بدر", "NEIGHBORHENAME": "BADER", "lon": 46.69618, "lat": 24.536518, "rating_range": null }, "geometry": { "type": "Point", "coordinates": [ 46.69618, 24.536518 ] } },
{ "type": "Feature", "properties": { "name": "Coffee Gram (جرام القهوة)", "categories": "Coffee Shop", "address": "Al Khalifah Al Mamoon St, الرياض 14724, المملكة العربية السعودية", "price": "Cheap", "likes": 88.0, "photos": "532", "tips": "36", "rating": 8.9, "ratingSignals": 107.0, "NEIGHBORHANAME": "بدر", "NEIGHBORHENAME": "BADER", "lon": 46.70082088882203, "lat": 24.537890769413714, "rating_range": "High (8–10)" }, "geometry": { "type": "Point", "coordinates": [ 46.70082088882203, 24.537890769413714 ] } },
{ "type": "Feature", "properties": { "name": "Fun Taste", "categories": "Restaurant", "address": "الرياض 14724, المملكة العربية السعودية", "price": "Moderate", "likes": 0.0, "photos": "3", "tips": "2", "rating": null, "ratingSignals": null, "NEIGHBORHANAME": "بدر", "NEIGHBORHENAME": "BADER", "lon": 46.698941, "lat": 24.538718, "rating_range": null }, "geometry": { "type": "Point", "coordinates": [ 46.698941, 24.538718 ] } },
{ "type": "Feature", "properties": { "name": "مقهى فنجال وقدوع للقهوة العربية", "categories": "Coffee Shop", "address": "حي الشفا شارع الخليل بن أحمد (المعارض), الرياض, المملكة العربية السعودية", "price": "Cheap", "likes": 3.0, "photos": "6", "tips": "2", "rating": null, "ratingSignals": null, "NEIGHBORHANAME": "بدر", "NEIGHBORHENAME": "BADER", "lon": 46.698803901672363, "lat": 24.54011590519962, "rating_range": null }, "geometry": { "type": "Point", "coordinates": [ 46.698803901672363, 24.54011590519962 ] } },
{ "type": "Feature", "properties": { "name": "مخبز وبوفية فوال  الشرق الاوسط", "categories": "Breakfast Spot", "address": "حي بدر (شارع الخليفة المأمون), المملكة العربية السعودية", "price": "Cheap", "likes": 0.0, "photos": "4", "tips": "0", "rating": null, "ratingSignals": null, "NEIGHBORHANAME": "بدر", "NEIGHBORHENAME": "BADER", "lon": 46.701056, "lat": 24.538065, "rating_range": null }, "geometry": { "type": "Point", "coordinates": [ 46.701056, 24.538065 ] } },
{ "type": "Feature", "properties": { "name": "شاورما جي", "categories": "Fast Food Restaurant", "address": "الرياض 14724, المملكة العربية السعودية", "price": "Cheap", "likes": 0.0, "photos": "0", "tips": "0", "rating": null, "ratingSignals": null, "NEIGHBORHANAME": "بدر", "NEIGHBORHENAME": "BADER", "lon": 46.702095, "lat": 24.539337, "rating_range": null }, "geometry": { "type": "Point", "coordinates": [ 46.702095, 24.539337 ] } },
{ "type": "Feature", "properties": { "name": "BAHRYA (بحرية)", "categories": "Seafood Restaurant", "address": "المملكة العربية السعودية", "price": "Expensive", "likes": 0.0, "photos": "1", "tips": "0", "rating": null, "ratingSignals": null, "NEIGHBORHANAME": "بدر", "NEIGHBORHENAME": "BADER", "lon": 46.700492253175554, "lat": 24.538553307205628, "rating_range": null }, "geometry": { "type": "Point", "coordinates": [ 46.700492253175554, 24.538553307205628 ] } },
{ "type": "Feature", "properties": { "name": "مطعم ميرا البخاري", "categories": "Afghan Restaurant", "address": "بدر (شارع الخليفة المأمون), المملكة العربية السعودية", "price": "Moderate", "likes": 2.0, "photos": "2", "tips": "0", "rating": null, "ratingSignals": null, "NEIGHBORHANAME": "بدر", "NEIGHBORHENAME": "BADER", "lon": 46.701332087158647, "lat": 24.538321569173604, "rating_range": null }, "geometry": { "type": "Point", "coordinates": [ 46.701332087158647, 24.538321569173604 ] } },
{ "type": "Feature", "properties": { "name": "كفي في التسعين", "categories": "Coffee Shop", "address": "المملكة العربية السعودية", "price": "Cheap", "likes": 0.0, "photos": "4", "tips": "0", "rating": null, "ratingSignals": null, "NEIGHBORHANAME": "بدر", "NEIGHBORHENAME": "BADER", "lon": 46.698543703883935, "lat": 24.540271050379211, "rating_range": null }, "geometry": { "type": "Point", "coordinates": [ 46.698543703883935, 24.540271050379211 ] } },
{ "type": "Feature", "properties": { "name": "اطلق بوفيه بالرياض", "categories": "Buffet", "address": "الرياض 14724, المملكة العربية السعودية", "price": null, "likes": 0.0, "photos": "0", "tips": "0", "rating": null, "ratingSignals": null, "NEIGHBORHANAME": "بدر", "NEIGHBORHENAME": "BADER", "lon": 46.705631, "lat": 24.540268, "rating_range": null }, "geometry": { "type": "Point", "coordinates": [ 46.705631, 24.540268 ] } },
{ "type": "Feature", "properties": { "name": "antakya kasabi", "categories": "Turkish Restaurant", "address": "Sifa, المملكة العربية السعودية", "price": "Moderate", "likes": 2.0, "photos": "1", "tips": "1", "rating": null, "ratingSignals": null, "NEIGHBORHANAME": "بدر", "NEIGHBORHENAME": "BADER", "lon": 46.70763, "lat": 24.538467, "rating_range": null }, "geometry": { "type": "Point", "coordinates": [ 46.70763, 24.538467 ] } },
{ "type": "Feature", "properties": { "name": "الحميس التركي", "categories": "Doner Restaurant", "address": "حي بدر (شارع الرسالة), الرياض 14724, المملكة العربية السعودية", "price": null, "likes": 1.0, "photos": "3", "tips": "1", "rating": null, "ratingSignals": null, "NEIGHBORHANAME": "بدر", "NEIGHBORHENAME": "BADER", "lon": 46.707584, "lat": 24.538874, "rating_range": null }, "geometry": { "type": "Point", "coordinates": [ 46.707584, 24.538874 ] } },
{ "type": "Feature", "properties": { "name": "Karyet Al Romansiah", "categories": "Turkish Restaurant", "address": "Shifa (Al bedir), الرياض, المملكة العربية السعودية", "price": "Moderate", "likes": 0.0, "photos": "0", "tips": "0", "rating": null, "ratingSignals": null, "NEIGHBORHANAME": "بدر", "NEIGHBORHENAME": "BADER", "lon": 46.709636, "lat": 24.537683, "rating_range": null }, "geometry": { "type": "Point", "coordinates": [ 46.709636, 24.537683 ] } },
{ "type": "Feature", "properties": { "name": "مطعم ركن الأوصال", "categories": "Turkish Restaurant", "address": "الشفا, الرياض, المملكة العربية السعودية", "price": "Moderate", "likes": 3.0, "photos": "0", "tips": "0", "rating": null, "ratingSignals": null, "NEIGHBORHANAME": "بدر", "NEIGHBORHENAME": "BADER", "lon": 46.712869, "lat": 24.539325, "rating_range": null }, "geometry": { "type": "Point", "coordinates": [ 46.712869, 24.539325 ] } },
{ "type": "Feature", "properties": { "name": "Domino's Pizza", "categories": "Pizza Place", "address": "المملكة العربية السعودية", "price": "Cheap", "likes": 3.0, "photos": "1", "tips": "0", "rating": 6.6, "ratingSignals": 6.0, "NEIGHBORHANAME": "بدر", "NEIGHBORHENAME": "BADER", "lon": 46.71251076984575, "lat": 24.536037279056146, "rating_range": "Medium (4–7)" }, "geometry": { "type": "Point", "coordinates": [ 46.71251076984575, 24.536037279056146 ] } },
{ "type": "Feature", "properties": { "name": "sandeyss", "categories": "Turkish Restaurant", "address": "المملكة العربية السعودية", "price": "Moderate", "likes": 3.0, "photos": "2", "tips": "1", "rating": null, "ratingSignals": null, "NEIGHBORHANAME": "بدر", "NEIGHBORHENAME": "BADER", "lon": 46.712680663548021, "lat": 24.539444942814182, "rating_range": null }, "geometry": { "type": "Point", "coordinates": [ 46.712680663548021, 24.539444942814182 ] } },
{ "type": "Feature", "properties": { "name": "sandeys restorant", "categories": "BBQ Joint", "address": "المملكة العربية السعودية", "price": "Moderate", "likes": 1.0, "photos": "1", "tips": "0", "rating": null, "ratingSignals": null, "NEIGHBORHANAME": "بدر", "NEIGHBORHENAME": "BADER", "lon": 46.712864512826883, "lat": 24.539253250001046, "rating_range": null }, "geometry": { "type": "Point", "coordinates": [ 46.712864512826883, 24.539253250001046 ] } },
{ "type": "Feature", "properties": { "name": "شركة العردان ( بوفية )", "categories": "Indian Restaurant", "address": "الشفا, الرياض 14724, المملكة العربية السعودية", "price": "Moderate", "likes": 0.0, "photos": "0", "tips": "0", "rating": null, "ratingSignals": null, "NEIGHBORHANAME": "بدر", "NEIGHBORHENAME": "BADER", "lon": 46.712391, "lat": 24.53899, "rating_range": null }, "geometry": { "type": "Point", "coordinates": [ 46.712391, 24.53899 ] } },
{ "type": "Feature", "properties": { "name": "صانع الحلويات", "categories": "Coffee Shop", "address": "المملكة العربية السعودية", "price": "Cheap", "likes": 1.0, "photos": "0", "tips": "0", "rating": null, "ratingSignals": null, "NEIGHBORHANAME": "بدر", "NEIGHBORHENAME": "BADER", "lon": 46.713722, "lat": 24.54049, "rating_range": null }, "geometry": { "type": "Point", "coordinates": [ 46.713722, 24.54049 ] } },
{ "type": "Feature", "properties": { "name": "الشفا للوجبات السريعة", "categories": "Chaat Place", "address": "الشفا (طريق عرفات), الرياض, المملكة العربية السعودية", "price": null, "likes": 0.0, "photos": "0", "tips": "0", "rating": null, "ratingSignals": null, "NEIGHBORHANAME": "بدر", "NEIGHBORHENAME": "BADER", "lon": 46.714524, "lat": 24.541143, "rating_range": null }, "geometry": { "type": "Point", "coordinates": [ 46.714524, 24.541143 ] } },
{ "type": "Feature", "properties": { "name": "riyadh sifa kiral kunefe", "categories": "Cafeteria", "address": "المملكة العربية السعودية", "price": null, "likes": 1.0, "photos": "2", "tips": "0", "rating": null, "ratingSignals": null, "NEIGHBORHANAME": "بدر", "NEIGHBORHENAME": "BADER", "lon": 46.71336024411989, "lat": 24.540805692631302, "rating_range": null }, "geometry": { "type": "Point", "coordinates": [ 46.71336024411989, 24.540805692631302 ] } },
{ "type": "Feature", "properties": { "name": "فلافل قرمشة", "categories": "Falafel Restaurant", "address": "Al Itidal, المملكة العربية السعودية", "price": "Cheap", "likes": 5.0, "photos": "1", "tips": "0", "rating": 6.8, "ratingSignals": 9.0, "NEIGHBORHANAME": "بدر", "NEIGHBORHENAME": "BADER", "lon": 46.725026377090607, "lat": 24.540257474421217, "rating_range": "Medium (4–7)" }, "geometry": { "type": "Point", "coordinates": [ 46.725026377090607, 24.540257474421217 ] } },
{ "type": "Feature", "properties": { "name": "مطعم أرزاق بلادي البخاري", "categories": "Afghan Restaurant", "address": "الرياض, المملكة العربية السعودية", "price": "Moderate", "likes": 1.0, "photos": "0", "tips": "0", "rating": null, "ratingSignals": null, "NEIGHBORHANAME": "بدر", "NEIGHBORHENAME": "BADER", "lon": 46.720659, "lat": 24.539982, "rating_range": null }, "geometry": { "type": "Point", "coordinates": [ 46.720659, 24.539982 ] } },
{ "type": "Feature", "properties": { "name": "شاورما العائلة", "categories": "Shawarma Place", "address": "حي بدر (ش احمد شوقي), الرياض, المملكة العربية السعودية", "price": null, "likes": 37.0, "photos": "21", "tips": "7", "rating": 8.3, "ratingSignals": 45.0, "NEIGHBORHANAME": "بدر", "NEIGHBORHENAME": "BADER", "lon": 46.694578193691775, "lat": 24.545289584936572, "rating_range": "High (8–10)" }, "geometry": { "type": "Point", "coordinates": [ 46.694578193691775, 24.545289584936572 ] } },
{ "type": "Feature", "properties": { "name": "dr.CAFE COFFEE (د. كيف كافيه)", "categories": "Coffee Shop", "address": "داخل محطة وقود (تقاطع شارع ابن تيمية مع الخليل بن أحمد), الرياض, المملكة العربية السعودية", "price": "Cheap", "likes": 106.0, "photos": "130", "tips": "48", "rating": 8.3, "ratingSignals": 141.0, "NEIGHBORHANAME": "بدر", "NEIGHBORHENAME": "BADER", "lon": 46.692787160303624, "lat": 24.54359780050061, "rating_range": "High (8–10)" }, "geometry": { "type": "Point", "coordinates": [ 46.692787160303624, 24.54359780050061 ] } },
{ "type": "Feature", "properties": { "name": "تسالي سمي", "categories": "Burger Joint", "address": "الرياض 14724, المملكة العربية السعودية", "price": "Cheap", "likes": 1.0, "photos": "6", "tips": "0", "rating": null, "ratingSignals": null, "NEIGHBORHANAME": "بدر", "NEIGHBORHENAME": "BADER", "lon": 46.703378, "lat": 24.544071, "rating_range": null }, "geometry": { "type": "Point", "coordinates": [ 46.703378, 24.544071 ] } },
{ "type": "Feature", "properties": { "name": "Domino's Pizza", "categories": "Pizza Place", "address": "7469 Al Khalifah Al Maamoun St, Next to Hyper Panda, Badr, الرياض 14724, المملكة العربية السعودية", "price": "Cheap", "likes": 0.0, "photos": "0", "tips": "0", "rating": 7.2, "ratingSignals": 1.0, "NEIGHBORHANAME": "بدر", "NEIGHBORHENAME": "BADER", "lon": 46.704626, "lat": 24.541904, "rating_range": "High (8–10)" }, "geometry": { "type": "Point", "coordinates": [ 46.704626, 24.541904 ] } },
{ "type": "Feature", "properties": { "name": "Domino's Pizza", "categories": "Pizza Place", "address": "الخليفة مأمون, الرياض, المملكة العربية السعودية", "price": "Cheap", "likes": 16.0, "photos": "11", "tips": "0", "rating": 7.4, "ratingSignals": 21.0, "NEIGHBORHANAME": "بدر", "NEIGHBORHENAME": "BADER", "lon": 46.704256798820623, "lat": 24.541738954582762, "rating_range": "High (8–10)" }, "geometry": { "type": "Point", "coordinates": [ 46.704256798820623, 24.541738954582762 ] } },
{ "type": "Feature", "properties": { "name": "ركن حمص زكي", "categories": "Falafel Restaurant, Fast Food Restaurant", "address": "المملكة العربية السعودية", "price": "Cheap", "likes": 2.0, "photos": "7", "tips": "0", "rating": null, "ratingSignals": null, "NEIGHBORHANAME": "بدر", "NEIGHBORHENAME": "BADER", "lon": 46.693825981072209, "lat": 24.543497544624326, "rating_range": null }, "geometry": { "type": "Point", "coordinates": [ 46.693825981072209, 24.543497544624326 ] } },
{ "type": "Feature", "properties": { "name": "baskin robbins (باسكن روبينز)", "categories": "Ice Cream Shop", "address": "الشفاء- حي بدر, الرياض 14724, المملكة العربية السعودية", "price": "Cheap", "likes": 0.0, "photos": "1", "tips": "0", "rating": null, "ratingSignals": null, "NEIGHBORHANAME": "بدر", "NEIGHBORHENAME": "BADER", "lon": 46.704469, "lat": 24.541886, "rating_range": null }, "geometry": { "type": "Point", "coordinates": [ 46.704469, 24.541886 ] } },
{ "type": "Feature", "properties": { "name": "بيت الفطيره الدمشقيه", "categories": "Turkish Restaurant", "address": "حي الشفاء, الرياض, المملكة العربية السعودية", "price": "Moderate", "likes": 0.0, "photos": "1", "tips": "0", "rating": null, "ratingSignals": null, "NEIGHBORHANAME": "بدر", "NEIGHBORHENAME": "BADER", "lon": 46.702082287856172, "lat": 24.54372461568023, "rating_range": null }, "geometry": { "type": "Point", "coordinates": [ 46.702082287856172, 24.54372461568023 ] } },
{ "type": "Feature", "properties": { "name": "Awafi (عوافي)", "categories": "Middle Eastern Restaurant", "address": "Al Khalil Ibn Ahmad, Badr, الرياض, المملكة العربية السعودية", "price": "Moderate", "likes": 6.0, "photos": "3", "tips": "3", "rating": 6.6, "ratingSignals": 8.0, "NEIGHBORHANAME": "بدر", "NEIGHBORHENAME": "BADER", "lon": 46.695209, "lat": 24.54204, "rating_range": "Medium (4–7)" }, "geometry": { "type": "Point", "coordinates": [ 46.695209, 24.54204 ] } },
{ "type": "Feature", "properties": { "name": "عبدالعزيز للوجبات السريعة", "categories": "Burger Joint", "address": "حي بدر (شارع الخليل بن احمد), الرياض 14724, المملكة العربية السعودية", "price": "Cheap", "likes": 1.0, "photos": "1", "tips": "0", "rating": null, "ratingSignals": null, "NEIGHBORHANAME": "بدر", "NEIGHBORHENAME": "BADER", "lon": 46.69383, "lat": 24.543474, "rating_range": null }, "geometry": { "type": "Point", "coordinates": [ 46.69383, 24.543474 ] } },
{ "type": "Feature", "properties": { "name": "فطائر بيتزا", "categories": "Pizza Place", "address": "حي بدر (ش الخليل بن احمد), الرياض, المملكة العربية السعودية", "price": "Cheap", "likes": 1.0, "photos": "5", "tips": "3", "rating": null, "ratingSignals": null, "NEIGHBORHANAME": "بدر", "NEIGHBORHENAME": "BADER", "lon": 46.69282116356969, "lat": 24.543155905352737, "rating_range": null }, "geometry": { "type": "Point", "coordinates": [ 46.69282116356969, 24.543155905352737 ] } },
{ "type": "Feature", "properties": { "name": "فطائر النعمان", "categories": "Bistro", "address": "الرياض 14724, المملكة العربية السعودية", "price": null, "likes": 0.0, "photos": "0", "tips": "0", "rating": null, "ratingSignals": null, "NEIGHBORHANAME": "بدر", "NEIGHBORHENAME": "BADER", "lon": 46.694157, "lat": 24.542815, "rating_range": null }, "geometry": { "type": "Point", "coordinates": [ 46.694157, 24.542815 ] } },
{ "type": "Feature", "properties": { "name": "مخابز دانة الارياف", "categories": "Bakery", "address": "Alshafa (Ibn Taimiyah Road), الرياض 14724, المملكة العربية السعودية", "price": "Cheap", "likes": 1.0, "photos": "5", "tips": "0", "rating": null, "ratingSignals": null, "NEIGHBORHANAME": "بدر", "NEIGHBORHENAME": "BADER", "lon": 46.692285, "lat": 24.542967, "rating_range": null }, "geometry": { "type": "Point", "coordinates": [ 46.692285, 24.542967 ] } },
{ "type": "Feature", "properties": { "name": "مطبخ ابو فيصل", "categories": "American Restaurant, Austrian Restaurant", "address": "الرياض 14724, المملكة العربية السعودية", "price": "Moderate", "likes": 0.0, "photos": "0", "tips": "0", "rating": null, "ratingSignals": null, "NEIGHBORHANAME": "بدر", "NEIGHBORHENAME": "BADER", "lon": 46.694567, "lat": 24.54487, "rating_range": null }, "geometry": { "type": "Point", "coordinates": [ 46.694567, 24.54487 ] } },
{ "type": "Feature", "properties": { "name": "فوال الحميداني", "categories": "Arepa Restaurant", "address": "المملكة العربية السعودية", "price": "Cheap", "likes": 0.0, "photos": "2", "tips": "0", "rating": null, "ratingSignals": null, "NEIGHBORHANAME": "بدر", "NEIGHBORHENAME": "BADER", "lon": 46.707594, "lat": 24.545779, "rating_range": null }, "geometry": { "type": "Point", "coordinates": [ 46.707594, 24.545779 ] } },
{ "type": "Feature", "properties": { "name": "مطبخ الصحفة", "categories": "Middle Eastern Restaurant", "address": "الرياض 14724, المملكة العربية السعودية", "price": "Moderate", "likes": 0.0, "photos": "1", "tips": "0", "rating": null, "ratingSignals": null, "NEIGHBORHANAME": "بدر", "NEIGHBORHENAME": "BADER", "lon": 46.705324, "lat": 24.544227, "rating_range": null }, "geometry": { "type": "Point", "coordinates": [ 46.705324, 24.544227 ] } },
{ "type": "Feature", "properties": { "name": "Chief Chef", "categories": "Restaurant", "address": "الرياض 14716, المملكة العربية السعودية", "price": "Moderate", "likes": 3.0, "photos": "5", "tips": "1", "rating": null, "ratingSignals": null, "NEIGHBORHANAME": "بدر", "NEIGHBORHENAME": "BADER", "lon": 46.712665, "lat": 24.545452, "rating_range": null }, "geometry": { "type": "Point", "coordinates": [ 46.712665, 24.545452 ] } },
{ "type": "Feature", "properties": { "name": "كويزنوز صب Quiznos Sub l", "categories": "Deli / Bodega", "address": "Alshifa, المملكة العربية السعودية", "price": "Cheap", "likes": 1.0, "photos": "0", "tips": "0", "rating": null, "ratingSignals": null, "NEIGHBORHANAME": "بدر", "NEIGHBORHENAME": "BADER", "lon": 46.715554, "lat": 24.542889, "rating_range": null }, "geometry": { "type": "Point", "coordinates": [ 46.715554, 24.542889 ] } },
{ "type": "Feature", "properties": { "name": "مخابز أسوار المشاهير", "categories": "Bakery", "address": "مخابز اسوار المشاهير, الرياض 14724, المملكة العربية السعودية", "price": "Cheap", "likes": 5.0, "photos": "3", "tips": "0", "rating": null, "ratingSignals": null, "NEIGHBORHANAME": "بدر", "NEIGHBORHENAME": "BADER", "lon": 46.710483, "lat": 24.546347, "rating_range": null }, "geometry": { "type": "Point", "coordinates": [ 46.710483, 24.546347 ] } },
{ "type": "Feature", "properties": { "name": "ستار بكس", "categories": "Coffee Shop", "address": "المملكة العربية السعودية", "price": "Cheap", "likes": 10.0, "photos": "16", "tips": "0", "rating": 7.4, "ratingSignals": 13.0, "NEIGHBORHANAME": "بدر", "NEIGHBORHENAME": "BADER", "lon": 46.711854206913422, "lat": 24.542345472600072, "rating_range": "High (8–10)" }, "geometry": { "type": "Point", "coordinates": [ 46.711854206913422, 24.542345472600072 ] } },
{ "type": "Feature", "properties": { "name": "باسكن روبنز Baskin Robbinz", "categories": "Ice Cream Shop", "address": "حي بدر (الخليفة المأمون), الرياض, المملكة العربية السعودية", "price": "Cheap", "likes": 6.0, "photos": "15", "tips": "1", "rating": 6.6, "ratingSignals": 8.0, "NEIGHBORHANAME": "بدر", "NEIGHBORHENAME": "BADER", "lon": 46.711500858065861, "lat": 24.544674133036448, "rating_range": "Medium (4–7)" }, "geometry": { "type": "Point", "coordinates": [ 46.711500858065861, 24.544674133036448 ] } },
{ "type": "Feature", "properties": { "name": "فوال أذواق الطائف", "categories": "Breakfast Spot", "address": "المملكة العربية السعودية", "price": "Cheap", "likes": 2.0, "photos": "0", "tips": "0", "rating": null, "ratingSignals": null, "NEIGHBORHANAME": "بدر", "NEIGHBORHENAME": "BADER", "lon": 46.714251, "lat": 24.544502, "rating_range": null }, "geometry": { "type": "Point", "coordinates": [ 46.714251, 24.544502 ] } },
{ "type": "Feature", "properties": { "name": "مطاعم كنوز الطائف البخاري", "categories": "Afghan Restaurant", "address": "المملكة العربية السعودية", "price": "Moderate", "likes": 0.0, "photos": "0", "tips": "0", "rating": null, "ratingSignals": null, "NEIGHBORHANAME": "بدر", "NEIGHBORHENAME": "BADER", "lon": 46.71398, "lat": 24.541212, "rating_range": null }, "geometry": { "type": "Point", "coordinates": [ 46.71398, 24.541212 ] } },
{ "type": "Feature", "properties": { "name": "الكوخ العربي", "categories": "Fast Food Restaurant", "address": "المملكة العربية السعودية", "price": "Cheap", "likes": 1.0, "photos": "1", "tips": "1", "rating": null, "ratingSignals": null, "NEIGHBORHANAME": "بدر", "NEIGHBORHENAME": "BADER", "lon": 46.711632994897862, "lat": 24.544828368322268, "rating_range": null }, "geometry": { "type": "Point", "coordinates": [ 46.711632994897862, 24.544828368322268 ] } },
{ "type": "Feature", "properties": { "name": "فولنا", "categories": "Arepa Restaurant", "address": "المملكة العربية السعودية", "price": "Cheap", "likes": 1.0, "photos": "1", "tips": "0", "rating": null, "ratingSignals": null, "NEIGHBORHANAME": "بدر", "NEIGHBORHENAME": "BADER", "lon": 46.712214, "lat": 24.545583, "rating_range": null }, "geometry": { "type": "Point", "coordinates": [ 46.712214, 24.545583 ] } },
{ "type": "Feature", "properties": { "name": "kitchen", "categories": "Halal Restaurant", "address": "المملكة العربية السعودية", "price": null, "likes": 0.0, "photos": "2", "tips": "0", "rating": null, "ratingSignals": null, "NEIGHBORHANAME": "بدر", "NEIGHBORHENAME": "BADER", "lon": 46.728667, "lat": 24.542351, "rating_range": null }, "geometry": { "type": "Point", "coordinates": [ 46.728667, 24.542351 ] } },
{ "type": "Feature", "properties": { "name": "KFC", "categories": "Fried Chicken Joint", "address": "7877 طريق ابن تيمية, الرياض 14724, المملكة العربية السعودية", "price": "Cheap", "likes": 22.0, "photos": "29", "tips": "2", "rating": 5.9, "ratingSignals": 45.0, "NEIGHBORHANAME": "بدر", "NEIGHBORHENAME": "BADER", "lon": 46.694370212089332, "lat": 24.545684846502265, "rating_range": "Medium (4–7)" }, "geometry": { "type": "Point", "coordinates": [ 46.694370212089332, 24.545684846502265 ] } },
{ "type": "Feature", "properties": { "name": "Shawaya house /بيت الشواية", "categories": "Comfort Food Restaurant", "address": "Manfuha (شارع الستين), الرياض, المملكة العربية السعودية", "price": null, "likes": 1.0, "photos": "0", "tips": "0", "rating": null, "ratingSignals": null, "NEIGHBORHANAME": "بدر", "NEIGHBORHENAME": "BADER", "lon": 46.693637281410751, "lat": 24.545115579601244, "rating_range": null }, "geometry": { "type": "Point", "coordinates": [ 46.693637281410751, 24.545115579601244 ] } },
{ "type": "Feature", "properties": { "name": "دانة الأرياف", "categories": "Bakery", "address": "الرياض 14724, المملكة العربية السعودية", "price": "Cheap", "likes": 0.0, "photos": "0", "tips": "0", "rating": null, "ratingSignals": null, "NEIGHBORHANAME": "بدر", "NEIGHBORHENAME": "BADER", "lon": 46.69221, "lat": 24.543083, "rating_range": null }, "geometry": { "type": "Point", "coordinates": [ 46.69221, 24.543083 ] } },
{ "type": "Feature", "properties": { "name": "برجر ياكريم", "categories": "Burger Joint", "address": "الرياض 14724, المملكة العربية السعودية", "price": "Cheap", "likes": 0.0, "photos": "0", "tips": "0", "rating": null, "ratingSignals": null, "NEIGHBORHANAME": "بدر", "NEIGHBORHENAME": "BADER", "lon": 46.691697, "lat": 24.54229, "rating_range": null }, "geometry": { "type": "Point", "coordinates": [ 46.691697, 24.54229 ] } },
{ "type": "Feature", "properties": { "name": "عصائر مز", "categories": "Juice Bar", "address": "حي بدر (طريق ابن تيمية), الرياض, المملكة العربية السعودية", "price": "Cheap", "likes": 27.0, "photos": "18", "tips": "2", "rating": 8.2, "ratingSignals": 32.0, "NEIGHBORHANAME": "بدر", "NEIGHBORHENAME": "BADER", "lon": 46.695786977967352, "lat": 24.54733587364769, "rating_range": "High (8–10)" }, "geometry": { "type": "Point", "coordinates": [ 46.695786977967352, 24.54733587364769 ] } },
{ "type": "Feature", "properties": { "name": "B1 Grilled Burger برجر مشوي", "categories": "Burger Joint", "address": "ALSHIFA, الرياض, المملكة العربية السعودية", "price": "Cheap", "likes": 11.0, "photos": "11", "tips": "2", "rating": 7.6, "ratingSignals": 14.0, "NEIGHBORHANAME": "بدر", "NEIGHBORHENAME": "BADER", "lon": 46.695161051504812, "lat": 24.546659772933445, "rating_range": "High (8–10)" }, "geometry": { "type": "Point", "coordinates": [ 46.695161051504812, 24.546659772933445 ] } },
{ "type": "Feature", "properties": { "name": "CAILCOFFEE & WAFFLES (كيل كافيه)", "categories": "Coffee Shop", "address": "الرياض 14724, المملكة العربية السعودية", "price": "Cheap", "likes": 5.0, "photos": "56", "tips": "0", "rating": null, "ratingSignals": null, "NEIGHBORHANAME": "بدر", "NEIGHBORHENAME": "BADER", "lon": 46.69733, "lat": 24.549274, "rating_range": null }, "geometry": { "type": "Point", "coordinates": [ 46.69733, 24.549274 ] } },
{ "type": "Feature", "properties": { "name": "مطعم اسطنبول الخضراء", "categories": "Turkish Restaurant", "address": "شارع ابن تيميه (الستين), الرياض 14724, المملكة العربية السعودية", "price": "Moderate", "likes": 4.0, "photos": "2", "tips": "1", "rating": null, "ratingSignals": null, "NEIGHBORHANAME": "بدر", "NEIGHBORHENAME": "BADER", "lon": 46.695164, "lat": 24.54627, "rating_range": null }, "geometry": { "type": "Point", "coordinates": [ 46.695164, 24.54627 ] } },
{ "type": "Feature", "properties": { "name": "Al Hatab Bakery (أفران الحطب)", "categories": "Bakery", "address": "Ibn Taymeeyah Rd, الرياض, المملكة العربية السعودية", "price": "Cheap", "likes": 29.0, "photos": "34", "tips": "4", "rating": 9.1, "ratingSignals": 32.0, "NEIGHBORHANAME": "بدر", "NEIGHBORHENAME": "BADER", "lon": 46.697818977275361, "lat": 24.549581244552101, "rating_range": "High (8–10)" }, "geometry": { "type": "Point", "coordinates": [ 46.697818977275361, 24.549581244552101 ] } },
{ "type": "Feature", "properties": { "name": "كودو", "categories": "Fast Food Restaurant", "address": "المملكة العربية السعودية", "price": "Cheap", "likes": 27.0, "photos": "11", "tips": "2", "rating": 8.1, "ratingSignals": 32.0, "NEIGHBORHANAME": "بدر", "NEIGHBORHENAME": "BADER", "lon": 46.697163365638296, "lat": 24.548957652939425, "rating_range": "High (8–10)" }, "geometry": { "type": "Point", "coordinates": [ 46.697163365638296, 24.548957652939425 ] } },
{ "type": "Feature", "properties": { "name": "كنافة الأردن", "categories": "Dessert Shop", "address": "الرياض, المملكة العربية السعودية", "price": "Cheap", "likes": 13.0, "photos": "15", "tips": "2", "rating": 7.4, "ratingSignals": 16.0, "NEIGHBORHANAME": "بدر", "NEIGHBORHENAME": "BADER", "lon": 46.694811948376341, "lat": 24.546264804229668, "rating_range": "High (8–10)" }, "geometry": { "type": "Point", "coordinates": [ 46.694811948376341, 24.546264804229668 ] } },
{ "type": "Feature", "properties": { "name": "pizza pastry istanbul", "categories": "Pizza Place, Fast Food Restaurant", "address": "المملكة العربية السعودية", "price": "Cheap", "likes": 12.0, "photos": "14", "tips": "2", "rating": 5.9, "ratingSignals": 24.0, "NEIGHBORHANAME": "بدر", "NEIGHBORHENAME": "BADER", "lon": 46.694712040432854, "lat": 24.54628301279817, "rating_range": "Medium (4–7)" }, "geometry": { "type": "Point", "coordinates": [ 46.694712040432854, 24.54628301279817 ] } },
{ "type": "Feature", "properties": { "name": "وقت الفلافل  Falafel time", "categories": "Falafel Restaurant", "address": "المملكة العربية السعودية", "price": "Cheap", "likes": 3.0, "photos": "1", "tips": "0", "rating": null, "ratingSignals": null, "NEIGHBORHANAME": "بدر", "NEIGHBORHENAME": "BADER", "lon": 46.697958682099888, "lat": 24.549184126691973, "rating_range": null }, "geometry": { "type": "Point", "coordinates": [ 46.697958682099888, 24.549184126691973 ] } },
{ "type": "Feature", "properties": { "name": "Broasted Al araby (العربي للبروستد)", "categories": "Fried Chicken Joint", "address": "حي بدر (ط ابن تيمة), الرياض, المملكة العربية السعودية", "price": "Cheap", "likes": 0.0, "photos": "1", "tips": "0", "rating": null, "ratingSignals": null, "NEIGHBORHANAME": "بدر", "NEIGHBORHENAME": "BADER", "lon": 46.697802, "lat": 24.55006, "rating_range": null }, "geometry": { "type": "Point", "coordinates": [ 46.697802, 24.55006 ] } },
{ "type": "Feature", "properties": { "name": "New Cafe (جديد القهوة)", "categories": "Coffee Shop", "address": "الرياض, المملكة العربية السعودية", "price": "Cheap", "likes": 3.0, "photos": "22", "tips": "0", "rating": null, "ratingSignals": null, "NEIGHBORHANAME": "بدر", "NEIGHBORHENAME": "BADER", "lon": 46.694925170745755, "lat": 24.546410903096302, "rating_range": null }, "geometry": { "type": "Point", "coordinates": [ 46.694925170745755, 24.546410903096302 ] } },
{ "type": "Feature", "properties": { "name": "كنتاكي", "categories": "Fried Chicken Joint", "address": "المملكة العربية السعودية", "price": "Cheap", "likes": 0.0, "photos": "0", "tips": "0", "rating": null, "ratingSignals": null, "NEIGHBORHANAME": "بدر", "NEIGHBORHENAME": "BADER", "lon": 46.694524176007178, "lat": 24.545566456580005, "rating_range": null }, "geometry": { "type": "Point", "coordinates": [ 46.694524176007178, 24.545566456580005 ] } },
{ "type": "Feature", "properties": { "name": "Iranian Shawarma & Grill (المشويات والشاورما الايراني)", "categories": "Shawarma Place", "address": "المملكة العربية السعودية", "price": null, "likes": 10.0, "photos": "7", "tips": "0", "rating": 7.4, "ratingSignals": 13.0, "NEIGHBORHANAME": "بدر", "NEIGHBORHENAME": "BADER", "lon": 46.698354986432221, "lat": 24.550734034599127, "rating_range": "High (8–10)" }, "geometry": { "type": "Point", "coordinates": [ 46.698354986432221, 24.550734034599127 ] } },
{ "type": "Feature", "properties": { "name": "قلعة الجود للمشويات الطازجة", "categories": "Steakhouse", "address": "المملكة العربية السعودية", "price": "Very Expensive", "likes": 6.0, "photos": "2", "tips": "0", "rating": 7.2, "ratingSignals": 8.0, "NEIGHBORHANAME": "بدر", "NEIGHBORHENAME": "BADER", "lon": 46.698694678357619, "lat": 24.551236046395772, "rating_range": "High (8–10)" }, "geometry": { "type": "Point", "coordinates": [ 46.698694678357619, 24.551236046395772 ] } },
{ "type": "Feature", "properties": { "name": "Falafel Time", "categories": "Breakfast Spot", "address": "المملكة العربية السعودية", "price": "Cheap", "likes": 1.0, "photos": "0", "tips": "0", "rating": null, "ratingSignals": null, "NEIGHBORHANAME": "بدر", "NEIGHBORHENAME": "BADER", "lon": 46.698013, "lat": 24.550148, "rating_range": null }, "geometry": { "type": "Point", "coordinates": [ 46.698013, 24.550148 ] } },
{ "type": "Feature", "properties": { "name": "عصائر عنوب", "categories": "Juice Bar", "address": "شارع الستين-حي الشفاء, الرياض, المملكة العربية السعودية", "price": "Cheap", "likes": 14.0, "photos": "30", "tips": "3", "rating": 7.7, "ratingSignals": 16.0, "NEIGHBORHANAME": "بدر", "NEIGHBORHENAME": "BADER", "lon": 46.698951965140544, "lat": 24.551206070715843, "rating_range": "High (8–10)" }, "geometry": { "type": "Point", "coordinates": [ 46.698951965140544, 24.551206070715843 ] } },
{ "type": "Feature", "properties": { "name": "مطعم بخاري الطائف", "categories": "Middle Eastern Restaurant", "address": "المملكة العربية السعودية", "price": "Moderate", "likes": 34.0, "photos": "7", "tips": "3", "rating": 7.8, "ratingSignals": 44.0, "NEIGHBORHANAME": "بدر", "NEIGHBORHENAME": "BADER", "lon": 46.707498439030893, "lat": 24.546345052721033, "rating_range": "High (8–10)" }, "geometry": { "type": "Point", "coordinates": [ 46.707498439030893, 24.546345052721033 ] } },
{ "type": "Feature", "properties": { "name": "Light Diet (لايت دايت)", "categories": "Restaurant", "address": "الرياض 14716, المملكة العربية السعودية", "price": "Moderate", "likes": 5.0, "photos": "96", "tips": "1", "rating": null, "ratingSignals": null, "NEIGHBORHANAME": "بدر", "NEIGHBORHENAME": "BADER", "lon": 46.706872635450793, "lat": 24.549301519848669, "rating_range": null }, "geometry": { "type": "Point", "coordinates": [ 46.706872635450793, 24.549301519848669 ] } },
{ "type": "Feature", "properties": { "name": "لقيمات نوره", "categories": "Dessert Shop", "address": "الرياض 14716, المملكة العربية السعودية", "price": "Cheap", "likes": 6.0, "photos": "6", "tips": "1", "rating": 7.3, "ratingSignals": 8.0, "NEIGHBORHANAME": "بدر", "NEIGHBORHENAME": "BADER", "lon": 46.70572, "lat": 24.55027, "rating_range": "High (8–10)" }, "geometry": { "type": "Point", "coordinates": [ 46.70572, 24.55027 ] } },
{ "type": "Feature", "properties": { "name": "بوفية صاص", "categories": "Sandwich Place", "address": "الرياض 14716, المملكة العربية السعودية", "price": "Cheap", "likes": 0.0, "photos": "0", "tips": "0", "rating": null, "ratingSignals": null, "NEIGHBORHANAME": "بدر", "NEIGHBORHENAME": "BADER", "lon": 46.706225, "lat": 24.549849, "rating_range": null }, "geometry": { "type": "Point", "coordinates": [ 46.706225, 24.549849 ] } },
{ "type": "Feature", "properties": { "name": "مطعم شاورما الشيف", "categories": "Middle Eastern Restaurant", "address": "3837 Imam Malek Road (Umm Ammarah), الرياض 14724, المملكة العربية السعودية", "price": "Moderate", "likes": 4.0, "photos": "13", "tips": "3", "rating": null, "ratingSignals": null, "NEIGHBORHANAME": "بدر", "NEIGHBORHENAME": "BADER", "lon": 46.707947, "lat": 24.548077, "rating_range": null }, "geometry": { "type": "Point", "coordinates": [ 46.707947, 24.548077 ] } },
{ "type": "Feature", "properties": { "name": "pizza slice", "categories": "Pizza Place", "address": "المملكة العربية السعودية", "price": "Cheap", "likes": 0.0, "photos": "2", "tips": "0", "rating": null, "ratingSignals": null, "NEIGHBORHANAME": "بدر", "NEIGHBORHENAME": "BADER", "lon": 46.701836937963151, "lat": 24.550773515503973, "rating_range": null }, "geometry": { "type": "Point", "coordinates": [ 46.701836937963151, 24.550773515503973 ] } },
{ "type": "Feature", "properties": { "name": "مطعم ديرتي لتكبير الكروش و تنفيخ الفخوذ", "categories": "Fast Food Restaurant", "address": "المملكة العربية السعودية", "price": "Moderate", "likes": 0.0, "photos": "0", "tips": "0", "rating": null, "ratingSignals": null, "NEIGHBORHANAME": "بدر", "NEIGHBORHENAME": "BADER", "lon": 46.707050323486328, "lat": 24.548662185668945, "rating_range": null }, "geometry": { "type": "Point", "coordinates": [ 46.707050323486328, 24.548662185668945 ] } },
{ "type": "Feature", "properties": { "name": "مطاعم الشراع", "categories": "Middle Eastern Restaurant", "address": "شارع ابن تيمية, الرياض, المملكة العربية السعودية", "price": "Moderate", "likes": 2.0, "photos": "3", "tips": "0", "rating": null, "ratingSignals": null, "NEIGHBORHANAME": "بدر", "NEIGHBORHENAME": "BADER", "lon": 46.703540257216709, "lat": 24.551216787144607, "rating_range": null }, "geometry": { "type": "Point", "coordinates": [ 46.703540257216709, 24.551216787144607 ] } },
{ "type": "Feature", "properties": { "name": "مطعم حضرموت للمطبق والمعصوب", "categories": "Afghan Restaurant", "address": "المملكة العربية السعودية", "price": "Moderate", "likes": 0.0, "photos": "0", "tips": "0", "rating": null, "ratingSignals": null, "NEIGHBORHANAME": "بدر", "NEIGHBORHENAME": "BADER", "lon": 46.70336, "lat": 24.5513, "rating_range": null }, "geometry": { "type": "Point", "coordinates": [ 46.70336, 24.5513 ] } },
{ "type": "Feature", "properties": { "name": "بوفية المملكة", "categories": "Breakfast Spot", "address": "المملكة العربية السعودية", "price": "Cheap", "likes": 0.0, "photos": "1", "tips": "0", "rating": null, "ratingSignals": null, "NEIGHBORHANAME": "بدر", "NEIGHBORHENAME": "BADER", "lon": 46.704370705347472, "lat": 24.549439221124622, "rating_range": null }, "geometry": { "type": "Point", "coordinates": [ 46.704370705347472, 24.549439221124622 ] } },
{ "type": "Feature", "properties": { "name": "البيتزا الساخنة", "categories": "Arepa Restaurant", "address": "المملكة العربية السعودية", "price": "Cheap", "likes": 2.0, "photos": "3", "tips": "1", "rating": null, "ratingSignals": null, "NEIGHBORHANAME": "بدر", "NEIGHBORHENAME": "BADER", "lon": 46.7111, "lat": 24.550594, "rating_range": null }, "geometry": { "type": "Point", "coordinates": [ 46.7111, 24.550594 ] } },
{ "type": "Feature", "properties": { "name": "تاج القهوة Taj Coffee", "categories": "Coffee Shop", "address": "حي بدر (طريق عرفات), الرياض, المملكة العربية السعودية", "price": "Cheap", "likes": 3.0, "photos": "2", "tips": "0", "rating": null, "ratingSignals": null, "NEIGHBORHANAME": "بدر", "NEIGHBORHENAME": "BADER", "lon": 46.71669, "lat": 24.543169, "rating_range": null }, "geometry": { "type": "Point", "coordinates": [ 46.71669, 24.543169 ] } },
{ "type": "Feature", "properties": { "name": "شاورما الدوحه", "categories": "Dutch Restaurant", "address": "الرياض 14716, المملكة العربية السعودية", "price": null, "likes": 0.0, "photos": "1", "tips": "0", "rating": null, "ratingSignals": null, "NEIGHBORHANAME": "بدر", "NEIGHBORHENAME": "BADER", "lon": 46.711283, "lat": 24.550787, "rating_range": null }, "geometry": { "type": "Point", "coordinates": [ 46.711283, 24.550787 ] } },
{ "type": "Feature", "properties": { "name": "VIM Esspresso Bar", "categories": "Coffee Shop", "address": "الرياض 14716, المملكة العربية السعودية", "price": "Cheap", "likes": 2.0, "photos": "3", "tips": "0", "rating": null, "ratingSignals": null, "NEIGHBORHANAME": "بدر", "NEIGHBORHENAME": "BADER", "lon": 46.711627, "lat": 24.550921, "rating_range": null }, "geometry": { "type": "Point", "coordinates": [ 46.711627, 24.550921 ] } },
{ "type": "Feature", "properties": { "name": "فوال الطائف", "categories": "Breakfast Spot", "address": "طريق عرفات, الشفا, المملكة العربية السعودية", "price": "Cheap", "likes": 24.0, "photos": "36", "tips": "1", "rating": 7.3, "ratingSignals": 34.0, "NEIGHBORHANAME": "بدر", "NEIGHBORHENAME": "BADER", "lon": 46.717485374468509, "lat": 24.544259888535038, "rating_range": "High (8–10)" }, "geometry": { "type": "Point", "coordinates": [ 46.717485374468509, 24.544259888535038 ] } },
{ "type": "Feature", "properties": { "name": "مطعم صاج الضيعة", "categories": "Restaurant", "address": "الرياض, المملكة العربية السعودية", "price": "Moderate", "likes": 2.0, "photos": "0", "tips": "0", "rating": null, "ratingSignals": null, "NEIGHBORHANAME": "بدر", "NEIGHBORHENAME": "BADER", "lon": 46.719085, "lat": 24.546128, "rating_range": null }, "geometry": { "type": "Point", "coordinates": [ 46.719085, 24.546128 ] } },
{ "type": "Feature", "properties": { "name": "فطائر روائع السنبلة", "categories": "Bakery", "address": "حي الشفا, الرياض, المملكة العربية السعودية", "price": "Cheap", "likes": 5.0, "photos": "0", "tips": "1", "rating": null, "ratingSignals": null, "NEIGHBORHANAME": "بدر", "NEIGHBORHENAME": "BADER", "lon": 46.718709944948642, "lat": 24.546550774617568, "rating_range": null }, "geometry": { "type": "Point", "coordinates": [ 46.718709944948642, 24.546550774617568 ] } },
{ "type": "Feature", "properties": { "name": "فلافل فيحاء دمشق", "categories": "Falafel Restaurant", "address": "حي بدر (طريق عرفات), الرياض, المملكة العربية السعودية", "price": "Cheap", "likes": 0.0, "photos": "0", "tips": "0", "rating": null, "ratingSignals": null, "NEIGHBORHANAME": "بدر", "NEIGHBORHENAME": "BADER", "lon": 46.719164, "lat": 24.546344, "rating_range": null }, "geometry": { "type": "Point", "coordinates": [ 46.719164, 24.546344 ] } },
{ "type": "Feature", "properties": { "name": "The Lab By Gastronomy", "categories": "Food Truck", "address": "Othman bin Affan Road (King Abdullah Road), الرياض, المملكة العربية السعودية", "price": "Cheap", "likes": 2.0, "photos": "3", "tips": "0", "rating": null, "ratingSignals": null, "NEIGHBORHANAME": "بدر", "NEIGHBORHENAME": "BADER", "lon": 46.718160044414759, "lat": 24.547640333303356, "rating_range": null }, "geometry": { "type": "Point", "coordinates": [ 46.718160044414759, 24.547640333303356 ] } },
{ "type": "Feature", "properties": { "name": "Fun Juice", "categories": "Juice Bar", "address": "الرياض 14716, المملكة العربية السعودية", "price": "Cheap", "likes": 0.0, "photos": "1", "tips": "0", "rating": null, "ratingSignals": null, "NEIGHBORHANAME": "بدر", "NEIGHBORHENAME": "BADER", "lon": 46.717703, "lat": 24.545051, "rating_range": null }, "geometry": { "type": "Point", "coordinates": [ 46.717703, 24.545051 ] } },
{ "type": "Feature", "properties": { "name": "شاورما الزاوية", "categories": "Arepa Restaurant", "address": "المملكة العربية السعودية", "price": "Cheap", "likes": 0.0, "photos": "0", "tips": "0", "rating": null, "ratingSignals": null, "NEIGHBORHANAME": "بدر", "NEIGHBORHENAME": "BADER", "lon": 46.721048641450778, "lat": 24.544741143676163, "rating_range": null }, "geometry": { "type": "Point", "coordinates": [ 46.721048641450778, 24.544741143676163 ] } },
{ "type": "Feature", "properties": { "name": "مطعم كنتاكي , KFC", "categories": "Fast Food Restaurant", "address": "الرياض 14716, المملكة العربية السعودية", "price": "Cheap", "likes": 5.0, "photos": "10", "tips": "0", "rating": null, "ratingSignals": null, "NEIGHBORHANAME": "بدر", "NEIGHBORHENAME": "BADER", "lon": 46.7213, "lat": 24.549766, "rating_range": null }, "geometry": { "type": "Point", "coordinates": [ 46.7213, 24.549766 ] } },
{ "type": "Feature", "properties": { "name": "Snack (تسالي)", "categories": "Burger Joint", "address": "المملكة العربية السعودية", "price": "Cheap", "likes": 1.0, "photos": "0", "tips": "0", "rating": null, "ratingSignals": null, "NEIGHBORHANAME": "بدر", "NEIGHBORHENAME": "BADER", "lon": 46.723658905848119, "lat": 24.5470267457478, "rating_range": null }, "geometry": { "type": "Point", "coordinates": [ 46.723658905848119, 24.5470267457478 ] } },
{ "type": "Feature", "properties": { "name": "فوال لواء الشمال", "categories": "Afghan Restaurant", "address": "المملكة العربية السعودية", "price": "Moderate", "likes": 1.0, "photos": "2", "tips": "1", "rating": null, "ratingSignals": null, "NEIGHBORHANAME": "بدر", "NEIGHBORHENAME": "BADER", "lon": 46.722428, "lat": 24.54984, "rating_range": null }, "geometry": { "type": "Point", "coordinates": [ 46.722428, 24.54984 ] } },
{ "type": "Feature", "properties": { "name": "Pizza Hut", "categories": "Pizza Place", "address": "Arafat Rd, Telal Al Shifaa, الرياض, المملكة العربية السعودية", "price": "Cheap", "likes": 0.0, "photos": "0", "tips": "0", "rating": null, "ratingSignals": null, "NEIGHBORHANAME": "بدر", "NEIGHBORHENAME": "BADER", "lon": 46.722346, "lat": 24.550003, "rating_range": null }, "geometry": { "type": "Point", "coordinates": [ 46.722346, 24.550003 ] } },
{ "type": "Feature", "properties": { "name": "ورق التوت", "categories": "Middle Eastern Restaurant", "address": "الرياض, المملكة العربية السعودية", "price": "Moderate", "likes": 65.0, "photos": "20", "tips": "11", "rating": 8.2, "ratingSignals": 77.0, "NEIGHBORHANAME": "بدر", "NEIGHBORHENAME": "BADER", "lon": 46.699650739709817, "lat": 24.552352199923575, "rating_range": "High (8–10)" }, "geometry": { "type": "Point", "coordinates": [ 46.699650739709817, 24.552352199923575 ] } },
{ "type": "Feature", "properties": { "name": "فرن الضيعة", "categories": "Bakery", "address": "الرياض 14716, المملكة العربية السعودية", "price": "Cheap", "likes": 17.0, "photos": "9", "tips": "5", "rating": 8.6, "ratingSignals": 18.0, "NEIGHBORHANAME": "بدر", "NEIGHBORHENAME": "BADER", "lon": 46.702617, "lat": 24.555703, "rating_range": "High (8–10)" }, "geometry": { "type": "Point", "coordinates": [ 46.702617, 24.555703 ] } },
{ "type": "Feature", "properties": { "name": "مطعم جنيه", "categories": "Fried Chicken Joint", "address": "المملكة العربية السعودية", "price": "Cheap", "likes": 6.0, "photos": "14", "tips": "0", "rating": null, "ratingSignals": null, "NEIGHBORHANAME": "بدر", "NEIGHBORHENAME": "BADER", "lon": 46.700992377333577, "lat": 24.553669250688927, "rating_range": null }, "geometry": { "type": "Point", "coordinates": [ 46.700992377333577, 24.553669250688927 ] } },
{ "type": "Feature", "properties": { "name": "مضغوط حاشي باشا", "categories": "Middle Eastern Restaurant", "address": "Ibn Taymyah St., الرياض 14724, المملكة العربية السعودية", "price": "Moderate", "likes": 4.0, "photos": "2", "tips": "1", "rating": null, "ratingSignals": null, "NEIGHBORHANAME": "بدر", "NEIGHBORHENAME": "BADER", "lon": 46.699943, "lat": 24.552443, "rating_range": null }, "geometry": { "type": "Point", "coordinates": [ 46.699943, 24.552443 ] } },
{ "type": "Feature", "properties": { "name": "بيتزا وفطائر على الطائر", "categories": "Pizza Place", "address": "المملكة العربية السعودية", "price": "Cheap", "likes": 2.0, "photos": "3", "tips": "0", "rating": null, "ratingSignals": null, "NEIGHBORHANAME": "بدر", "NEIGHBORHENAME": "BADER", "lon": 46.700091213828756, "lat": 24.552534985638125, "rating_range": null }, "geometry": { "type": "Point", "coordinates": [ 46.700091213828756, 24.552534985638125 ] } },
{ "type": "Feature", "properties": { "name": "الركن الشعبي للمطبق والمعصوب", "categories": "Middle Eastern Restaurant", "address": "حي بدر (ط ابن تيمية), الرياض, المملكة العربية السعودية", "price": "Moderate", "likes": 0.0, "photos": "1", "tips": "0", "rating": null, "ratingSignals": null, "NEIGHBORHANAME": "بدر", "NEIGHBORHENAME": "BADER", "lon": 46.701557, "lat": 24.554389, "rating_range": null }, "geometry": { "type": "Point", "coordinates": [ 46.701557, 24.554389 ] } },
{ "type": "Feature", "properties": { "name": "بوظة شامية", "categories": "Dessert Shop", "address": "المملكة العربية السعودية", "price": "Cheap", "likes": 0.0, "photos": "0", "tips": "1", "rating": null, "ratingSignals": null, "NEIGHBORHANAME": "بدر", "NEIGHBORHENAME": "BADER", "lon": 46.703441170575545, "lat": 24.556600537184057, "rating_range": null }, "geometry": { "type": "Point", "coordinates": [ 46.703441170575545, 24.556600537184057 ] } },
{ "type": "Feature", "properties": { "name": "بيت المانجة", "categories": "Juice Bar", "address": "حي بدر (ط ابن تيمية), الرياض, المملكة العربية السعودية", "price": "Cheap", "likes": 6.0, "photos": "4", "tips": "0", "rating": null, "ratingSignals": null, "NEIGHBORHANAME": "بدر", "NEIGHBORHENAME": "BADER", "lon": 46.701525534061453, "lat": 24.554534752761683, "rating_range": null }, "geometry": { "type": "Point", "coordinates": [ 46.701525534061453, 24.554534752761683 ] } },
{ "type": "Feature", "properties": { "name": "اطيب كبده", "categories": "Breakfast Spot", "address": "الرياض 14716, المملكة العربية السعودية", "price": "Cheap", "likes": 0.0, "photos": "0", "tips": "0", "rating": null, "ratingSignals": null, "NEIGHBORHANAME": "بدر", "NEIGHBORHENAME": "BADER", "lon": 46.701401, "lat": 24.55412, "rating_range": null }, "geometry": { "type": "Point", "coordinates": [ 46.701401, 24.55412 ] } },
{ "type": "Feature", "properties": { "name": "بيتزا شيخ البلد", "categories": "Pizza Place", "address": "شارع الستين الشفاء, الرياض, المملكة العربية السعودية", "price": "Cheap", "likes": 0.0, "photos": "1", "tips": "0", "rating": null, "ratingSignals": null, "NEIGHBORHANAME": "بدر", "NEIGHBORHENAME": "BADER", "lon": 46.702478624838982, "lat": 24.555517484930874, "rating_range": null }, "geometry": { "type": "Point", "coordinates": [ 46.702478624838982, 24.555517484930874 ] } },
{ "type": "Feature", "properties": { "name": "مجمع دستاران الطبي", "categories": "Swiss Restaurant", "address": "المملكة العربية السعودية", "price": "Expensive", "likes": 6.0, "photos": "5", "tips": "1", "rating": 7.1, "ratingSignals": 8.0, "NEIGHBORHANAME": "بدر", "NEIGHBORHENAME": "BADER", "lon": 46.712112, "lat": 24.551931, "rating_range": "High (8–10)" }, "geometry": { "type": "Point", "coordinates": [ 46.712112, 24.551931 ] } },
{ "type": "Feature", "properties": { "name": "4اسياخ", "categories": "Kebab Restaurant", "address": "الرياض 14716, المملكة العربية السعودية", "price": null, "likes": 0.0, "photos": "2", "tips": "0", "rating": null, "ratingSignals": null, "NEIGHBORHANAME": "بدر", "NEIGHBORHENAME": "BADER", "lon": 46.725276, "lat": 24.554067, "rating_range": null }, "geometry": { "type": "Point", "coordinates": [ 46.725276, 24.554067 ] } },
{ "type": "Feature", "properties": { "name": "البيك", "categories": "Fried Chicken Joint, Fast Food Restaurant", "address": "الرياض 14718, المملكة العربية السعودية", "price": "Cheap", "likes": 43.0, "photos": "73", "tips": "16", "rating": 9.0, "ratingSignals": 56.0, "NEIGHBORHANAME": "بدر", "NEIGHBORHENAME": "BADER", "lon": 46.727345019802506, "lat": 24.556192065526588, "rating_range": "High (8–10)" }, "geometry": { "type": "Point", "coordinates": [ 46.727345019802506, 24.556192065526588 ] } },
{ "type": "Feature", "properties": { "name": "قهوه المغرب", "categories": "Coffee Shop", "address": "المملكة العربية السعودية", "price": "Cheap", "likes": 5.0, "photos": "6", "tips": "1", "rating": 7.3, "ratingSignals": 8.0, "NEIGHBORHANAME": "بدر", "NEIGHBORHENAME": "BADER", "lon": 46.726764987237779, "lat": 24.556652826158643, "rating_range": "High (8–10)" }, "geometry": { "type": "Point", "coordinates": [ 46.726764987237779, 24.556652826158643 ] } },
{ "type": "Feature", "properties": { "name": "McDonald's", "categories": "Fast Food Restaurant, American Restaurant", "address": "حي بدر (طريق ابن تيمية), الرياض, المملكة العربية السعودية", "price": "Cheap", "likes": 44.0, "photos": "53", "tips": "4", "rating": 6.7, "ratingSignals": 74.0, "NEIGHBORHANAME": "بدر", "NEIGHBORHENAME": "BADER", "lon": 46.704999554913762, "lat": 24.558022087213882, "rating_range": "Medium (4–7)" }, "geometry": { "type": "Point", "coordinates": [ 46.704999554913762, 24.558022087213882 ] } },
{ "type": "Feature", "properties": { "name": "شواية الخليج", "categories": "Middle Eastern Restaurant", "address": "Alshifa (Ibn Taimeah St.), الرياض, المملكة العربية السعودية", "price": "Moderate", "likes": 13.0, "photos": "17", "tips": "4", "rating": 8.5, "ratingSignals": 14.0, "NEIGHBORHANAME": "بدر", "NEIGHBORHENAME": "BADER", "lon": 46.703758740943051, "lat": 24.557463590815047, "rating_range": "High (8–10)" }, "geometry": { "type": "Point", "coordinates": [ 46.703758740943051, 24.557463590815047 ] } },
{ "type": "Feature", "properties": { "name": "Saldwich", "categories": "Salad Place", "address": "Ibn Taymeeyah Rd, Ash Shifa, الرياض, المملكة العربية السعودية", "price": "Cheap", "likes": 2.0, "photos": "12", "tips": "0", "rating": null, "ratingSignals": null, "NEIGHBORHANAME": "بدر", "NEIGHBORHENAME": "BADER", "lon": 46.703714, "lat": 24.557228, "rating_range": null }, "geometry": { "type": "Point", "coordinates": [ 46.703714, 24.557228 ] } },
{ "type": "Feature", "properties": { "name": "Dunkin' Donuts", "categories": "Donut Shop", "address": "حي بدر (شارع ابن تيمية), الرياض, المملكة العربية السعودية", "price": "Cheap", "likes": 548.0, "photos": "845", "tips": "29", "rating": 8.8, "ratingSignals": 665.0, "NEIGHBORHANAME": "بدر", "NEIGHBORHENAME": "BADER", "lon": 46.705762680552454, "lat": 24.558614112046328, "rating_range": "High (8–10)" }, "geometry": { "type": "Point", "coordinates": [ 46.705762680552454, 24.558614112046328 ] } },
{ "type": "Feature", "properties": { "name": "أمبراطور الشورما", "categories": "Middle Eastern Restaurant", "address": "حي الشفا, الرياض, المملكة العربية السعودية", "price": "Moderate", "likes": 22.0, "photos": "11", "tips": "9", "rating": 7.7, "ratingSignals": 28.0, "NEIGHBORHANAME": "بدر", "NEIGHBORHENAME": "BADER", "lon": 46.70593674578253, "lat": 24.559594221223005, "rating_range": "High (8–10)" }, "geometry": { "type": "Point", "coordinates": [ 46.70593674578253, 24.559594221223005 ] } },
{ "type": "Feature", "properties": { "name": "Burger King", "categories": "Burger Joint", "address": "المملكة العربية السعودية", "price": "Cheap", "likes": 10.0, "photos": "9", "tips": "2", "rating": 7.3, "ratingSignals": 13.0, "NEIGHBORHANAME": "بدر", "NEIGHBORHENAME": "BADER", "lon": 46.705630559209673, "lat": 24.559400848117836, "rating_range": "High (8–10)" }, "geometry": { "type": "Point", "coordinates": [ 46.705630559209673, 24.559400848117836 ] } },
{ "type": "Feature", "properties": { "name": "الليوان", "categories": "Fast Food Restaurant", "address": "المملكة العربية السعودية", "price": "Cheap", "likes": 5.0, "photos": "11", "tips": "1", "rating": null, "ratingSignals": null, "NEIGHBORHANAME": "بدر", "NEIGHBORHENAME": "BADER", "lon": 46.70529553879625, "lat": 24.559260061036856, "rating_range": null }, "geometry": { "type": "Point", "coordinates": [ 46.70529553879625, 24.559260061036856 ] } },
{ "type": "Feature", "properties": { "name": "AANI & DANI (آني وداني)", "categories": "Dessert Shop", "address": "الرياض, المملكة العربية السعودية", "price": "Cheap", "likes": 14.0, "photos": "20", "tips": "1", "rating": 8.3, "ratingSignals": 15.0, "NEIGHBORHANAME": "بدر", "NEIGHBORHENAME": "BADER", "lon": 46.705307167770826, "lat": 24.559284137079512, "rating_range": "High (8–10)" }, "geometry": { "type": "Point", "coordinates": [ 46.705307167770826, 24.559284137079512 ] } },
{ "type": "Feature", "properties": { "name": "Ice Cream Rolls (ايسكريم رولز)", "categories": "Ice Cream Shop", "address": "شارع ابن تيمية, الرياض 14716, المملكة العربية السعودية", "price": "Cheap", "likes": 4.0, "photos": "10", "tips": "2", "rating": null, "ratingSignals": null, "NEIGHBORHANAME": "بدر", "NEIGHBORHENAME": "BADER", "lon": 46.705064, "lat": 24.558697, "rating_range": null }, "geometry": { "type": "Point", "coordinates": [ 46.705064, 24.558697 ] } },
{ "type": "Feature", "properties": { "name": "Kudu (كودو)", "categories": "Fast Food Restaurant", "address": "تقاطع المدارس مع الستين, الرياض, المملكة العربية السعودية", "price": "Cheap", "likes": 7.0, "photos": "16", "tips": "0", "rating": null, "ratingSignals": null, "NEIGHBORHANAME": "بدر", "NEIGHBORHENAME": "BADER", "lon": 46.707475570947686, "lat": 24.561417691727684, "rating_range": null }, "geometry": { "type": "Point", "coordinates": [ 46.707475570947686, 24.561417691727684 ] } },
{ "type": "Feature", "properties": { "name": "سنابل السلام", "categories": "Dessert Shop", "address": "المملكة العربية السعودية", "price": "Cheap", "likes": 1.0, "photos": "2", "tips": "0", "rating": null, "ratingSignals": null, "NEIGHBORHANAME": "بدر", "NEIGHBORHENAME": "BADER", "lon": 46.705130452599384, "lat": 24.559021015290519, "rating_range": null }, "geometry": { "type": "Point", "coordinates": [ 46.705130452599384, 24.559021015290519 ] } },
{ "type": "Feature", "properties": { "name": "فوال الطائف", "categories": "Breakfast Spot", "address": "الشفا (شارع الترمذي), الرياض, المملكة العربية السعودية", "price": "Cheap", "likes": 1.0, "photos": "2", "tips": "0", "rating": null, "ratingSignals": null, "NEIGHBORHANAME": "بدر", "NEIGHBORHENAME": "BADER", "lon": 46.711395, "lat": 24.55853, "rating_range": null }, "geometry": { "type": "Point", "coordinates": [ 46.711395, 24.55853 ] } },
{ "type": "Feature", "properties": { "name": "V12 Coffee", "categories": "Coffee Shop", "address": "الرياض 14716, المملكة العربية السعودية", "price": "Cheap", "likes": 0.0, "photos": "2", "tips": "0", "rating": null, "ratingSignals": null, "NEIGHBORHANAME": "بدر", "NEIGHBORHENAME": "BADER", "lon": 46.711351, "lat": 24.557913, "rating_range": null }, "geometry": { "type": "Point", "coordinates": [ 46.711351, 24.557913 ] } },
{ "type": "Feature", "properties": { "name": "بلاك هارت", "categories": "Coffee Shop", "address": "الرياض 14716, المملكة العربية السعودية", "price": "Cheap", "likes": 1.0, "photos": "3", "tips": "1", "rating": null, "ratingSignals": null, "NEIGHBORHANAME": "بدر", "NEIGHBORHENAME": "BADER", "lon": 46.712966, "lat": 24.557254, "rating_range": null }, "geometry": { "type": "Point", "coordinates": [ 46.712966, 24.557254 ] } },
{ "type": "Feature", "properties": { "name": "Akher Rashfa (آخر رشفة)", "categories": "Juice Bar", "address": "الرياض 14716, المملكة العربية السعودية", "price": "Cheap", "likes": 0.0, "photos": "1", "tips": "0", "rating": null, "ratingSignals": null, "NEIGHBORHANAME": "بدر", "NEIGHBORHENAME": "BADER", "lon": 46.712016, "lat": 24.55784, "rating_range": null }, "geometry": { "type": "Point", "coordinates": [ 46.712016, 24.55784 ] } },
{ "type": "Feature", "properties": { "name": "H-19 othaim mkt. alshifa", "categories": "Burger Joint", "address": "Othaim Mkt (Ben Tanmiya), Riyadh, المملكة العربية السعودية", "price": "Cheap", "likes": 5.0, "photos": "1", "tips": "2", "rating": 5.6, "ratingSignals": 10.0, "NEIGHBORHANAME": "بدر", "NEIGHBORHENAME": "BADER", "lon": 46.707614325988295, "lat": 24.561664617851108, "rating_range": "Medium (4–7)" }, "geometry": { "type": "Point", "coordinates": [ 46.707614325988295, 24.561664617851108 ] } },
{ "type": "Feature", "properties": { "name": "لا ميزون", "categories": "Bakery", "address": "الرياض 14716, المملكة العربية السعودية", "price": "Cheap", "likes": 0.0, "photos": "0", "tips": "0", "rating": null, "ratingSignals": null, "NEIGHBORHANAME": "بدر", "NEIGHBORHENAME": "BADER", "lon": 46.70631, "lat": 24.55994, "rating_range": null }, "geometry": { "type": "Point", "coordinates": [ 46.70631, 24.55994 ] } },
{ "type": "Feature", "properties": { "name": "Shawahe (شواهي)", "categories": "Tea Room", "address": "حي الشفا (طريق ابن تيمية), الرياض, المملكة العربية السعودية", "price": "Moderate", "likes": 0.0, "photos": "1", "tips": "0", "rating": null, "ratingSignals": null, "NEIGHBORHANAME": "بدر", "NEIGHBORHENAME": "BADER", "lon": 46.706346, "lat": 24.560181, "rating_range": null }, "geometry": { "type": "Point", "coordinates": [ 46.706346, 24.560181 ] } },
{ "type": "Feature", "properties": { "name": "مطعم أبو سامي للوجبات السريعة", "categories": "Fast Food Restaurant", "address": "المملكة العربية السعودية", "price": "Moderate", "likes": 4.0, "photos": "3", "tips": "0", "rating": null, "ratingSignals": null, "NEIGHBORHANAME": "بدر", "NEIGHBORHENAME": "BADER", "lon": 46.711510296399453, "lat": 24.558453579604613, "rating_range": null }, "geometry": { "type": "Point", "coordinates": [ 46.711510296399453, 24.558453579604613 ] } },
{ "type": "Feature", "properties": { "name": "الكريب الذهبي", "categories": "Coffee Shop", "address": "الرياض 14716, المملكة العربية السعودية", "price": "Cheap", "likes": 0.0, "photos": "2", "tips": "0", "rating": null, "ratingSignals": null, "NEIGHBORHANAME": "بدر", "NEIGHBORHENAME": "BADER", "lon": 46.706362, "lat": 24.560308, "rating_range": null }, "geometry": { "type": "Point", "coordinates": [ 46.706362, 24.560308 ] } },
{ "type": "Feature", "properties": { "name": "فوال الافغاني", "categories": "Breakfast Spot", "address": "الرياض 14716, المملكة العربية السعودية", "price": "Cheap", "likes": 1.0, "photos": "2", "tips": "1", "rating": null, "ratingSignals": null, "NEIGHBORHANAME": "بدر", "NEIGHBORHENAME": "BADER", "lon": 46.711171, "lat": 24.558365, "rating_range": null }, "geometry": { "type": "Point", "coordinates": [ 46.711171, 24.558365 ] } },
{ "type": "Feature", "properties": { "name": "مطعم القصر التركي", "categories": "Turkish Restaurant", "address": "المملكة العربية السعودية", "price": "Moderate", "likes": 5.0, "photos": "10", "tips": "4", "rating": 5.4, "ratingSignals": 11.0, "NEIGHBORHANAME": "بدر", "NEIGHBORHENAME": "BADER", "lon": 46.706937632115313, "lat": 24.560411097524032, "rating_range": "Medium (4–7)" }, "geometry": { "type": "Point", "coordinates": [ 46.706937632115313, 24.560411097524032 ] } },
{ "type": "Feature", "properties": { "name": "Burger King - Shifa", "categories": "Burger Joint", "address": "Nahr Al Barduni, Next to Sport Ghornata, Ash Shifa, الرياض 14716, المملكة العربية السعودية", "price": "Cheap", "likes": 0.0, "photos": "0", "tips": "0", "rating": null, "ratingSignals": null, "NEIGHBORHANAME": "بدر", "NEIGHBORHENAME": "BADER", "lon": 46.705847, "lat": 24.559312, "rating_range": null }, "geometry": { "type": "Point", "coordinates": [ 46.705847, 24.559312 ] } },
{ "type": "Feature", "properties": { "name": "turkish palace", "categories": "Turkish Restaurant", "address": "المملكة العربية السعودية", "price": "Moderate", "likes": 1.0, "photos": "4", "tips": "2", "rating": null, "ratingSignals": null, "NEIGHBORHANAME": "بدر", "NEIGHBORHENAME": "BADER", "lon": 46.706833820023462, "lat": 24.560237427854023, "rating_range": null }, "geometry": { "type": "Point", "coordinates": [ 46.706833820023462, 24.560237427854023 ] } },
{ "type": "Feature", "properties": { "name": "مخبز الديوان للتميس", "categories": "Bakery", "address": "Ar Riyadh (Al Muthana Ibn Haritha), المملكة العربية السعودية", "price": "Cheap", "likes": 0.0, "photos": "0", "tips": "0", "rating": null, "ratingSignals": null, "NEIGHBORHANAME": "بدر", "NEIGHBORHENAME": "BADER", "lon": 46.707239632151811, "lat": 24.558772771154747, "rating_range": null }, "geometry": { "type": "Point", "coordinates": [ 46.707239632151811, 24.558772771154747 ] } },
{ "type": "Feature", "properties": { "name": "فن الكنافة", "categories": "Dessert Shop", "address": "الشفا, الرياض, المملكة العربية السعودية", "price": "Cheap", "likes": 0.0, "photos": "3", "tips": "0", "rating": null, "ratingSignals": null, "NEIGHBORHANAME": "بدر", "NEIGHBORHENAME": "BADER", "lon": 46.704936, "lat": 24.558392, "rating_range": null }, "geometry": { "type": "Point", "coordinates": [ 46.704936, 24.558392 ] } },
{ "type": "Feature", "properties": { "name": "مطاعم سحابة الحجاز", "categories": "Middle Eastern Restaurant", "address": "Ibn Taymeeyah Road, الرياض 14716, المملكة العربية السعودية", "price": "Moderate", "likes": 0.0, "photos": "0", "tips": "0", "rating": null, "ratingSignals": null, "NEIGHBORHANAME": "بدر", "NEIGHBORHENAME": "BADER", "lon": 46.7071, "lat": 24.560678, "rating_range": null }, "geometry": { "type": "Point", "coordinates": [ 46.7071, 24.560678 ] } },
{ "type": "Feature", "properties": { "name": "Fuddruckers", "categories": "Fast Food Restaurant", "address": "العليا, الرياض, المملكة العربية السعودية", "price": "Moderate", "likes": 2.0, "photos": "1", "tips": "0", "rating": 7.6, "ratingSignals": 2.0, "NEIGHBORHANAME": "بدر", "NEIGHBORHENAME": "BADER", "lon": 46.7104, "lat": 24.5622, "rating_range": "High (8–10)" }, "geometry": { "type": "Point", "coordinates": [ 46.7104, 24.5622 ] } },
{ "type": "Feature", "properties": { "name": "Subway (صب واي)", "categories": "Sandwich Place", "address": "ط ابن تيمية, الرياض, المملكة العربية السعودية", "price": "Cheap", "likes": 3.0, "photos": "5", "tips": "0", "rating": null, "ratingSignals": null, "NEIGHBORHANAME": "بدر", "NEIGHBORHENAME": "BADER", "lon": 46.706579009437753, "lat": 24.558840325154382, "rating_range": null }, "geometry": { "type": "Point", "coordinates": [ 46.706579009437753, 24.558840325154382 ] } },
{ "type": "Feature", "properties": { "name": "بلح وعسل", "categories": "Pie Shop", "address": "Ash Shifa (Ibn Taimeyah), المملكة العربية السعودية", "price": null, "likes": 10.0, "photos": "1", "tips": "1", "rating": 6.5, "ratingSignals": 14.0, "NEIGHBORHANAME": "بدر", "NEIGHBORHENAME": "BADER", "lon": 46.702078, "lat": 24.555296, "rating_range": "Medium (4–7)" }, "geometry": { "type": "Point", "coordinates": [ 46.702078, 24.555296 ] } },
{ "type": "Feature", "properties": { "name": "مطاعم نكهات الشور", "categories": "Moroccan Restaurant", "address": "الرياض, المملكة العربية السعودية", "price": "Moderate", "likes": 3.0, "photos": "3", "tips": "0", "rating": null, "ratingSignals": null, "NEIGHBORHANAME": "بدر", "NEIGHBORHENAME": "BADER", "lon": 46.702181371807683, "lat": 24.555537374631843, "rating_range": null }, "geometry": { "type": "Point", "coordinates": [ 46.702181371807683, 24.555537374631843 ] } },
{ "type": "Feature", "properties": { "name": "ج س ت | ⁰ ⁹ ⁹ ¹ Just", "categories": "Coffee Shop", "address": "الرياض 14716, المملكة العربية السعودية", "price": "Cheap", "likes": 11.0, "photos": "57", "tips": "1", "rating": 8.6, "ratingSignals": 11.0, "NEIGHBORHANAME": "بدر", "NEIGHBORHENAME": "BADER", "lon": 46.709931, "lat": 24.564419, "rating_range": "High (8–10)" }, "geometry": { "type": "Point", "coordinates": [ 46.709931, 24.564419 ] } },
{ "type": "Feature", "properties": { "name": "باسكن وربنز Baskin Robbins", "categories": "Ice Cream Shop", "address": "المملكة العربية السعودية", "price": "Cheap", "likes": 5.0, "photos": "16", "tips": "1", "rating": 7.6, "ratingSignals": 6.0, "NEIGHBORHANAME": "بدر", "NEIGHBORHENAME": "BADER", "lon": 46.707744542531088, "lat": 24.562149428857008, "rating_range": "High (8–10)" }, "geometry": { "type": "Point", "coordinates": [ 46.707744542531088, 24.562149428857008 ] } },
{ "type": "Feature", "properties": { "name": "break fast", "categories": "Diner", "address": "المملكة العربية السعودية", "price": "Cheap", "likes": 0.0, "photos": "0", "tips": "0", "rating": null, "ratingSignals": null, "NEIGHBORHANAME": "بدر", "NEIGHBORHENAME": "BADER", "lon": 46.710006713867188, "lat": 24.562656402587887, "rating_range": null }, "geometry": { "type": "Point", "coordinates": [ 46.710006713867188, 24.562656402587887 ] } },
{ "type": "Feature", "properties": { "name": "حلويات ناصر العبيد", "categories": "Dessert Shop", "address": "الرياض, المملكة العربية السعودية", "price": "Cheap", "likes": 0.0, "photos": "0", "tips": "0", "rating": null, "ratingSignals": null, "NEIGHBORHANAME": "بدر", "NEIGHBORHENAME": "BADER", "lon": 46.708076, "lat": 24.562217, "rating_range": null }, "geometry": { "type": "Point", "coordinates": [ 46.708076, 24.562217 ] } },
{ "type": "Feature", "properties": { "name": "Copper Cafe (قهوة نحاسية)", "categories": "Coffee Shop", "address": "الرياض 14716, المملكة العربية السعودية", "price": "Cheap", "likes": 0.0, "photos": "0", "tips": "0", "rating": null, "ratingSignals": null, "NEIGHBORHANAME": "بدر", "NEIGHBORHENAME": "BADER", "lon": 46.710094, "lat": 24.56469, "rating_range": null }, "geometry": { "type": "Point", "coordinates": [ 46.710094, 24.56469 ] } },
{ "type": "Feature", "properties": { "name": "Jareer Patisserie (حلويات جرير)", "categories": "Pastry Shop", "address": "الرياض, المملكة العربية السعودية", "price": null, "likes": 5.0, "photos": "5", "tips": "0", "rating": null, "ratingSignals": null, "NEIGHBORHANAME": "ظهرة البديعة", "NEIGHBORHENAME": "DAHRAT AL-BADEAH", "lon": 46.630046460700207, "lat": 24.581114771287844, "rating_range": null }, "geometry": { "type": "Point", "coordinates": [ 46.630046460700207, 24.581114771287844 ] } },
{ "type": "Feature", "properties": { "name": "Al Hatab Bakery (أفران الحطب)", "categories": "Bakery", "address": "شارع حمزة بن عبدالمطلب, الرياض, المملكة العربية السعودية", "price": "Cheap", "likes": 69.0, "photos": "32", "tips": "6", "rating": 8.8, "ratingSignals": 77.0, "NEIGHBORHANAME": "ظهرة البديعة", "NEIGHBORHENAME": "DAHRAT AL-BADEAH", "lon": 46.628909317239284, "lat": 24.582581972597954, "rating_range": "High (8–10)" }, "geometry": { "type": "Point", "coordinates": [ 46.628909317239284, 24.582581972597954 ] } },
{ "type": "Feature", "properties": { "name": "FitHouse", "categories": "Comfort Food Restaurant", "address": "الرياض 12982, المملكة العربية السعودية", "price": null, "likes": 2.0, "photos": "18", "tips": "1", "rating": null, "ratingSignals": null, "NEIGHBORHANAME": "ظهرة البديعة", "NEIGHBORHENAME": "DAHRAT AL-BADEAH", "lon": 46.632152, "lat": 24.581755, "rating_range": null }, "geometry": { "type": "Point", "coordinates": [ 46.632152, 24.581755 ] } },
{ "type": "Feature", "properties": { "name": "مظغوط حاشيكم", "categories": "Restaurant", "address": "الرياض 12982, المملكة العربية السعودية", "price": "Moderate", "likes": 0.0, "photos": "0", "tips": "0", "rating": null, "ratingSignals": null, "NEIGHBORHANAME": "ظهرة البديعة", "NEIGHBORHENAME": "DAHRAT AL-BADEAH", "lon": 46.631611, "lat": 24.581494, "rating_range": null }, "geometry": { "type": "Point", "coordinates": [ 46.631611, 24.581494 ] } },
{ "type": "Feature", "properties": { "name": "AlDirah Restaurants & Kitchens (مطاعم ومطابخ الديرة)", "categories": "Middle Eastern Restaurant", "address": "AlBadiah District (AlNakheel), الرياض, المملكة العربية السعودية", "price": "Moderate", "likes": 2.0, "photos": "0", "tips": "0", "rating": null, "ratingSignals": null, "NEIGHBORHANAME": "ظهرة البديعة", "NEIGHBORHENAME": "DAHRAT AL-BADEAH", "lon": 46.632050764037714, "lat": 24.581516986402448, "rating_range": null }, "geometry": { "type": "Point", "coordinates": [ 46.632050764037714, 24.581516986402448 ] } },
{ "type": "Feature", "properties": { "name": "مشويات وردة مساء", "categories": "BBQ Joint", "address": "المملكة العربية السعودية", "price": "Moderate", "likes": 0.0, "photos": "1", "tips": "0", "rating": null, "ratingSignals": null, "NEIGHBORHANAME": "ظهرة البديعة", "NEIGHBORHENAME": "DAHRAT AL-BADEAH", "lon": 46.631607868997399, "lat": 24.58196231687689, "rating_range": null }, "geometry": { "type": "Point", "coordinates": [ 46.631607868997399, 24.58196231687689 ] } },
{ "type": "Feature", "properties": { "name": "القرية النجدية فرع البديعه", "categories": "Afghan Restaurant", "address": "المملكة العربية السعودية", "price": "Moderate", "likes": 0.0, "photos": "2", "tips": "0", "rating": null, "ratingSignals": null, "NEIGHBORHANAME": "ظهرة البديعة", "NEIGHBORHENAME": "DAHRAT AL-BADEAH", "lon": 46.631229400634773, "lat": 24.582321166992184, "rating_range": null }, "geometry": { "type": "Point", "coordinates": [ 46.631229400634773, 24.582321166992184 ] } },
{ "type": "Feature", "properties": { "name": "مخابز وحلويات هرفي", "categories": "Bakery", "address": "المملكة العربية السعودية", "price": "Cheap", "likes": 4.0, "photos": "1", "tips": "0", "rating": null, "ratingSignals": null, "NEIGHBORHANAME": "ظهرة البديعة", "NEIGHBORHENAME": "DAHRAT AL-BADEAH", "lon": 46.631174401064321, "lat": 24.581141069278846, "rating_range": null }, "geometry": { "type": "Point", "coordinates": [ 46.631174401064321, 24.581141069278846 ] } },
{ "type": "Feature", "properties": { "name": "Kermalak (كرمالك)", "categories": "Middle Eastern Restaurant", "address": "شارع الشيخ عبدالعزيز بن محمد بن علي (شارع حمزة بن عبدالمطلب), الرياض, المملكة العربية السعودية", "price": "Moderate", "likes": 120.0, "photos": "27", "tips": "46", "rating": 6.6, "ratingSignals": 187.0, "NEIGHBORHANAME": "ظهرة البديعة", "NEIGHBORHENAME": "DAHRAT AL-BADEAH", "lon": 46.634172154637461, "lat": 24.582947797411212, "rating_range": "Medium (4–7)" }, "geometry": { "type": "Point", "coordinates": [ 46.634172154637461, 24.582947797411212 ] } },
{ "type": "Feature", "properties": { "name": "1K - Speciality Coffee", "categories": "Coffee Shop", "address": "الرياض 12982, المملكة العربية السعودية", "price": "Cheap", "likes": 33.0, "photos": "228", "tips": "9", "rating": 8.0, "ratingSignals": 43.0, "NEIGHBORHANAME": "ظهرة البديعة", "NEIGHBORHENAME": "DAHRAT AL-BADEAH", "lon": 46.626912, "lat": 24.585412, "rating_range": "High (8–10)" }, "geometry": { "type": "Point", "coordinates": [ 46.626912, 24.585412 ] } },
{ "type": "Feature", "properties": { "name": "Domino's Pizza", "categories": "Pizza Place", "address": "6597-6659 Hamzah Ibn Abdul Muttalib St, Dhahrat Al Badiaah (طريق حمزة بن عبدالمطلب), الرياض 12982, المملكة العربية السعودية", "price": "Cheap", "likes": 20.0, "photos": "9", "tips": "3", "rating": 8.6, "ratingSignals": 22.0, "NEIGHBORHANAME": "ظهرة البديعة", "NEIGHBORHENAME": "DAHRAT AL-BADEAH", "lon": 46.626573, "lat": 24.585927, "rating_range": "High (8–10)" }, "geometry": { "type": "Point", "coordinates": [ 46.626573, 24.585927 ] } },
{ "type": "Feature", "properties": { "name": "مطعم شواية كرم البخاري", "categories": "Arepa Restaurant", "address": "المملكة العربية السعودية", "price": "Cheap", "likes": 3.0, "photos": "6", "tips": "1", "rating": null, "ratingSignals": null, "NEIGHBORHANAME": "ظهرة البديعة", "NEIGHBORHENAME": "DAHRAT AL-BADEAH", "lon": 46.625322, "lat": 24.587858, "rating_range": null }, "geometry": { "type": "Point", "coordinates": [ 46.625322, 24.587858 ] } },
{ "type": "Feature", "properties": { "name": "Grill Town مشوي المدينة", "categories": "Burger Joint", "address": "6659 حمزة بن عبدالمطلب, Dhahrat Al Badiah, الرياض 2209, المملكة العربية السعودية", "price": "Cheap", "likes": 0.0, "photos": "1", "tips": "0", "rating": null, "ratingSignals": null, "NEIGHBORHANAME": "ظهرة البديعة", "NEIGHBORHENAME": "DAHRAT AL-BADEAH", "lon": 46.626266241073608, "lat": 24.58640741376237, "rating_range": null }, "geometry": { "type": "Point", "coordinates": [ 46.626266241073608, 24.58640741376237 ] } },
{ "type": "Feature", "properties": { "name": "مطاعم النافورة", "categories": "Middle Eastern Restaurant", "address": "المملكة العربية السعودية", "price": "Moderate", "likes": 21.0, "photos": "7", "tips": "2", "rating": 5.5, "ratingSignals": 39.0, "NEIGHBORHANAME": "ظهرة البديعة", "NEIGHBORHENAME": "DAHRAT AL-BADEAH", "lon": 46.624933887802023, "lat": 24.588329035706984, "rating_range": "Medium (4–7)" }, "geometry": { "type": "Point", "coordinates": [ 46.624933887802023, 24.588329035706984 ] } },
{ "type": "Feature", "properties": { "name": "فروج الديوان", "categories": "Turkish Restaurant", "address": "المملكة العربية السعودية", "price": "Moderate", "likes": 1.0, "photos": "4", "tips": "1", "rating": null, "ratingSignals": null, "NEIGHBORHANAME": "ظهرة البديعة", "NEIGHBORHENAME": "DAHRAT AL-BADEAH", "lon": 46.636423385726509, "lat": 24.584223740517388, "rating_range": null }, "geometry": { "type": "Point", "coordinates": [ 46.636423385726509, 24.584223740517388 ] } },
{ "type": "Feature", "properties": { "name": "1K", "categories": "Coffee Shop", "address": "الرياض 12991, المملكة العربية السعودية", "price": "Cheap", "likes": 3.0, "photos": "27", "tips": "3", "rating": null, "ratingSignals": null, "NEIGHBORHANAME": "ظهرة البديعة", "NEIGHBORHENAME": "DAHRAT AL-BADEAH", "lon": 46.626866, "lat": 24.58514, "rating_range": null }, "geometry": { "type": "Point", "coordinates": [ 46.626866, 24.58514 ] } },
{ "type": "Feature", "properties": { "name": "واحد كيلو للقهوة المختصة", "categories": "Coffee Shop", "address": "Hamzah Ibn Abdul Muttalib St, الرياض 12982, المملكة العربية السعودية", "price": "Cheap", "likes": 0.0, "photos": "1", "tips": "0", "rating": null, "ratingSignals": null, "NEIGHBORHANAME": "ظهرة البديعة", "NEIGHBORHENAME": "DAHRAT AL-BADEAH", "lon": 46.626453, "lat": 24.585885, "rating_range": null }, "geometry": { "type": "Point", "coordinates": [ 46.626453, 24.585885 ] } },
{ "type": "Feature", "properties": { "name": "نجم البرجر", "categories": "Burger Joint", "address": "المملكة العربية السعودية", "price": "Cheap", "likes": 0.0, "photos": "5", "tips": "0", "rating": null, "ratingSignals": null, "NEIGHBORHANAME": "ظهرة البديعة", "NEIGHBORHENAME": "DAHRAT AL-BADEAH", "lon": 46.628074272858093, "lat": 24.583659078487788, "rating_range": null }, "geometry": { "type": "Point", "coordinates": [ 46.628074272858093, 24.583659078487788 ] } },
{ "type": "Feature", "properties": { "name": "فوال تﻻل الطائف", "categories": "Afghan Restaurant", "address": "المملكة العربية السعودية", "price": "Moderate", "likes": 1.0, "photos": "4", "tips": "0", "rating": null, "ratingSignals": null, "NEIGHBORHANAME": "ظهرة البديعة", "NEIGHBORHENAME": "DAHRAT AL-BADEAH", "lon": 46.630764007568359, "lat": 24.582820892333977, "rating_range": null }, "geometry": { "type": "Point", "coordinates": [ 46.630764007568359, 24.582820892333977 ] } },
{ "type": "Feature", "properties": { "name": "One Size", "categories": "Coffee Shop", "address": "الرياض 12982, المملكة العربية السعودية", "price": "Cheap", "likes": 60.0, "photos": "348", "tips": "16", "rating": 8.7, "ratingSignals": 71.0, "NEIGHBORHANAME": "ظهرة البديعة", "NEIGHBORHENAME": "DAHRAT AL-BADEAH", "lon": 46.639562238630184, "lat": 24.586945105653182, "rating_range": "High (8–10)" }, "geometry": { "type": "Point", "coordinates": [ 46.639562238630184, 24.586945105653182 ] } },
{ "type": "Feature", "properties": { "name": "Tannourain Restaurant (مطعم التنورين)", "categories": "Middle Eastern Restaurant", "address": "المملكة العربية السعودية", "price": "Moderate", "likes": 17.0, "photos": "5", "tips": "3", "rating": 7.7, "ratingSignals": 22.0, "NEIGHBORHANAME": "ظهرة البديعة", "NEIGHBORHENAME": "DAHRAT AL-BADEAH", "lon": 46.640574136863975, "lat": 24.586775650364523, "rating_range": "High (8–10)" }, "geometry": { "type": "Point", "coordinates": [ 46.640574136863975, 24.586775650364523 ] } },
{ "type": "Feature", "properties": { "name": "Mysterious Flavor", "categories": "Food Truck", "address": "الرياض 12994, المملكة العربية السعودية", "price": "Cheap", "likes": 0.0, "photos": "14", "tips": "0", "rating": null, "ratingSignals": null, "NEIGHBORHANAME": "ظهرة البديعة", "NEIGHBORHENAME": "DAHRAT AL-BADEAH", "lon": 46.637370523471013, "lat": 24.587711546977154, "rating_range": null }, "geometry": { "type": "Point", "coordinates": [ 46.637370523471013, 24.587711546977154 ] } },
{ "type": "Feature", "properties": { "name": "بيتزانا", "categories": "Pizza Place", "address": "المملكة العربية السعودية", "price": "Cheap", "likes": 3.0, "photos": "1", "tips": "0", "rating": null, "ratingSignals": null, "NEIGHBORHANAME": "ظهرة البديعة", "NEIGHBORHENAME": "DAHRAT AL-BADEAH", "lon": 46.638853, "lat": 24.585797, "rating_range": null }, "geometry": { "type": "Point", "coordinates": [ 46.638853, 24.585797 ] } },
{ "type": "Feature", "properties": { "name": "Ona Siza Cafe مقهى حجم واحد", "categories": "Coffee Shop", "address": "ظهرة البديعة (الشيخ عمر بن عبداللطيف بن عبدالرحمن), الرياض 12982, المملكة العربية السعودية", "price": "Cheap", "likes": 25.0, "photos": "158", "tips": "12", "rating": 8.4, "ratingSignals": 30.0, "NEIGHBORHANAME": "ظهرة البديعة", "NEIGHBORHENAME": "DAHRAT AL-BADEAH", "lon": 46.639543727664346, "lat": 24.586966087443376, "rating_range": "High (8–10)" }, "geometry": { "type": "Point", "coordinates": [ 46.639543727664346, 24.586966087443376 ] } },
{ "type": "Feature", "properties": { "name": "قصر الفلافل", "categories": "Falafel Restaurant", "address": "المملكة العربية السعودية", "price": "Cheap", "likes": 1.0, "photos": "7", "tips": "0", "rating": null, "ratingSignals": null, "NEIGHBORHANAME": "ظهرة البديعة", "NEIGHBORHENAME": "DAHRAT AL-BADEAH", "lon": 46.640226181922714, "lat": 24.586576961145273, "rating_range": null }, "geometry": { "type": "Point", "coordinates": [ 46.640226181922714, 24.586576961145273 ] } },
{ "type": "Feature", "properties": { "name": "مقهى الفضاء Space Cafe", "categories": "Coffee Shop", "address": "ظهرة البديعة (شارع الشيخ عمر بن عبداللطيف بن عبدالرحمن), الرياض 12982, المملكة العربية السعودية", "price": "Cheap", "likes": 1.0, "photos": "8", "tips": "2", "rating": null, "ratingSignals": null, "NEIGHBORHANAME": "ظهرة البديعة", "NEIGHBORHENAME": "DAHRAT AL-BADEAH", "lon": 46.639582, "lat": 24.586887, "rating_range": null }, "geometry": { "type": "Point", "coordinates": [ 46.639582, 24.586887 ] } },
{ "type": "Feature", "properties": { "name": "زاويه كافيه", "categories": "Coffee Shop", "address": "حي البديعة (شارع النخيل), الرياض, المملكة العربية السعودية", "price": "Cheap", "likes": 7.0, "photos": "35", "tips": "1", "rating": 6.4, "ratingSignals": 10.0, "NEIGHBORHANAME": "ظهرة البديعة", "NEIGHBORHENAME": "DAHRAT AL-BADEAH", "lon": 46.639725480027131, "lat": 24.586745412691521, "rating_range": "Medium (4–7)" }, "geometry": { "type": "Point", "coordinates": [ 46.639725480027131, 24.586745412691521 ] } },
{ "type": "Feature", "properties": { "name": "BONNE SANTE CAFA", "categories": "Dutch Restaurant", "address": "الرياض 12982, المملكة العربية السعودية", "price": null, "likes": 2.0, "photos": "12", "tips": "0", "rating": null, "ratingSignals": null, "NEIGHBORHANAME": "ظهرة البديعة", "NEIGHBORHENAME": "DAHRAT AL-BADEAH", "lon": 46.636933, "lat": 24.588242, "rating_range": null }, "geometry": { "type": "Point", "coordinates": [ 46.636933, 24.588242 ] } },
{ "type": "Feature", "properties": { "name": "Angle Cafe", "categories": "Coffee Shop", "address": "الرياض, المملكة العربية السعودية", "price": "Cheap", "likes": 4.0, "photos": "17", "tips": "1", "rating": null, "ratingSignals": null, "NEIGHBORHANAME": "ظهرة البديعة", "NEIGHBORHENAME": "DAHRAT AL-BADEAH", "lon": 46.639693678757716, "lat": 24.586690114379124, "rating_range": null }, "geometry": { "type": "Point", "coordinates": [ 46.639693678757716, 24.586690114379124 ] } },
{ "type": "Feature", "properties": { "name": "Angle Cafe", "categories": "Coffee Shop", "address": "الرياض, المملكة العربية السعودية", "price": "Cheap", "likes": 6.0, "photos": "179", "tips": "3", "rating": 6.8, "ratingSignals": 9.0, "NEIGHBORHANAME": "ظهرة البديعة", "NEIGHBORHENAME": "DAHRAT AL-BADEAH", "lon": 46.639694128761136, "lat": 24.586737629616316, "rating_range": "Medium (4–7)" }, "geometry": { "type": "Point", "coordinates": [ 46.639694128761136, 24.586737629616316 ] } },
{ "type": "Feature", "properties": { "name": "زاوية موطن زمان", "categories": "Coffee Shop", "address": "شارع الشيخ عمر بن عبداللطيف بن عبدالرحمن, الرياض 12982, المملكة العربية السعودية", "price": "Cheap", "likes": 0.0, "photos": "3", "tips": "0", "rating": null, "ratingSignals": null, "NEIGHBORHANAME": "ظهرة البديعة", "NEIGHBORHENAME": "DAHRAT AL-BADEAH", "lon": 46.639802, "lat": 24.586584, "rating_range": null }, "geometry": { "type": "Point", "coordinates": [ 46.639802, 24.586584 ] } },
{ "type": "Feature", "properties": { "name": "حلويات بلح وعسل", "categories": "Dessert Shop", "address": "المملكة العربية السعودية", "price": "Cheap", "likes": 2.0, "photos": "1", "tips": "0", "rating": null, "ratingSignals": null, "NEIGHBORHANAME": "ظهرة البديعة", "NEIGHBORHENAME": "DAHRAT AL-BADEAH", "lon": 46.638689949306574, "lat": 24.587643701038214, "rating_range": null }, "geometry": { "type": "Point", "coordinates": [ 46.638689949306574, 24.587643701038214 ] } },
{ "type": "Feature", "properties": { "name": "مطعم زاوية  السعيد", "categories": "Middle Eastern Restaurant", "address": "المملكة العربية السعودية", "price": "Moderate", "likes": 2.0, "photos": "0", "tips": "0", "rating": null, "ratingSignals": null, "NEIGHBORHANAME": "ظهرة البديعة", "NEIGHBORHENAME": "DAHRAT AL-BADEAH", "lon": 46.639277, "lat": 24.585975, "rating_range": null }, "geometry": { "type": "Point", "coordinates": [ 46.639277, 24.585975 ] } },
{ "type": "Feature", "properties": { "name": "FAROUJ ALDIWAN", "categories": "Restaurant", "address": "المملكة العربية السعودية", "price": "Moderate", "likes": 12.0, "photos": "8", "tips": "1", "rating": 7.1, "ratingSignals": 15.0, "NEIGHBORHANAME": "ظهرة البديعة", "NEIGHBORHENAME": "DAHRAT AL-BADEAH", "lon": 46.641163181478575, "lat": 24.587103487665811, "rating_range": "High (8–10)" }, "geometry": { "type": "Point", "coordinates": [ 46.641163181478575, 24.587103487665811 ] } },
{ "type": "Feature", "properties": { "name": "فلافل الشامية", "categories": "Falafel Restaurant", "address": "الرياض 12981, المملكة العربية السعودية", "price": "Cheap", "likes": 0.0, "photos": "0", "tips": "0", "rating": null, "ratingSignals": null, "NEIGHBORHANAME": "ظهرة البديعة", "NEIGHBORHENAME": "DAHRAT AL-BADEAH", "lon": 46.641734, "lat": 24.58765, "rating_range": null }, "geometry": { "type": "Point", "coordinates": [ 46.641734, 24.58765 ] } },
{ "type": "Feature", "properties": { "name": "Right Meal", "categories": "Food Truck", "address": "الرياض 12984, المملكة العربية السعودية", "price": "Cheap", "likes": 0.0, "photos": "0", "tips": "0", "rating": null, "ratingSignals": null, "NEIGHBORHANAME": "ظهرة البديعة", "NEIGHBORHENAME": "DAHRAT AL-BADEAH", "lon": 46.642224297564866, "lat": 24.587933858276763, "rating_range": null }, "geometry": { "type": "Point", "coordinates": [ 46.642224297564866, 24.587933858276763 ] } },
{ "type": "Feature", "properties": { "name": "Kammory (كاموري)", "categories": "Burger Joint", "address": "البديعة (النخيل), الرياض, المملكة العربية السعودية", "price": "Cheap", "likes": 7.0, "photos": "9", "tips": "6", "rating": 6.1, "ratingSignals": 11.0, "NEIGHBORHANAME": "ظهرة البديعة", "NEIGHBORHENAME": "DAHRAT AL-BADEAH", "lon": 46.641295917845575, "lat": 24.587292735713529, "rating_range": "Medium (4–7)" }, "geometry": { "type": "Point", "coordinates": [ 46.641295917845575, 24.587292735713529 ] } },
{ "type": "Feature", "properties": { "name": "سحاب للمشويات Sahaab Restaurant", "categories": "Middle Eastern Restaurant", "address": "Dharat Al-Badi'ah (Ash Shaikh Abul Aziz Ibn Mudammad St), الرياض 12981, المملكة العربية السعودية", "price": "Moderate", "likes": 1.0, "photos": "2", "tips": "0", "rating": null, "ratingSignals": null, "NEIGHBORHANAME": "ظهرة البديعة", "NEIGHBORHENAME": "DAHRAT AL-BADEAH", "lon": 46.640991, "lat": 24.587321, "rating_range": null }, "geometry": { "type": "Point", "coordinates": [ 46.640991, 24.587321 ] } },
{ "type": "Feature", "properties": { "name": "SUBWAY (صب واي)", "categories": "Sandwich Place", "address": "المملكة العربية السعودية", "price": "Cheap", "likes": 8.0, "photos": "1", "tips": "0", "rating": 7.9, "ratingSignals": 9.0, "NEIGHBORHANAME": "ظهرة البديعة", "NEIGHBORHENAME": "DAHRAT AL-BADEAH", "lon": 46.625794058415487, "lat": 24.589476990674161, "rating_range": "High (8–10)" }, "geometry": { "type": "Point", "coordinates": [ 46.625794058415487, 24.589476990674161 ] } },
{ "type": "Feature", "properties": { "name": "الرمان عصائر وبرستد", "categories": "Juice Bar, Fried Chicken Joint", "address": "شارع المدينة المنورة مخرج ٢٨ (شارع المدينة المنورة مع تقاطع حمزة), الرياض, المملكة العربية السعودية", "price": "Cheap", "likes": 145.0, "photos": "212", "tips": "43", "rating": 8.4, "ratingSignals": 178.0, "NEIGHBORHANAME": "ظهرة البديعة", "NEIGHBORHENAME": "DAHRAT AL-BADEAH", "lon": 46.626703264811212, "lat": 24.590123843126431, "rating_range": "High (8–10)" }, "geometry": { "type": "Point", "coordinates": [ 46.626703264811212, 24.590123843126431 ] } },
{ "type": "Feature", "properties": { "name": "Anoosh (أنوش Anoosh)", "categories": "Dessert Shop", "address": "طريق المدينة المنورة, الرياض, المملكة العربية السعودية", "price": "Cheap", "likes": 336.0, "photos": "90", "tips": "32", "rating": 9.3, "ratingSignals": 368.0, "NEIGHBORHANAME": "ظهرة البديعة", "NEIGHBORHENAME": "DAHRAT AL-BADEAH", "lon": 46.628981197171797, "lat": 24.591364496523848, "rating_range": "High (8–10)" }, "geometry": { "type": "Point", "coordinates": [ 46.628981197171797, 24.591364496523848 ] } },
{ "type": "Feature", "properties": { "name": "Maestro Pizza (مايسترو بيتزا)", "categories": "Pizza Place", "address": "طريق المدينه المنوره, الرياض, المملكة العربية السعودية", "price": "Cheap", "likes": 32.0, "photos": "4", "tips": "10", "rating": 8.2, "ratingSignals": 37.0, "NEIGHBORHANAME": "ظهرة البديعة", "NEIGHBORHENAME": "DAHRAT AL-BADEAH", "lon": 46.629808059409342, "lat": 24.591609627894737, "rating_range": "High (8–10)" }, "geometry": { "type": "Point", "coordinates": [ 46.629808059409342, 24.591609627894737 ] } },
{ "type": "Feature", "properties": { "name": "Baskin-Robbins", "categories": "Ice Cream Shop", "address": "طريق المدينة, المملكة العربية السعودية", "price": "Cheap", "likes": 49.0, "photos": "41", "tips": "0", "rating": 8.6, "ratingSignals": 57.0, "NEIGHBORHANAME": "ظهرة البديعة", "NEIGHBORHENAME": "DAHRAT AL-BADEAH", "lon": 46.630523245514745, "lat": 24.592269712712298, "rating_range": "High (8–10)" }, "geometry": { "type": "Point", "coordinates": [ 46.630523245514745, 24.592269712712298 ] } },
{ "type": "Feature", "properties": { "name": "بيت الفطيرة الدمشقية", "categories": "Arepa Restaurant", "address": "شارع المدينة (مقابل سنتر بوينت), الرياض, المملكة العربية السعودية", "price": "Cheap", "likes": 19.0, "photos": "5", "tips": "12", "rating": 7.3, "ratingSignals": 26.0, "NEIGHBORHANAME": "ظهرة البديعة", "NEIGHBORHENAME": "DAHRAT AL-BADEAH", "lon": 46.631792118863856, "lat": 24.593106197747932, "rating_range": "High (8–10)" }, "geometry": { "type": "Point", "coordinates": [ 46.631792118863856, 24.593106197747932 ] } },
{ "type": "Feature", "properties": { "name": "مخابز وحلويات شامي", "categories": "Bakery", "address": "المملكة العربية السعودية", "price": "Cheap", "likes": 1.0, "photos": "1", "tips": "0", "rating": null, "ratingSignals": null, "NEIGHBORHANAME": "ظهرة البديعة", "NEIGHBORHENAME": "DAHRAT AL-BADEAH", "lon": 46.629266244636362, "lat": 24.589155292531906, "rating_range": null }, "geometry": { "type": "Point", "coordinates": [ 46.629266244636362, 24.589155292531906 ] } },
{ "type": "Feature", "properties": { "name": "واحة الرمان للعصائر والبروستد", "categories": "Fast Food Restaurant", "address": "ظهرة البديعة - شارع المدينة المنورة (المدينة المنورة), الرياض, المملكة العربية السعودية", "price": "Cheap", "likes": 0.0, "photos": "0", "tips": "0", "rating": null, "ratingSignals": null, "NEIGHBORHANAME": "ظهرة البديعة", "NEIGHBORHENAME": "DAHRAT AL-BADEAH", "lon": 46.626298427581787, "lat": 24.590485399004454, "rating_range": null }, "geometry": { "type": "Point", "coordinates": [ 46.626298427581787, 24.590485399004454 ] } },
{ "type": "Feature", "properties": { "name": "مطاعم جفنة", "categories": "Restaurant", "address": "المملكة العربية السعودية", "price": "Moderate", "likes": 0.0, "photos": "0", "tips": "0", "rating": null, "ratingSignals": null, "NEIGHBORHANAME": "ظهرة البديعة", "NEIGHBORHENAME": "DAHRAT AL-BADEAH", "lon": 46.629449989856177, "lat": 24.589286093023048, "rating_range": null }, "geometry": { "type": "Point", "coordinates": [ 46.629449989856177, 24.589286093023048 ] } },
{ "type": "Feature", "properties": { "name": "AL RUMAN (الرمان)", "categories": "Juice Bar", "address": "الرياض 12974, المملكة العربية السعودية", "price": "Cheap", "likes": 2.0, "photos": "1", "tips": "0", "rating": null, "ratingSignals": null, "NEIGHBORHANAME": "ظهرة البديعة", "NEIGHBORHENAME": "DAHRAT AL-BADEAH", "lon": 46.62659, "lat": 24.590296, "rating_range": null }, "geometry": { "type": "Point", "coordinates": [ 46.62659, 24.590296 ] } },
{ "type": "Feature", "properties": { "name": "السرير الي اكل فيه", "categories": "Afghan Restaurant", "address": "المملكة العربية السعودية", "price": "Moderate", "likes": 1.0, "photos": "22", "tips": "0", "rating": null, "ratingSignals": null, "NEIGHBORHANAME": "ظهرة البديعة", "NEIGHBORHENAME": "DAHRAT AL-BADEAH", "lon": 46.638974, "lat": 24.590693, "rating_range": null }, "geometry": { "type": "Point", "coordinates": [ 46.638974, 24.590693 ] } },
{ "type": "Feature", "properties": { "name": "قهوة البيت الي مافيه مثلها", "categories": "Coffee Shop", "address": "المملكة العربية السعودية", "price": "Cheap", "likes": 1.0, "photos": "0", "tips": "0", "rating": null, "ratingSignals": null, "NEIGHBORHANAME": "ظهرة البديعة", "NEIGHBORHENAME": "DAHRAT AL-BADEAH", "lon": 46.638962, "lat": 24.590763, "rating_range": null }, "geometry": { "type": "Point", "coordinates": [ 46.638962, 24.590763 ] } },
{ "type": "Feature", "properties": { "name": "قهوة حصة الحلوه", "categories": "Coffee Shop", "address": "المملكة العربية السعودية", "price": "Cheap", "likes": 2.0, "photos": "6", "tips": "0", "rating": null, "ratingSignals": null, "NEIGHBORHANAME": "ظهرة البديعة", "NEIGHBORHENAME": "DAHRAT AL-BADEAH", "lon": 46.638999, "lat": 24.590747, "rating_range": null }, "geometry": { "type": "Point", "coordinates": [ 46.638999, 24.590747 ] } },
{ "type": "Feature", "properties": { "name": "Alrahayah Bakery (مخابز الرحاية)", "categories": "Bakery", "address": "المملكة العربية السعودية", "price": "Cheap", "likes": 2.0, "photos": "1", "tips": "0", "rating": null, "ratingSignals": null, "NEIGHBORHANAME": "ظهرة البديعة", "NEIGHBORHENAME": "DAHRAT AL-BADEAH", "lon": 46.647053, "lat": 24.590854, "rating_range": null }, "geometry": { "type": "Point", "coordinates": [ 46.647053, 24.590854 ] } },
{ "type": "Feature", "properties": { "name": "Indian Palace (قصر الهند)", "categories": "Indian Restaurant", "address": "Abyadh Albariqi, الرياض, المملكة العربية السعودية", "price": "Moderate", "likes": 162.0, "photos": "107", "tips": "48", "rating": 7.6, "ratingSignals": 231.0, "NEIGHBORHANAME": "ظهرة البديعة", "NEIGHBORHENAME": "DAHRAT AL-BADEAH", "lon": 46.652072625674322, "lat": 24.589818997165953, "rating_range": "High (8–10)" }, "geometry": { "type": "Point", "coordinates": [ 46.652072625674322, 24.589818997165953 ] } },
{ "type": "Feature", "properties": { "name": "Rose Sweets (حلويات روز)", "categories": "Cupcake Shop", "address": "شارع عائشة بنت ابي بكر, الرياض, المملكة العربية السعودية", "price": "Moderate", "likes": 94.0, "photos": "33", "tips": "23", "rating": 8.7, "ratingSignals": 111.0, "NEIGHBORHANAME": "ظهرة البديعة", "NEIGHBORHENAME": "DAHRAT AL-BADEAH", "lon": 46.649559615978404, "lat": 24.592435549780699, "rating_range": "High (8–10)" }, "geometry": { "type": "Point", "coordinates": [ 46.649559615978404, 24.592435549780699 ] } },
{ "type": "Feature", "properties": { "name": "Kudu (كودو)", "categories": "Breakfast Spot", "address": "الرياض, المملكة العربية السعودية", "price": "Cheap", "likes": 24.0, "photos": "16", "tips": "4", "rating": 8.5, "ratingSignals": 29.0, "NEIGHBORHANAME": "ظهرة البديعة", "NEIGHBORHENAME": "DAHRAT AL-BADEAH", "lon": 46.651279701211699, "lat": 24.590510327190088, "rating_range": "High (8–10)" }, "geometry": { "type": "Point", "coordinates": [ 46.651279701211699, 24.590510327190088 ] } },
{ "type": "Feature", "properties": { "name": "Burger King (برجركنج)", "categories": "Fast Food Restaurant", "address": "شارع عائشه بنت الي بكر, Riyadh, المملكة العربية السعودية", "price": "Cheap", "likes": 12.0, "photos": "12", "tips": "2", "rating": 6.4, "ratingSignals": 20.0, "NEIGHBORHANAME": "ظهرة البديعة", "NEIGHBORHENAME": "DAHRAT AL-BADEAH", "lon": 46.651587702576322, "lat": 24.590387049110152, "rating_range": "Medium (4–7)" }, "geometry": { "type": "Point", "coordinates": [ 46.651587702576322, 24.590387049110152 ] } },
{ "type": "Feature", "properties": { "name": "بيت الوناسه", "categories": "Dessert Shop", "address": "المملكة العربية السعودية", "price": "Cheap", "likes": 25.0, "photos": "10", "tips": "2", "rating": 8.1, "ratingSignals": 29.0, "NEIGHBORHANAME": "ظهرة البديعة", "NEIGHBORHENAME": "DAHRAT AL-BADEAH", "lon": 46.647953, "lat": 24.591483, "rating_range": "High (8–10)" }, "geometry": { "type": "Point", "coordinates": [ 46.647953, 24.591483 ] } },
{ "type": "Feature", "properties": { "name": "مدار الفطيره", "categories": "Cheese Shop, Bakery, Fast Food Restaurant", "address": "الرياض, المملكة العربية السعودية", "price": null, "likes": 0.0, "photos": "1", "tips": "0", "rating": null, "ratingSignals": null, "NEIGHBORHANAME": "ظهرة البديعة", "NEIGHBORHENAME": "DAHRAT AL-BADEAH", "lon": 46.648506630422865, "lat": 24.593560568840264, "rating_range": null }, "geometry": { "type": "Point", "coordinates": [ 46.648506630422865, 24.593560568840264 ] } },
{ "type": "Feature", "properties": { "name": "Burger King", "categories": "Fast Food Restaurant", "address": "Industrial City, الرياض, المملكة العربية السعودية", "price": "Cheap", "likes": 2.0, "photos": "14", "tips": "3", "rating": 6.4, "ratingSignals": 5.0, "NEIGHBORHANAME": "ظهرة البديعة", "NEIGHBORHENAME": "DAHRAT AL-BADEAH", "lon": 46.651560893330185, "lat": 24.59031358204545, "rating_range": "Medium (4–7)" }, "geometry": { "type": "Point", "coordinates": [ 46.651560893330185, 24.59031358204545 ] } },
{ "type": "Feature", "properties": { "name": "Burger King - Badia", "categories": "Burger Joint, Restaurant", "address": "Aisha Bint Abi Bakr St, Exit 25, Next to Theeb Rent Car, Dharath Al Badia, الرياض 12874, المملكة العربية السعودية", "price": "Cheap", "likes": 0.0, "photos": "0", "tips": "0", "rating": null, "ratingSignals": null, "NEIGHBORHANAME": "ظهرة البديعة", "NEIGHBORHENAME": "DAHRAT AL-BADEAH", "lon": 46.651724, "lat": 24.590299, "rating_range": null }, "geometry": { "type": "Point", "coordinates": [ 46.651724, 24.590299 ] } },
{ "type": "Feature", "properties": { "name": "حمص ابو زكي", "categories": "Breakfast Spot", "address": "شارع عائشة بنت ابي بكر, الرياض, المملكة العربية السعودية", "price": "Cheap", "likes": 1.0, "photos": "0", "tips": "0", "rating": null, "ratingSignals": null, "NEIGHBORHANAME": "ظهرة البديعة", "NEIGHBORHENAME": "DAHRAT AL-BADEAH", "lon": 46.649199479232131, "lat": 24.593049719334555, "rating_range": null }, "geometry": { "type": "Point", "coordinates": [ 46.649199479232131, 24.593049719334555 ] } },
{ "type": "Feature", "properties": { "name": "La Cucina Che Me Vicina", "categories": "Latin American Restaurant", "address": "المملكة العربية السعودية", "price": "Moderate", "likes": 0.0, "photos": "0", "tips": "0", "rating": null, "ratingSignals": null, "NEIGHBORHANAME": "ظهرة البديعة", "NEIGHBORHENAME": "DAHRAT AL-BADEAH", "lon": 46.653778, "lat": 24.592419, "rating_range": null }, "geometry": { "type": "Point", "coordinates": [ 46.653778, 24.592419 ] } },
{ "type": "Feature", "properties": { "name": "Iftaar's Gathering (مائدة الإفطار)", "categories": "Food Court", "address": "المملكة العربية السعودية", "price": null, "likes": 2.0, "photos": "7", "tips": "0", "rating": null, "ratingSignals": null, "NEIGHBORHANAME": "ظهرة البديعة", "NEIGHBORHENAME": "DAHRAT AL-BADEAH", "lon": 46.653717, "lat": 24.592416, "rating_range": null }, "geometry": { "type": "Point", "coordinates": [ 46.653717, 24.592416 ] } },
{ "type": "Feature", "properties": { "name": "kudu (كودو)", "categories": "Sandwich Place, Fast Food Restaurant, Breakfast Spot", "address": "الرياض, المملكة العربية السعودية", "price": "Cheap", "likes": 73.0, "photos": "24", "tips": "10", "rating": 7.4, "ratingSignals": 104.0, "NEIGHBORHANAME": "ظهرة البديعة", "NEIGHBORHENAME": "DAHRAT AL-BADEAH", "lon": 46.633076875446214, "lat": 24.593917635507339, "rating_range": "High (8–10)" }, "geometry": { "type": "Point", "coordinates": [ 46.633076875446214, 24.593917635507339 ] } },
{ "type": "Feature", "properties": { "name": "Sanabl Al Salam (سنابل السلام)", "categories": "Dessert Shop", "address": "طريق المدينة المنورة, الرياض, المملكة العربية السعودية", "price": "Cheap", "likes": 5.0, "photos": "3", "tips": "0", "rating": null, "ratingSignals": null, "NEIGHBORHANAME": "ظهرة البديعة", "NEIGHBORHENAME": "DAHRAT AL-BADEAH", "lon": 46.634788319601299, "lat": 24.596401186307673, "rating_range": null }, "geometry": { "type": "Point", "coordinates": [ 46.634788319601299, 24.596401186307673 ] } },
{ "type": "Feature", "properties": { "name": "سيارة ايسكريم", "categories": "Coffee Shop", "address": "المملكة العربية السعودية", "price": "Cheap", "likes": 1.0, "photos": "0", "tips": "0", "rating": null, "ratingSignals": null, "NEIGHBORHANAME": "ظهرة البديعة", "NEIGHBORHENAME": "DAHRAT AL-BADEAH", "lon": 46.63213, "lat": 24.59478, "rating_range": null }, "geometry": { "type": "Point", "coordinates": [ 46.63213, 24.59478 ] } },
{ "type": "Feature", "properties": { "name": "كون زون", "categories": "Food Stand", "address": "شارع المدينة, الرياض, المملكة العربية السعودية", "price": null, "likes": 5.0, "photos": "9", "tips": "0", "rating": null, "ratingSignals": null, "NEIGHBORHANAME": "ظهرة البديعة", "NEIGHBORHENAME": "DAHRAT AL-BADEAH", "lon": 46.633754, "lat": 24.594288, "rating_range": null }, "geometry": { "type": "Point", "coordinates": [ 46.633754, 24.594288 ] } },
{ "type": "Feature", "properties": { "name": "مطعم المحار الذهبي Golden Oyster", "categories": "Seafood Restaurant", "address": "ظهرة البديعة (شارع المدينة), الرياض, المملكة العربية السعودية", "price": "Expensive", "likes": 16.0, "photos": "12", "tips": "5", "rating": 6.4, "ratingSignals": 25.0, "NEIGHBORHANAME": "ظهرة البديعة", "NEIGHBORHENAME": "DAHRAT AL-BADEAH", "lon": 46.633397, "lat": 24.593966, "rating_range": "Medium (4–7)" }, "geometry": { "type": "Point", "coordinates": [ 46.633397, 24.593966 ] } },
{ "type": "Feature", "properties": { "name": "كوب الذرة", "categories": "Cafeteria", "address": "الرياض (طريق المدينة المنورة), البديعة, المملكة العربية السعودية", "price": null, "likes": 1.0, "photos": "1", "tips": "0", "rating": null, "ratingSignals": null, "NEIGHBORHANAME": "ظهرة البديعة", "NEIGHBORHENAME": "DAHRAT AL-BADEAH", "lon": 46.636, "lat": 24.596, "rating_range": null }, "geometry": { "type": "Point", "coordinates": [ 46.636, 24.596 ] } },
{ "type": "Feature", "properties": { "name": "ليتل سيزرز", "categories": "Fast Food Restaurant", "address": "طريق المدينة, الرياض, المملكة العربية السعودية", "price": "Cheap", "likes": 1.0, "photos": "2", "tips": "1", "rating": null, "ratingSignals": null, "NEIGHBORHANAME": "ظهرة البديعة", "NEIGHBORHENAME": "DAHRAT AL-BADEAH", "lon": 46.635, "lat": 24.595225, "rating_range": null }, "geometry": { "type": "Point", "coordinates": [ 46.635, 24.595225 ] } },
{ "type": "Feature", "properties": { "name": "حلويات الشهد", "categories": "Dessert Shop", "address": "المملكة العربية السعودية", "price": "Cheap", "likes": 0.0, "photos": "0", "tips": "0", "rating": null, "ratingSignals": null, "NEIGHBORHANAME": "ظهرة البديعة", "NEIGHBORHENAME": "DAHRAT AL-BADEAH", "lon": 46.633747, "lat": 24.594085, "rating_range": null }, "geometry": { "type": "Point", "coordinates": [ 46.633747, 24.594085 ] } },
{ "type": "Feature", "properties": { "name": "الشراع AlSheraa", "categories": "Burger Joint", "address": "المملكة العربية السعودية", "price": "Cheap", "likes": 0.0, "photos": "2", "tips": "0", "rating": null, "ratingSignals": null, "NEIGHBORHANAME": "ظهرة البديعة", "NEIGHBORHENAME": "DAHRAT AL-BADEAH", "lon": 46.634057975968894, "lat": 24.594770822505758, "rating_range": null }, "geometry": { "type": "Point", "coordinates": [ 46.634057975968894, 24.594770822505758 ] } },
{ "type": "Feature", "properties": { "name": "مطعم بكين الصيني", "categories": "Asian Restaurant, Chinese Restaurant", "address": "المملكة العربية السعودية", "price": "Moderate", "likes": 15.0, "photos": "37", "tips": "8", "rating": 6.6, "ratingSignals": 22.0, "NEIGHBORHANAME": "ظهرة البديعة", "NEIGHBORHENAME": "DAHRAT AL-BADEAH", "lon": 46.635949644265366, "lat": 24.595412281476364, "rating_range": "Medium (4–7)" }, "geometry": { "type": "Point", "coordinates": [ 46.635949644265366, 24.595412281476364 ] } },
{ "type": "Feature", "properties": { "name": "حديقة أمي هيا", "categories": "Dutch Restaurant", "address": "الرياض 12972, المملكة العربية السعودية", "price": null, "likes": 2.0, "photos": "5", "tips": "0", "rating": null, "ratingSignals": null, "NEIGHBORHANAME": "ظهرة البديعة", "NEIGHBORHENAME": "DAHRAT AL-BADEAH", "lon": 46.6311, "lat": 24.595576, "rating_range": null }, "geometry": { "type": "Point", "coordinates": [ 46.6311, 24.595576 ] } },
{ "type": "Feature", "properties": { "name": "أسماك النافورة", "categories": "Fish & Chips Shop", "address": "المملكة العربية السعودية", "price": "Cheap", "likes": 1.0, "photos": "2", "tips": "0", "rating": null, "ratingSignals": null, "NEIGHBORHANAME": "ظهرة البديعة", "NEIGHBORHENAME": "DAHRAT AL-BADEAH", "lon": 46.625115667635157, "lat": 24.588347745584858, "rating_range": null }, "geometry": { "type": "Point", "coordinates": [ 46.625115667635157, 24.588347745584858 ] } },
{ "type": "Feature", "properties": { "name": "Baskin-Robbins", "categories": "Ice Cream Shop", "address": "الرياض 12974, المملكة العربية السعودية", "price": "Cheap", "likes": 1.0, "photos": "2", "tips": "0", "rating": 7.7, "ratingSignals": 1.0, "NEIGHBORHANAME": "ظهرة البديعة", "NEIGHBORHENAME": "DAHRAT AL-BADEAH", "lon": 46.630542, "lat": 24.59278, "rating_range": "High (8–10)" }, "geometry": { "type": "Point", "coordinates": [ 46.630542, 24.59278 ] } },
{ "type": "Feature", "properties": { "name": "فطيرة الفلافل", "categories": "Breakfast Spot", "address": "طريق المدينة المنورة, الرياض 12972, المملكة العربية السعودية", "price": "Cheap", "likes": 1.0, "photos": "1", "tips": "0", "rating": null, "ratingSignals": null, "NEIGHBORHANAME": "ظهرة البديعة", "NEIGHBORHENAME": "DAHRAT AL-BADEAH", "lon": 46.636132, "lat": 24.596118, "rating_range": null }, "geometry": { "type": "Point", "coordinates": [ 46.636132, 24.596118 ] } },
{ "type": "Feature", "properties": { "name": "شواية الخليج", "categories": "Middle Eastern Restaurant", "address": "Madina Munwarah Rd, المملكة العربية السعودية", "price": "Moderate", "likes": 99.0, "photos": "23", "tips": "16", "rating": 9.0, "ratingSignals": 113.0, "NEIGHBORHANAME": "ظهرة البديعة", "NEIGHBORHENAME": "DAHRAT AL-BADEAH", "lon": 46.636471476795435, "lat": 24.596172017171128, "rating_range": "High (8–10)" }, "geometry": { "type": "Point", "coordinates": [ 46.636471476795435, 24.596172017171128 ] } },
{ "type": "Feature", "properties": { "name": "بوظة التوت الشامي", "categories": "Snack Place", "address": "الرياض 12981, المملكة العربية السعودية", "price": "Cheap", "likes": 0.0, "photos": "3", "tips": "0", "rating": null, "ratingSignals": null, "NEIGHBORHANAME": "ظهرة البديعة", "NEIGHBORHENAME": "DAHRAT AL-BADEAH", "lon": 46.636826, "lat": 24.596219, "rating_range": null }, "geometry": { "type": "Point", "coordinates": [ 46.636826, 24.596219 ] } },
{ "type": "Feature", "properties": { "name": "البوظة الشامية", "categories": "Ice Cream Shop", "address": "طريق المدينة, المملكة العربية السعودية", "price": "Cheap", "likes": 0.0, "photos": "0", "tips": "0", "rating": null, "ratingSignals": null, "NEIGHBORHANAME": "ظهرة البديعة", "NEIGHBORHENAME": "DAHRAT AL-BADEAH", "lon": 46.637559010739658, "lat": 24.5965943876026, "rating_range": null }, "geometry": { "type": "Point", "coordinates": [ 46.637559010739658, 24.5965943876026 ] } },
{ "type": "Feature", "properties": { "name": "بيتزا وفطائر فهد ( فطائر تركيا )", "categories": "Pizza Place", "address": "الرياض 12981, المملكة العربية السعودية", "price": "Cheap", "likes": 3.0, "photos": "1", "tips": "1", "rating": null, "ratingSignals": null, "NEIGHBORHANAME": "ظهرة البديعة", "NEIGHBORHENAME": "DAHRAT AL-BADEAH", "lon": 46.639317, "lat": 24.597559, "rating_range": null }, "geometry": { "type": "Point", "coordinates": [ 46.639317, 24.597559 ] } },
{ "type": "Feature", "properties": { "name": "ايسكريم لولو للبوظه الشاميه", "categories": "Ice Cream Shop", "address": "حي البديعة (طريق المدينة المنورة), الرياض, المملكة العربية السعودية", "price": "Cheap", "likes": 2.0, "photos": "2", "tips": "0", "rating": null, "ratingSignals": null, "NEIGHBORHANAME": "ظهرة البديعة", "NEIGHBORHENAME": "DAHRAT AL-BADEAH", "lon": 46.637526025416243, "lat": 24.596630801720334, "rating_range": null }, "geometry": { "type": "Point", "coordinates": [ 46.637526025416243, 24.596630801720334 ] } },
{ "type": "Feature", "properties": { "name": "Tom Tom (توم توم)", "categories": "Fast Food Restaurant, Burger Joint", "address": "شارع المدينة المنورة, الرياض, المملكة العربية السعودية", "price": "Cheap", "likes": 16.0, "photos": "9", "tips": "5", "rating": 6.7, "ratingSignals": 23.0, "NEIGHBORHANAME": "ظهرة البديعة", "NEIGHBORHENAME": "DAHRAT AL-BADEAH", "lon": 46.63718346883303, "lat": 24.596545758797905, "rating_range": "Medium (4–7)" }, "geometry": { "type": "Point", "coordinates": [ 46.63718346883303, 24.596545758797905 ] } },
{ "type": "Feature", "properties": { "name": "Shami", "categories": "Bakery", "address": "الرياض 12972, المملكة العربية السعودية", "price": "Cheap", "likes": 0.0, "photos": "0", "tips": "0", "rating": null, "ratingSignals": null, "NEIGHBORHANAME": "ظهرة البديعة", "NEIGHBORHENAME": "DAHRAT AL-BADEAH", "lon": 46.637475, "lat": 24.596914, "rating_range": null }, "geometry": { "type": "Point", "coordinates": [ 46.637475, 24.596914 ] } },
{ "type": "Feature", "properties": { "name": "Hungry Bunny (الأرنب الجائع)", "categories": "Fast Food Restaurant", "address": "البديعة (طريق المدينة المنورة), الرياض, المملكة العربية السعودية", "price": "Cheap", "likes": 1.0, "photos": "3", "tips": "2", "rating": null, "ratingSignals": null, "NEIGHBORHANAME": "ظهرة البديعة", "NEIGHBORHENAME": "DAHRAT AL-BADEAH", "lon": 46.638812469190427, "lat": 24.597191257647726, "rating_range": null }, "geometry": { "type": "Point", "coordinates": [ 46.638812469190427, 24.597191257647726 ] } },
{ "type": "Feature", "properties": { "name": "GelaShake", "categories": "Juice Bar", "address": "المملكة العربية السعودية", "price": "Cheap", "likes": 0.0, "photos": "0", "tips": "0", "rating": null, "ratingSignals": null, "NEIGHBORHANAME": "ظهرة البديعة", "NEIGHBORHENAME": "DAHRAT AL-BADEAH", "lon": 46.638645, "lat": 24.597283, "rating_range": null }, "geometry": { "type": "Point", "coordinates": [ 46.638645, 24.597283 ] } },
{ "type": "Feature", "properties": { "name": "Angle Cafe 2", "categories": "Coffee Shop", "address": "ظهرة البديعه (طريق المدينه), الرياض, المملكة العربية السعودية", "price": "Cheap", "likes": 2.0, "photos": "9", "tips": "1", "rating": null, "ratingSignals": null, "NEIGHBORHANAME": "ظهرة البديعة", "NEIGHBORHENAME": "DAHRAT AL-BADEAH", "lon": 46.637097218196438, "lat": 24.596694492425687, "rating_range": null }, "geometry": { "type": "Point", "coordinates": [ 46.637097218196438, 24.596694492425687 ] } },
{ "type": "Feature", "properties": { "name": "essence coffee (ايسنس كوفي)", "categories": "Coffee Shop", "address": "المدينة المنورة - البديعة مول 2, الرياض, المملكة العربية السعودية", "price": "Cheap", "likes": 1.0, "photos": "5", "tips": "0", "rating": null, "ratingSignals": null, "NEIGHBORHANAME": "ظهرة البديعة", "NEIGHBORHENAME": "DAHRAT AL-BADEAH", "lon": 46.6399, "lat": 24.5976, "rating_range": null }, "geometry": { "type": "Point", "coordinates": [ 46.6399, 24.5976 ] } },
{ "type": "Feature", "properties": { "name": "Dajen l داجن", "categories": "Fried Chicken Joint", "address": "3381 المدينة المنورة (Madinah Munawara Road), الرياض 7814, المملكة العربية السعودية", "price": "Cheap", "likes": 22.0, "photos": "12", "tips": "30", "rating": 8.1, "ratingSignals": 29.0, "NEIGHBORHANAME": "ظهرة البديعة", "NEIGHBORHENAME": "DAHRAT AL-BADEAH", "lon": 46.638053793208115, "lat": 24.596735775482102, "rating_range": "High (8–10)" }, "geometry": { "type": "Point", "coordinates": [ 46.638053793208115, 24.596735775482102 ] } },
{ "type": "Feature", "properties": { "name": "Zedni", "categories": "Fast Food Restaurant", "address": "المملكة العربية السعودية", "price": "Cheap", "likes": 0.0, "photos": "0", "tips": "0", "rating": null, "ratingSignals": null, "NEIGHBORHANAME": "ظهرة البديعة", "NEIGHBORHENAME": "DAHRAT AL-BADEAH", "lon": 46.63749, "lat": 24.5962, "rating_range": null }, "geometry": { "type": "Point", "coordinates": [ 46.63749, 24.5962 ] } },
{ "type": "Feature", "properties": { "name": "شجرة البندق", "categories": "Dessert Shop", "address": "المملكة العربية السعودية", "price": "Cheap", "likes": 1.0, "photos": "0", "tips": "0", "rating": null, "ratingSignals": null, "NEIGHBORHANAME": "ظهرة البديعة", "NEIGHBORHENAME": "DAHRAT AL-BADEAH", "lon": 46.639041, "lat": 24.597834, "rating_range": null }, "geometry": { "type": "Point", "coordinates": [ 46.639041, 24.597834 ] } },
{ "type": "Feature", "properties": { "name": "Usta Shawarma (اسطا الشاورما)", "categories": "Shawarma Place", "address": "4438 Al Madinah Almunawarah Rd 12972-7062, الرياض 12972, المملكة العربية السعودية", "price": null, "likes": 2.0, "photos": "5", "tips": "5", "rating": null, "ratingSignals": null, "NEIGHBORHANAME": "ظهرة البديعة", "NEIGHBORHENAME": "DAHRAT AL-BADEAH", "lon": 46.638851165771491, "lat": 24.597841046057489, "rating_range": null }, "geometry": { "type": "Point", "coordinates": [ 46.638851165771491, 24.597841046057489 ] } },
{ "type": "Feature", "properties": { "name": "ركن هاشم", "categories": "Falafel Restaurant", "address": "Al-madina Al-munawar Road, الرياض 12972, المملكة العربية السعودية", "price": "Cheap", "likes": 2.0, "photos": "0", "tips": "0", "rating": null, "ratingSignals": null, "NEIGHBORHANAME": "ظهرة البديعة", "NEIGHBORHENAME": "DAHRAT AL-BADEAH", "lon": 46.638607, "lat": 24.597644, "rating_range": null }, "geometry": { "type": "Point", "coordinates": [ 46.638607, 24.597644 ] } },
{ "type": "Feature", "properties": { "name": "ارض الحمام", "categories": "African Restaurant", "address": "المملكة العربية السعودية", "price": "Moderate", "likes": 9.0, "photos": "2", "tips": "0", "rating": 6.9, "ratingSignals": 12.0, "NEIGHBORHANAME": "ظهرة البديعة", "NEIGHBORHENAME": "DAHRAT AL-BADEAH", "lon": 46.637378, "lat": 24.596567, "rating_range": "Medium (4–7)" }, "geometry": { "type": "Point", "coordinates": [ 46.637378, 24.596567 ] } },
{ "type": "Feature", "properties": { "name": "Dajen", "categories": "Restaurant", "address": "Badiah, الرياض 11566, المملكة العربية السعودية", "price": "Moderate", "likes": 2.0, "photos": "0", "tips": "4", "rating": null, "ratingSignals": null, "NEIGHBORHANAME": "ظهرة البديعة", "NEIGHBORHENAME": "DAHRAT AL-BADEAH", "lon": 46.638078689575202, "lat": 24.596514329998371, "rating_range": null }, "geometry": { "type": "Point", "coordinates": [ 46.638078689575202, 24.596514329998371 ] } },
{ "type": "Feature", "properties": { "name": "McDonald's", "categories": "Fast Food Restaurant", "address": "طريق المدنية المنورة, الرياض, المملكة العربية السعودية", "price": "Cheap", "likes": 115.0, "photos": "66", "tips": "15", "rating": 7.9, "ratingSignals": 159.0, "NEIGHBORHANAME": "ظهرة البديعة", "NEIGHBORHENAME": "DAHRAT AL-BADEAH", "lon": 46.640091572952755, "lat": 24.598577817867181, "rating_range": "High (8–10)" }, "geometry": { "type": "Point", "coordinates": [ 46.640091572952755, 24.598577817867181 ] } },
{ "type": "Feature", "properties": { "name": "P.Vera Cake (بي فيرا كيك)", "categories": "Dessert Shop", "address": "مخرج ٢٥ - طريق عائشة بنت أبي بكر (طريق المدينة المنورة), الرياض, المملكة العربية السعودية", "price": "Cheap", "likes": 74.0, "photos": "126", "tips": "19", "rating": 9.0, "ratingSignals": 86.0, "NEIGHBORHANAME": "ظهرة البديعة", "NEIGHBORHENAME": "DAHRAT AL-BADEAH", "lon": 46.646637775099727, "lat": 24.596907503599109, "rating_range": "High (8–10)" }, "geometry": { "type": "Point", "coordinates": [ 46.646637775099727, 24.596907503599109 ] } },
{ "type": "Feature", "properties": { "name": "Danat Al Aryaf (دانة الأرياف)", "categories": "Bakery", "address": "Aisha Bent Abi Baker Rd., الرياض, المملكة العربية السعودية", "price": "Cheap", "likes": 52.0, "photos": "12", "tips": "6", "rating": 8.4, "ratingSignals": 62.0, "NEIGHBORHANAME": "ظهرة البديعة", "NEIGHBORHENAME": "DAHRAT AL-BADEAH", "lon": 46.647320685394313, "lat": 24.595988769054728, "rating_range": "High (8–10)" }, "geometry": { "type": "Point", "coordinates": [ 46.647320685394313, 24.595988769054728 ] } },
{ "type": "Feature", "properties": { "name": "Shawarmer (شاورمر)", "categories": "Shawarma Place", "address": "Albadeea (طريق عائشة بنت أبي بكر الصديق (الأبراج)), الرياض, المملكة العربية السعودية", "price": null, "likes": 91.0, "photos": "38", "tips": "21", "rating": 7.0, "ratingSignals": 133.0, "NEIGHBORHANAME": "ظهرة البديعة", "NEIGHBORHENAME": "DAHRAT AL-BADEAH", "lon": 46.647617204481342, "lat": 24.595503619055194, "rating_range": "Medium (4–7)" }, "geometry": { "type": "Point", "coordinates": [ 46.647617204481342, 24.595503619055194 ] } },
{ "type": "Feature", "properties": { "name": "Furn Al Dayaa (فرن الضيعة)", "categories": "Middle Eastern Restaurant", "address": "المملكة العربية السعودية", "price": "Moderate", "likes": 27.0, "photos": "28", "tips": "6", "rating": 8.0, "ratingSignals": 33.0, "NEIGHBORHANAME": "ظهرة البديعة", "NEIGHBORHENAME": "DAHRAT AL-BADEAH", "lon": 46.647487484627781, "lat": 24.595704002479927, "rating_range": "High (8–10)" }, "geometry": { "type": "Point", "coordinates": [ 46.647487484627781, 24.595704002479927 ] } },
{ "type": "Feature", "properties": { "name": "Al Rifadah Restaurant (مطعم الرفادة)", "categories": "Restaurant", "address": "Ayesha Bint Abu Bakr St., الرياض, المملكة العربية السعودية", "price": "Moderate", "likes": 33.0, "photos": "7", "tips": "6", "rating": 6.8, "ratingSignals": 51.0, "NEIGHBORHANAME": "ظهرة البديعة", "NEIGHBORHENAME": "DAHRAT AL-BADEAH", "lon": 46.647722000669901, "lat": 24.594984897622641, "rating_range": "Medium (4–7)" }, "geometry": { "type": "Point", "coordinates": [ 46.647722000669901, 24.594984897622641 ] } },
{ "type": "Feature", "properties": { "name": "Waleed Restaurant (مطاعم زاوية وليد)", "categories": "Middle Eastern Restaurant", "address": "2505 عائشة بنت ابي بكر, الرياض 7435, المملكة العربية السعودية", "price": "Moderate", "likes": 5.0, "photos": "2", "tips": "0", "rating": 6.2, "ratingSignals": 9.0, "NEIGHBORHANAME": "ظهرة البديعة", "NEIGHBORHENAME": "DAHRAT AL-BADEAH", "lon": 46.648512482643135, "lat": 24.59439754486084, "rating_range": "Medium (4–7)" }, "geometry": { "type": "Point", "coordinates": [ 46.648512482643135, 24.59439754486084 ] } },
{ "type": "Feature", "properties": { "name": "Wed Café (كافيه ود)", "categories": "Coffee Shop", "address": "الرياض 12981, المملكة العربية السعودية", "price": "Cheap", "likes": 4.0, "photos": "4", "tips": "1", "rating": null, "ratingSignals": null, "NEIGHBORHANAME": "ظهرة البديعة", "NEIGHBORHENAME": "DAHRAT AL-BADEAH", "lon": 46.646292, "lat": 24.596703, "rating_range": null }, "geometry": { "type": "Point", "coordinates": [ 46.646292, 24.596703 ] } },
{ "type": "Feature", "properties": { "name": "Dar Alrifadah Restaurant (مطاعم دار الرفادة)", "categories": "Middle Eastern Restaurant", "address": "المملكة العربية السعودية", "price": "Moderate", "likes": 2.0, "photos": "0", "tips": "1", "rating": null, "ratingSignals": null, "NEIGHBORHANAME": "ظهرة البديعة", "NEIGHBORHENAME": "DAHRAT AL-BADEAH", "lon": 46.647724, "lat": 24.594885, "rating_range": null }, "geometry": { "type": "Point", "coordinates": [ 46.647724, 24.594885 ] } },
{ "type": "Feature", "properties": { "name": "مطاعم هاشم", "categories": "Breakfast Spot, Falafel Restaurant", "address": "الرياض, المملكة العربية السعودية", "price": "Cheap", "likes": 5.0, "photos": "3", "tips": "3", "rating": 6.0, "ratingSignals": 9.0, "NEIGHBORHANAME": "ظهرة البديعة", "NEIGHBORHENAME": "DAHRAT AL-BADEAH", "lon": 46.6410152, "lat": 24.5986076, "rating_range": "Medium (4–7)" }, "geometry": { "type": "Point", "coordinates": [ 46.6410152, 24.5986076 ] } },
{ "type": "Feature", "properties": { "name": "GAD (جاد)", "categories": "Middle Eastern Restaurant, Falafel Restaurant", "address": "المملكة العربية السعودية", "price": "Moderate", "likes": 13.0, "photos": "9", "tips": "6", "rating": 7.5, "ratingSignals": 17.0, "NEIGHBORHANAME": "ظهرة البديعة", "NEIGHBORHENAME": "DAHRAT AL-BADEAH", "lon": 46.645389, "lat": 24.597845, "rating_range": "High (8–10)" }, "geometry": { "type": "Point", "coordinates": [ 46.645389, 24.597845 ] } },
{ "type": "Feature", "properties": { "name": "McDonald's", "categories": "Fast Food Restaurant", "address": "الرياض, المملكة العربية السعودية", "price": "Cheap", "likes": 2.0, "photos": "6", "tips": "0", "rating": null, "ratingSignals": null, "NEIGHBORHANAME": "ظهرة البديعة", "NEIGHBORHENAME": "DAHRAT AL-BADEAH", "lon": 46.640144, "lat": 24.59856, "rating_range": null }, "geometry": { "type": "Point", "coordinates": [ 46.640144, 24.59856 ] } },
{ "type": "Feature", "properties": { "name": "Burger Sheikh شيخ البرغر", "categories": "Burger Joint", "address": "Riyadh 12981 (Aishah Bin Abi Bakr), الرياض 12981, المملكة العربية السعودية", "price": "Cheap", "likes": 4.0, "photos": "2", "tips": "0", "rating": null, "ratingSignals": null, "NEIGHBORHANAME": "ظهرة البديعة", "NEIGHBORHENAME": "DAHRAT AL-BADEAH", "lon": 46.647514700889595, "lat": 24.595631361007683, "rating_range": null }, "geometry": { "type": "Point", "coordinates": [ 46.647514700889595, 24.595631361007683 ] } },
{ "type": "Feature", "properties": { "name": "كسِره", "categories": "Food Truck", "address": "Hitten (Turki Al-awwal), الرياض 13531, المملكة العربية السعودية", "price": "Cheap", "likes": 3.0, "photos": "4", "tips": "2", "rating": null, "ratingSignals": null, "NEIGHBORHANAME": "ظهرة البديعة", "NEIGHBORHENAME": "DAHRAT AL-BADEAH", "lon": 46.644415719211395, "lat": 24.593801762950971, "rating_range": null }, "geometry": { "type": "Point", "coordinates": [ 46.644415719211395, 24.593801762950971 ] } },
{ "type": "Feature", "properties": { "name": "كنافه الكنفالي", "categories": "Dessert Shop", "address": "شارع عائشه بنت ابي بكر, الرياض, المملكة العربية السعودية", "price": "Cheap", "likes": 4.0, "photos": "11", "tips": "3", "rating": null, "ratingSignals": null, "NEIGHBORHANAME": "ظهرة البديعة", "NEIGHBORHENAME": "DAHRAT AL-BADEAH", "lon": 46.647846783354723, "lat": 24.59527888360449, "rating_range": null }, "geometry": { "type": "Point", "coordinates": [ 46.647846783354723, 24.59527888360449 ] } },
{ "type": "Feature", "properties": { "name": "يامال الشام", "categories": "Asian Restaurant", "address": "المملكة العربية السعودية (شارع العليا العام), الرياض, المملكة العربية السعودية", "price": "Moderate", "likes": 3.0, "photos": "4", "tips": "1", "rating": null, "ratingSignals": null, "NEIGHBORHANAME": "ظهرة البديعة", "NEIGHBORHENAME": "DAHRAT AL-BADEAH", "lon": 46.640480654468575, "lat": 24.59875262530587, "rating_range": null }, "geometry": { "type": "Point", "coordinates": [ 46.640480654468575, 24.59875262530587 ] } },
{ "type": "Feature", "properties": { "name": "حلويات درة الصالحية", "categories": "Dessert Shop", "address": "حي ظهرة البديعة (شارع عائشة بنت أبي بكر ( الأبراج )), الرياض, المملكة العربية السعودية", "price": "Cheap", "likes": 0.0, "photos": "0", "tips": "0", "rating": null, "ratingSignals": null, "NEIGHBORHANAME": "ظهرة البديعة", "NEIGHBORHENAME": "DAHRAT AL-BADEAH", "lon": 46.647205797412347, "lat": 24.59602223501258, "rating_range": null }, "geometry": { "type": "Point", "coordinates": [ 46.647205797412347, 24.59602223501258 ] } },
{ "type": "Feature", "properties": { "name": "وردة الجزيرة اللبناني", "categories": "Middle Eastern Restaurant", "address": "المملكة العربية السعودية", "price": "Moderate", "likes": 1.0, "photos": "1", "tips": "2", "rating": null, "ratingSignals": null, "NEIGHBORHANAME": "ظهرة البديعة", "NEIGHBORHENAME": "DAHRAT AL-BADEAH", "lon": 46.64000469761509, "lat": 24.598337161971131, "rating_range": null }, "geometry": { "type": "Point", "coordinates": [ 46.64000469761509, 24.598337161971131 ] } },
{ "type": "Feature", "properties": { "name": "Sultan Coffee | سلطان القهوة (سلطان القهوة)", "categories": "Coffee Shop", "address": "Aisha bint Abu Bakr St. شارع عائشة بنت أبي بكر, الرياض, المملكة العربية السعودية", "price": "Cheap", "likes": 15.0, "photos": "9", "tips": "2", "rating": 7.1, "ratingSignals": 21.0, "NEIGHBORHANAME": "ظهرة البديعة", "NEIGHBORHENAME": "DAHRAT AL-BADEAH", "lon": 46.64597697847325, "lat": 24.597869756976504, "rating_range": "High (8–10)" }, "geometry": { "type": "Point", "coordinates": [ 46.64597697847325, 24.597869756976504 ] } },
{ "type": "Feature", "properties": { "name": "Feresca Pasta (باستا فيريسكا)", "categories": "Italian Restaurant", "address": "Aisha Bent Abi Baker Rd., الرياض, المملكة العربية السعودية", "price": "Moderate", "likes": 60.0, "photos": "102", "tips": "28", "rating": 8.2, "ratingSignals": 83.0, "NEIGHBORHANAME": "ظهرة البديعة", "NEIGHBORHENAME": "DAHRAT AL-BADEAH", "lon": 46.645782193458366, "lat": 24.598250990305122, "rating_range": "High (8–10)" }, "geometry": { "type": "Point", "coordinates": [ 46.645782193458366, 24.598250990305122 ] } },
{ "type": "Feature", "properties": { "name": "Baskin-Robbins", "categories": "Ice Cream Shop", "address": "حي ظهرة البديعة (شارع عائشة بنت أبي بكر), الرياض, المملكة العربية السعودية", "price": "Cheap", "likes": 34.0, "photos": "41", "tips": "3", "rating": 9.0, "ratingSignals": 38.0, "NEIGHBORHANAME": "ظهرة البديعة", "NEIGHBORHENAME": "DAHRAT AL-BADEAH", "lon": 46.646069467426216, "lat": 24.597906979542728, "rating_range": "High (8–10)" }, "geometry": { "type": "Point", "coordinates": [ 46.646069467426216, 24.597906979542728 ] } },
{ "type": "Feature", "properties": { "name": "Baskin-Robbins", "categories": "Ice Cream Shop", "address": "المملكة العربية السعودية", "price": "Cheap", "likes": 6.0, "photos": "1", "tips": "0", "rating": 7.8, "ratingSignals": 6.0, "NEIGHBORHANAME": "ظهرة البديعة", "NEIGHBORHENAME": "DAHRAT AL-BADEAH", "lon": 46.648322815005969, "lat": 24.5982141178634, "rating_range": "High (8–10)" }, "geometry": { "type": "Point", "coordinates": [ 46.648322815005969, 24.5982141178634 ] } },
{ "type": "Feature", "properties": { "name": "كتاكيت", "categories": "Arepa Restaurant", "address": "المملكة العربية السعودية", "price": "Cheap", "likes": 0.0, "photos": "1", "tips": "0", "rating": null, "ratingSignals": null, "NEIGHBORHANAME": "ظهرة البديعة", "NEIGHBORHENAME": "DAHRAT AL-BADEAH", "lon": 46.650974273681641, "lat": 24.595035552978512, "rating_range": null }, "geometry": { "type": "Point", "coordinates": [ 46.650974273681641, 24.595035552978512 ] } },
{ "type": "Feature", "properties": { "name": "جاد", "categories": "African Restaurant", "address": "المملكة العربية السعودية", "price": "Moderate", "likes": 4.0, "photos": "6", "tips": "3", "rating": null, "ratingSignals": null, "NEIGHBORHANAME": "ظهرة البديعة", "NEIGHBORHENAME": "DAHRAT AL-BADEAH", "lon": 46.645740044316369, "lat": 24.597910788768054, "rating_range": null }, "geometry": { "type": "Point", "coordinates": [ 46.645740044316369, 24.597910788768054 ] } },
{ "type": "Feature", "properties": { "name": "Pizza Inn (بيتزا إن)", "categories": "Pizza Place", "address": "Al Badeah (Aisha Bint Abi Baker Rd.), الرياض, المملكة العربية السعودية", "price": "Cheap", "likes": 3.0, "photos": "10", "tips": "4", "rating": null, "ratingSignals": null, "NEIGHBORHANAME": "ظهرة البديعة", "NEIGHBORHENAME": "DAHRAT AL-BADEAH", "lon": 46.645914424261562, "lat": 24.598434969412125, "rating_range": null }, "geometry": { "type": "Point", "coordinates": [ 46.645914424261562, 24.598434969412125 ] } },
{ "type": "Feature", "properties": { "name": "Souhour's Gathering (مائدة السحور)", "categories": "Food Court", "address": "المملكة العربية السعودية", "price": null, "likes": 0.0, "photos": "0", "tips": "0", "rating": null, "ratingSignals": null, "NEIGHBORHANAME": "ظهرة البديعة", "NEIGHBORHENAME": "DAHRAT AL-BADEAH", "lon": 46.653677, "lat": 24.592477, "rating_range": null }, "geometry": { "type": "Point", "coordinates": [ 46.653677, 24.592477 ] } },
{ "type": "Feature", "properties": { "name": "Blu Cafe", "categories": "Coffee Shop", "address": "شارع عائشة (جوار اسواق الحربي), الرياض, المملكة العربية السعودية", "price": "Cheap", "likes": 1.0, "photos": "4", "tips": "0", "rating": null, "ratingSignals": null, "NEIGHBORHANAME": "ظهرة البديعة", "NEIGHBORHENAME": "DAHRAT AL-BADEAH", "lon": 46.646677932816935, "lat": 24.596312830858938, "rating_range": null }, "geometry": { "type": "Point", "coordinates": [ 46.646677932816935, 24.596312830858938 ] } },
{ "type": "Feature", "properties": { "name": "الخليج ستور", "categories": "Swiss Restaurant", "address": "Riyadh (البديعة), الرياض, المملكة العربية السعودية", "price": "Expensive", "likes": 1.0, "photos": "0", "tips": "0", "rating": null, "ratingSignals": null, "NEIGHBORHANAME": "ظهرة البديعة", "NEIGHBORHENAME": "DAHRAT AL-BADEAH", "lon": 46.653775, "lat": 24.592512, "rating_range": null }, "geometry": { "type": "Point", "coordinates": [ 46.653775, 24.592512 ] } },
{ "type": "Feature", "properties": { "name": "Baindor باندور", "categories": "Bakery", "address": "Alabraj street, المملكة العربية السعودية", "price": "Cheap", "likes": 3.0, "photos": "6", "tips": "1", "rating": null, "ratingSignals": null, "NEIGHBORHANAME": "ظهرة البديعة", "NEIGHBORHENAME": "DAHRAT AL-BADEAH", "lon": 46.651240375483901, "lat": 24.590773155143872, "rating_range": null }, "geometry": { "type": "Point", "coordinates": [ 46.651240375483901, 24.590773155143872 ] } },
{ "type": "Feature", "properties": { "name": "جافا كافيه Java cafe", "categories": "Coffee Shop", "address": "البديعة (طريق المدينة المنورة), الرياض, المملكة العربية السعودية", "price": "Cheap", "likes": 13.0, "photos": "30", "tips": "3", "rating": 8.1, "ratingSignals": 14.0, "NEIGHBORHANAME": "ظهرة البديعة", "NEIGHBORHENAME": "DAHRAT AL-BADEAH", "lon": 46.658207388829602, "lat": 24.596984550517728, "rating_range": "High (8–10)" }, "geometry": { "type": "Point", "coordinates": [ 46.658207388829602, 24.596984550517728 ] } },
{ "type": "Feature", "properties": { "name": "أبو جبارة", "categories": "Breakfast Spot", "address": "المملكة العربية السعودية", "price": "Cheap", "likes": 0.0, "photos": "0", "tips": "0", "rating": null, "ratingSignals": null, "NEIGHBORHANAME": "ظهرة البديعة", "NEIGHBORHENAME": "DAHRAT AL-BADEAH", "lon": 46.656081356803682, "lat": 24.595433531526318, "rating_range": null }, "geometry": { "type": "Point", "coordinates": [ 46.656081356803682, 24.595433531526318 ] } },
{ "type": "Feature", "properties": { "name": "Haya Mini Market (تموينات هيا)", "categories": "Dessert Shop", "address": "المملكة العربية السعودية", "price": "Cheap", "likes": 0.0, "photos": "1", "tips": "0", "rating": null, "ratingSignals": null, "NEIGHBORHANAME": "ظهرة البديعة", "NEIGHBORHENAME": "DAHRAT AL-BADEAH", "lon": 46.653644309488179, "lat": 24.592413455958472, "rating_range": null }, "geometry": { "type": "Point", "coordinates": [ 46.653644309488179, 24.592413455958472 ] } },
{ "type": "Feature", "properties": { "name": "ترك فرمت عطشك", "categories": "Food Truck", "address": "الرياض 12788, المملكة العربية السعودية", "price": "Cheap", "likes": 0.0, "photos": "0", "tips": "0", "rating": null, "ratingSignals": null, "NEIGHBORHANAME": "ظهرة البديعة", "NEIGHBORHENAME": "DAHRAT AL-BADEAH", "lon": 46.653544, "lat": 24.588755, "rating_range": null }, "geometry": { "type": "Point", "coordinates": [ 46.653544, 24.588755 ] } },
{ "type": "Feature", "properties": { "name": "مطعم الشراع", "categories": "Breakfast Spot", "address": "المملكة العربية السعودية", "price": "Cheap", "likes": 19.0, "photos": "5", "tips": "3", "rating": 7.1, "ratingSignals": 27.0, "NEIGHBORHANAME": "ظهرة البديعة", "NEIGHBORHENAME": "DAHRAT AL-BADEAH", "lon": 46.641748829063005, "lat": 24.599406906909735, "rating_range": "High (8–10)" }, "geometry": { "type": "Point", "coordinates": [ 46.641748829063005, 24.599406906909735 ] } },
{ "type": "Feature", "properties": { "name": "مطعم الجزيرة اللبنانية", "categories": "Middle Eastern Restaurant", "address": "الرياض (شارع المدينة المنورة), الرياض, المملكة العربية السعودية", "price": "Moderate", "likes": 5.0, "photos": "1", "tips": "1", "rating": null, "ratingSignals": null, "NEIGHBORHANAME": "ظهرة البديعة", "NEIGHBORHENAME": "DAHRAT AL-BADEAH", "lon": 46.64112, "lat": 24.599106, "rating_range": null }, "geometry": { "type": "Point", "coordinates": [ 46.64112, 24.599106 ] } },
{ "type": "Feature", "properties": { "name": "بيت الكباب - فرع البديعة", "categories": "Restaurant", "address": "طريق المدينة المنورة، ظهرة البديعة, المملكة العربية السعودية", "price": "Moderate", "likes": 0.0, "photos": "0", "tips": "0", "rating": null, "ratingSignals": null, "NEIGHBORHANAME": "ظهرة البديعة", "NEIGHBORHENAME": "DAHRAT AL-BADEAH", "lon": 46.641650104575099, "lat": 24.599533368852235, "rating_range": null }, "geometry": { "type": "Point", "coordinates": [ 46.641650104575099, 24.599533368852235 ] } },
{ "type": "Feature", "properties": { "name": "مخابز و حلويات المملكة", "categories": "Dessert Shop", "address": "المملكة العربية السعودية", "price": "Cheap", "likes": 1.0, "photos": "1", "tips": "0", "rating": null, "ratingSignals": null, "NEIGHBORHANAME": "ظهرة البديعة", "NEIGHBORHENAME": "DAHRAT AL-BADEAH", "lon": 46.64089, "lat": 24.598814, "rating_range": null }, "geometry": { "type": "Point", "coordinates": [ 46.64089, 24.598814 ] } },
{ "type": "Feature", "properties": { "name": "Sara Meat Fresh (سارة للحوم الطازجة)", "categories": "BBQ Joint", "address": "البديعة (شارع المدينة المنور ، تقاطعة مع عائشة ووجهك غرب), الرياض, المملكة العربية السعودية", "price": "Moderate", "likes": 3.0, "photos": "1", "tips": "0", "rating": null, "ratingSignals": null, "NEIGHBORHANAME": "ظهرة البديعة", "NEIGHBORHENAME": "DAHRAT AL-BADEAH", "lon": 46.642685, "lat": 24.600106, "rating_range": null }, "geometry": { "type": "Point", "coordinates": [ 46.642685, 24.600106 ] } },
{ "type": "Feature", "properties": { "name": "Taxi (تاكسي)", "categories": "Fast Food Restaurant, American Restaurant, Burger Joint", "address": "شارع المدينة المنورة, الرياض, المملكة العربية السعودية", "price": "Cheap", "likes": 19.0, "photos": "22", "tips": "4", "rating": 6.9, "ratingSignals": 25.0, "NEIGHBORHANAME": "ظهرة البديعة", "NEIGHBORHENAME": "DAHRAT AL-BADEAH", "lon": 46.640042833852434, "lat": 24.598355734973197, "rating_range": "Medium (4–7)" }, "geometry": { "type": "Point", "coordinates": [ 46.640042833852434, 24.598355734973197 ] } },
{ "type": "Feature", "properties": { "name": "يامال الشام Ya mal Ash'am", "categories": "Middle Eastern Restaurant", "address": "الرياض, المملكة العربية السعودية", "price": "Moderate", "likes": 7.0, "photos": "17", "tips": "6", "rating": 5.2, "ratingSignals": 17.0, "NEIGHBORHANAME": "ظهرة البديعة", "NEIGHBORHENAME": "DAHRAT AL-BADEAH", "lon": 46.64050154647547, "lat": 24.598798554138725, "rating_range": "Medium (4–7)" }, "geometry": { "type": "Point", "coordinates": [ 46.64050154647547, 24.598798554138725 ] } },
{ "type": "Feature", "properties": { "name": "وطني N love with رز ودجاج", "categories": "Diner", "address": "المملكة العربية السعودية", "price": "Cheap", "likes": 0.0, "photos": "0", "tips": "0", "rating": null, "ratingSignals": null, "NEIGHBORHANAME": "ظهرة البديعة", "NEIGHBORHENAME": "DAHRAT AL-BADEAH", "lon": 46.642295837402344, "lat": 24.599739074707028, "rating_range": null }, "geometry": { "type": "Point", "coordinates": [ 46.642295837402344, 24.599739074707028 ] } },
{ "type": "Feature", "properties": { "name": "tuttie cufe", "categories": "Buffet", "address": "المملكة العربية السعودية", "price": null, "likes": 0.0, "photos": "3", "tips": "0", "rating": null, "ratingSignals": null, "NEIGHBORHANAME": "ظهرة البديعة", "NEIGHBORHENAME": "DAHRAT AL-BADEAH", "lon": 46.642827518010435, "lat": 24.600068400016927, "rating_range": null }, "geometry": { "type": "Point", "coordinates": [ 46.642827518010435, 24.600068400016927 ] } },
{ "type": "Feature", "properties": { "name": "Ya Mal Alsham (يا مال الشام)", "categories": "Middle Eastern Restaurant", "address": "المملكة العربية السعودية", "price": "Moderate", "likes": 3.0, "photos": "0", "tips": "2", "rating": 5.2, "ratingSignals": 9.0, "NEIGHBORHANAME": "ظهرة البديعة", "NEIGHBORHENAME": "DAHRAT AL-BADEAH", "lon": 46.64061, "lat": 24.598707, "rating_range": "Medium (4–7)" }, "geometry": { "type": "Point", "coordinates": [ 46.64061, 24.598707 ] } },
{ "type": "Feature", "properties": { "name": "Al-Tazaj (الطازج)", "categories": "Fried Chicken Joint, Diner", "address": "الرياض, المملكة العربية السعودية", "price": "Cheap", "likes": 68.0, "photos": "32", "tips": "8", "rating": 7.6, "ratingSignals": 94.0, "NEIGHBORHANAME": "ظهرة البديعة", "NEIGHBORHENAME": "DAHRAT AL-BADEAH", "lon": 46.644313111785841, "lat": 24.600060644612046, "rating_range": "High (8–10)" }, "geometry": { "type": "Point", "coordinates": [ 46.644313111785841, 24.600060644612046 ] } },
{ "type": "Feature", "properties": { "name": "Juice Art (فن العصير)", "categories": "Juice Bar", "address": "المملكة العربية السعودية", "price": "Cheap", "likes": 6.0, "photos": "8", "tips": "1", "rating": 6.3, "ratingSignals": 11.0, "NEIGHBORHANAME": "ظهرة البديعة", "NEIGHBORHENAME": "DAHRAT AL-BADEAH", "lon": 46.647161, "lat": 24.599317, "rating_range": "Medium (4–7)" }, "geometry": { "type": "Point", "coordinates": [ 46.647161, 24.599317 ] } },
{ "type": "Feature", "properties": { "name": "هارديز Hardee's", "categories": "Fast Food Restaurant", "address": "البديعة, المملكة العربية السعودية", "price": "Cheap", "likes": 14.0, "photos": "15", "tips": "5", "rating": 7.4, "ratingSignals": 20.0, "NEIGHBORHANAME": "ظهرة البديعة", "NEIGHBORHENAME": "DAHRAT AL-BADEAH", "lon": 46.644317932789896, "lat": 24.600555911026319, "rating_range": "High (8–10)" }, "geometry": { "type": "Point", "coordinates": [ 46.644317932789896, 24.600555911026319 ] } },
{ "type": "Feature", "properties": { "name": "KFC", "categories": "Fried Chicken Joint", "address": "تقاطع طريق المدينة مع طريق عائشة بنت أبي بكر, الرياض, المملكة العربية السعودية", "price": "Cheap", "likes": 17.0, "photos": "17", "tips": "2", "rating": 6.5, "ratingSignals": 28.0, "NEIGHBORHANAME": "ظهرة البديعة", "NEIGHBORHENAME": "DAHRAT AL-BADEAH", "lon": 46.644215781074628, "lat": 24.600563136693847, "rating_range": "Medium (4–7)" }, "geometry": { "type": "Point", "coordinates": [ 46.644215781074628, 24.600563136693847 ] } },
{ "type": "Feature", "properties": { "name": "Herfy", "categories": "Fast Food Restaurant", "address": "شارع عائشة بنت ابي بكر, الرياض, المملكة العربية السعودية", "price": "Cheap", "likes": 12.0, "photos": "17", "tips": "2", "rating": 7.0, "ratingSignals": 17.0, "NEIGHBORHANAME": "ظهرة البديعة", "NEIGHBORHENAME": "DAHRAT AL-BADEAH", "lon": 46.64465283765653, "lat": 24.599496203548114, "rating_range": "Medium (4–7)" }, "geometry": { "type": "Point", "coordinates": [ 46.64465283765653, 24.599496203548114 ] } },
{ "type": "Feature", "properties": { "name": "Pizza Hut (بيتزاهت)", "categories": "Pizza Place", "address": "شارع عائشة بنت ابي بكر, الرياض, المملكة العربية السعودية", "price": "Cheap", "likes": 20.0, "photos": "17", "tips": "5", "rating": 6.9, "ratingSignals": 30.0, "NEIGHBORHANAME": "ظهرة البديعة", "NEIGHBORHENAME": "DAHRAT AL-BADEAH", "lon": 46.645369534327259, "lat": 24.598773984772514, "rating_range": "Medium (4–7)" }, "geometry": { "type": "Point", "coordinates": [ 46.645369534327259, 24.598773984772514 ] } },
{ "type": "Feature", "properties": { "name": "Patisserie Jareer (حلويات جرير)", "categories": "Bakery, Candy Store", "address": "البديعة (شارع عائشة بنت ابي بكر), الرياض, المملكة العربية السعودية", "price": "Cheap", "likes": 48.0, "photos": "16", "tips": "5", "rating": 7.4, "ratingSignals": 63.0, "NEIGHBORHANAME": "ظهرة البديعة", "NEIGHBORHENAME": "DAHRAT AL-BADEAH", "lon": 46.64462103217582, "lat": 24.59961098311107, "rating_range": "High (8–10)" }, "geometry": { "type": "Point", "coordinates": [ 46.64462103217582, 24.59961098311107 ] } },
{ "type": "Feature", "properties": { "name": "دار القهوة", "categories": "Coffee Shop", "address": "المملكة العربية السعودية", "price": "Cheap", "likes": 1.0, "photos": "0", "tips": "1", "rating": null, "ratingSignals": null, "NEIGHBORHANAME": "ظهرة البديعة", "NEIGHBORHENAME": "DAHRAT AL-BADEAH", "lon": 46.644778609072134, "lat": 24.599267644149322, "rating_range": null }, "geometry": { "type": "Point", "coordinates": [ 46.644778609072134, 24.599267644149322 ] } },
{ "type": "Feature", "properties": { "name": "Al Mamlakah Sweets (حلويات المملكة)", "categories": "Dessert Shop", "address": "المملكة العربية السعودية", "price": "Cheap", "likes": 0.0, "photos": "0", "tips": "1", "rating": null, "ratingSignals": null, "NEIGHBORHANAME": "ظهرة البديعة", "NEIGHBORHENAME": "DAHRAT AL-BADEAH", "lon": 46.645184, "lat": 24.601352, "rating_range": null }, "geometry": { "type": "Point", "coordinates": [ 46.645184, 24.601352 ] } },
{ "type": "Feature", "properties": { "name": "Saadeddin Pastry (Saadeddin Pastry حلويات سعدالدين)", "categories": "Dessert Shop", "address": "Al-Madinah Rd., الرياض, المملكة العربية السعودية", "price": "Cheap", "likes": 29.0, "photos": "25", "tips": "3", "rating": 7.0, "ratingSignals": 38.0, "NEIGHBORHANAME": "ظهرة البديعة", "NEIGHBORHENAME": "DAHRAT AL-BADEAH", "lon": 46.642975459732064, "lat": 24.6003183082988, "rating_range": "Medium (4–7)" }, "geometry": { "type": "Point", "coordinates": [ 46.642975459732064, 24.6003183082988 ] } },
{ "type": "Feature", "properties": { "name": "زهرة الرحاب للمشويات", "categories": "Middle Eastern Restaurant", "address": "شارع المدينة المنورة, الرياض, المملكة العربية السعودية", "price": "Moderate", "likes": 2.0, "photos": "2", "tips": "1", "rating": null, "ratingSignals": null, "NEIGHBORHANAME": "ظهرة البديعة", "NEIGHBORHENAME": "DAHRAT AL-BADEAH", "lon": 46.642775678466997, "lat": 24.6002499179254, "rating_range": null }, "geometry": { "type": "Point", "coordinates": [ 46.642775678466997, 24.6002499179254 ] } },
{ "type": "Feature", "properties": { "name": "حلواني شيحة", "categories": "Snack Place", "address": "الحزام, المدينة المنورة, المملكة العربية السعودية", "price": "Cheap", "likes": 0.0, "photos": "0", "tips": "0", "rating": null, "ratingSignals": null, "NEIGHBORHANAME": "ظهرة البديعة", "NEIGHBORHENAME": "DAHRAT AL-BADEAH", "lon": 46.643547, "lat": 24.600688, "rating_range": null }, "geometry": { "type": "Point", "coordinates": [ 46.643547, 24.600688 ] } },
{ "type": "Feature", "properties": { "name": "غدير الشام", "categories": "Middle Eastern Restaurant, Afghan Restaurant", "address": "المملكة العربية السعودية", "price": "Moderate", "likes": 5.0, "photos": "5", "tips": "2", "rating": 6.8, "ratingSignals": 8.0, "NEIGHBORHANAME": "ظهرة البديعة", "NEIGHBORHENAME": "DAHRAT AL-BADEAH", "lon": 46.649279605224997, "lat": 24.600447996435893, "rating_range": "Medium (4–7)" }, "geometry": { "type": "Point", "coordinates": [ 46.649279605224997, 24.600447996435893 ] } },
{ "type": "Feature", "properties": { "name": "FROZ (فروز)", "categories": "Frozen Yogurt Shop, Ice Cream Shop", "address": "Madina Munwarah Rd, الرياض, المملكة العربية السعودية", "price": "Cheap", "likes": 74.0, "photos": "71", "tips": "11", "rating": 9.3, "ratingSignals": 123.0, "NEIGHBORHANAME": "ظهرة البديعة", "NEIGHBORHENAME": "DAHRAT AL-BADEAH", "lon": 46.650174568513449, "lat": 24.603635248518295, "rating_range": "High (8–10)" }, "geometry": { "type": "Point", "coordinates": [ 46.650174568513449, 24.603635248518295 ] } },
{ "type": "Feature", "properties": { "name": "فول ومطبق وحيد", "categories": "Middle Eastern Restaurant", "address": "المملكة العربية السعودية", "price": "Moderate", "likes": 8.0, "photos": "17", "tips": "0", "rating": 7.2, "ratingSignals": 11.0, "NEIGHBORHANAME": "ظهرة البديعة", "NEIGHBORHENAME": "DAHRAT AL-BADEAH", "lon": 46.650889309604899, "lat": 24.601477219823174, "rating_range": "High (8–10)" }, "geometry": { "type": "Point", "coordinates": [ 46.650889309604899, 24.601477219823174 ] } },
{ "type": "Feature", "properties": { "name": "Hamburgini (هامبرغيني)", "categories": "Burger Joint", "address": "MADINA MUNAWARAH RD (SADAQA AL-HARANI), Riyadh 12783, المملكة العربية السعودية", "price": "Cheap", "likes": 92.0, "photos": "27", "tips": "24", "rating": 7.9, "ratingSignals": 120.0, "NEIGHBORHANAME": "ظهرة البديعة", "NEIGHBORHENAME": "DAHRAT AL-BADEAH", "lon": 46.650185083124455, "lat": 24.603612669220304, "rating_range": "High (8–10)" }, "geometry": { "type": "Point", "coordinates": [ 46.650185083124455, 24.603612669220304 ] } },
{ "type": "Feature", "properties": { "name": "ليالي القهوة", "categories": "Coffee Shop", "address": "طريق المدينة, الرياض, المملكة العربية السعودية", "price": "Cheap", "likes": 1.0, "photos": "3", "tips": "0", "rating": null, "ratingSignals": null, "NEIGHBORHANAME": "ظهرة البديعة", "NEIGHBORHENAME": "DAHRAT AL-BADEAH", "lon": 46.651329931733791, "lat": 24.601336707889253, "rating_range": null }, "geometry": { "type": "Point", "coordinates": [ 46.651329931733791, 24.601336707889253 ] } },
{ "type": "Feature", "properties": { "name": "Alkhafeef (عالخفيف)", "categories": "Bakery, Breakfast Spot", "address": "Madinah Street, Riyadh, المملكة العربية السعودية", "price": "Cheap", "likes": 28.0, "photos": "23", "tips": "6", "rating": 8.2, "ratingSignals": 33.0, "NEIGHBORHANAME": "ظهرة البديعة", "NEIGHBORHENAME": "DAHRAT AL-BADEAH", "lon": 46.650120034631527, "lat": 24.603465879772095, "rating_range": "High (8–10)" }, "geometry": { "type": "Point", "coordinates": [ 46.650120034631527, 24.603465879772095 ] } },
{ "type": "Feature", "properties": { "name": "caffe bene", "categories": "Coffee Shop", "address": "الرياض, المملكة العربية السعودية", "price": "Cheap", "likes": 3.0, "photos": "3", "tips": "1", "rating": null, "ratingSignals": null, "NEIGHBORHANAME": "ظهرة البديعة", "NEIGHBORHENAME": "DAHRAT AL-BADEAH", "lon": 46.658164961584816, "lat": 24.600777662295272, "rating_range": null }, "geometry": { "type": "Point", "coordinates": [ 46.658164961584816, 24.600777662295272 ] } },
{ "type": "Feature", "properties": { "name": "بوفية عبدالعزيز", "categories": "Burger Joint", "address": "البديعة ، شارع طنجه, الرياض, المملكة العربية السعودية", "price": "Cheap", "likes": 11.0, "photos": "3", "tips": "2", "rating": 6.9, "ratingSignals": 16.0, "NEIGHBORHANAME": "ظهرة البديعة", "NEIGHBORHENAME": "DAHRAT AL-BADEAH", "lon": 46.657368278903462, "lat": 24.602073198457433, "rating_range": "Medium (4–7)" }, "geometry": { "type": "Point", "coordinates": [ 46.657368278903462, 24.602073198457433 ] } },
{ "type": "Feature", "properties": { "name": "Angle Cafe 3", "categories": "Coffee Shop", "address": "ظهرة البديعة, الرياض, المملكة العربية السعودية", "price": "Cheap", "likes": 2.0, "photos": "5", "tips": "0", "rating": null, "ratingSignals": null, "NEIGHBORHANAME": "ظهرة البديعة", "NEIGHBORHENAME": "DAHRAT AL-BADEAH", "lon": 46.653502898401534, "lat": 24.602881150364663, "rating_range": null }, "geometry": { "type": "Point", "coordinates": [ 46.653502898401534, 24.602881150364663 ] } },
{ "type": "Feature", "properties": { "name": "فوال ومطبق العريني", "categories": "Argentinian Restaurant", "address": "المملكة العربية السعودية", "price": "Moderate", "likes": 0.0, "photos": "1", "tips": "0", "rating": null, "ratingSignals": null, "NEIGHBORHANAME": "ظهرة البديعة", "NEIGHBORHENAME": "DAHRAT AL-BADEAH", "lon": 46.652201935195997, "lat": 24.602599494297429, "rating_range": null }, "geometry": { "type": "Point", "coordinates": [ 46.652201935195997, 24.602599494297429 ] } },
{ "type": "Feature", "properties": { "name": "كنافة الاسمري", "categories": "Arepa Restaurant", "address": "المملكة العربية السعودية", "price": "Cheap", "likes": 0.0, "photos": "3", "tips": "0", "rating": null, "ratingSignals": null, "NEIGHBORHANAME": "ظهرة البديعة", "NEIGHBORHENAME": "DAHRAT AL-BADEAH", "lon": 46.654634198308685, "lat": 24.603975678554697, "rating_range": null }, "geometry": { "type": "Point", "coordinates": [ 46.654634198308685, 24.603975678554697 ] } },
{ "type": "Feature", "properties": { "name": "Oregano", "categories": "Fast Food Restaurant", "address": "Al Badia (Al Madinah Al Munawwarah Rd.), الرياض 11566, المملكة العربية السعودية", "price": "Cheap", "likes": 2.0, "photos": "0", "tips": "3", "rating": null, "ratingSignals": null, "NEIGHBORHANAME": "ظهرة البديعة", "NEIGHBORHENAME": "DAHRAT AL-BADEAH", "lon": 46.650234460830681, "lat": 24.6034794324054, "rating_range": null }, "geometry": { "type": "Point", "coordinates": [ 46.650234460830681, 24.6034794324054 ] } },
{ "type": "Feature", "properties": { "name": "مطعم الجزيرة اللبناني", "categories": "Middle Eastern Restaurant", "address": "المملكة العربية السعودية", "price": "Moderate", "likes": 1.0, "photos": "3", "tips": "0", "rating": null, "ratingSignals": null, "NEIGHBORHANAME": "ظهرة البديعة", "NEIGHBORHENAME": "DAHRAT AL-BADEAH", "lon": 46.650523931268118, "lat": 24.603260781033697, "rating_range": null }, "geometry": { "type": "Point", "coordinates": [ 46.650523931268118, 24.603260781033697 ] } },
{ "type": "Feature", "properties": { "name": "ايهوب البديعة", "categories": "Restaurant", "address": "الرياض 12784, المملكة العربية السعودية", "price": "Moderate", "likes": 0.0, "photos": "1", "tips": "0", "rating": null, "ratingSignals": null, "NEIGHBORHANAME": "ظهرة البديعة", "NEIGHBORHENAME": "DAHRAT AL-BADEAH", "lon": 46.650872, "lat": 24.601391, "rating_range": null }, "geometry": { "type": "Point", "coordinates": [ 46.650872, 24.601391 ] } },
{ "type": "Feature", "properties": { "name": "فوال و مطبق - البارقي", "categories": "Fast Food Restaurant", "address": "شارع معاوية (الجيل), الرياض, المملكة العربية السعودية", "price": "Moderate", "likes": 0.0, "photos": "5", "tips": "0", "rating": null, "ratingSignals": null, "NEIGHBORHANAME": "ظهرة البديعة", "NEIGHBORHENAME": "DAHRAT AL-BADEAH", "lon": 46.654572918907121, "lat": 24.603592406231442, "rating_range": null }, "geometry": { "type": "Point", "coordinates": [ 46.654572918907121, 24.603592406231442 ] } },
{ "type": "Feature", "properties": { "name": "حلويات القصر", "categories": "Dessert Shop", "address": "المملكة العربية السعودية", "price": "Cheap", "likes": 1.0, "photos": "1", "tips": "0", "rating": null, "ratingSignals": null, "NEIGHBORHANAME": "ظهرة البديعة", "NEIGHBORHENAME": "DAHRAT AL-BADEAH", "lon": 46.649826049804688, "lat": 24.601394653320302, "rating_range": null }, "geometry": { "type": "Point", "coordinates": [ 46.649826049804688, 24.601394653320302 ] } },
{ "type": "Feature", "properties": { "name": "fofa (فوفة)", "categories": "Cupcake Shop", "address": "السويدي ، شارع الابراج ( عائشة بنت ابي بكر ), الرياض, المملكة العربية السعودية", "price": "Moderate", "likes": 3.0, "photos": "1", "tips": "1", "rating": null, "ratingSignals": null, "NEIGHBORHANAME": "ظهرة البديعة", "NEIGHBORHENAME": "DAHRAT AL-BADEAH", "lon": 46.653851713139716, "lat": 24.603023261479301, "rating_range": null }, "geometry": { "type": "Point", "coordinates": [ 46.653851713139716, 24.603023261479301 ] } },
{ "type": "Feature", "properties": { "name": "بيت الكيك", "categories": "Dessert Shop", "address": "حي البديعة (شارع عائشة بنت أبي بكر (الأبراج)), الرياض, المملكة العربية السعودية", "price": "Cheap", "likes": 2.0, "photos": "1", "tips": "1", "rating": null, "ratingSignals": null, "NEIGHBORHANAME": "ظهرة البديعة", "NEIGHBORHENAME": "DAHRAT AL-BADEAH", "lon": 46.647863, "lat": 24.594529, "rating_range": null }, "geometry": { "type": "Point", "coordinates": [ 46.647863, 24.594529 ] } },
{ "type": "Feature", "properties": { "name": "Blumora (بلومورا)", "categories": "Ice Cream Shop", "address": "المملكة العربية السعودية", "price": "Cheap", "likes": 2.0, "photos": "11", "tips": "3", "rating": null, "ratingSignals": null, "NEIGHBORHANAME": "ظهرة البديعة", "NEIGHBORHENAME": "DAHRAT AL-BADEAH", "lon": 46.647634691506688, "lat": 24.595417121692691, "rating_range": null }, "geometry": { "type": "Point", "coordinates": [ 46.647634691506688, 24.595417121692691 ] } },
{ "type": "Feature", "properties": { "name": "بيت الكيك Cake House", "categories": "Dessert Shop", "address": "شارع الابراج, الرياض, المملكة العربية السعودية", "price": "Cheap", "likes": 1.0, "photos": "0", "tips": "1", "rating": null, "ratingSignals": null, "NEIGHBORHANAME": "ظهرة البديعة", "NEIGHBORHENAME": "DAHRAT AL-BADEAH", "lon": 46.6475, "lat": 24.5956, "rating_range": null }, "geometry": { "type": "Point", "coordinates": [ 46.6475, 24.5956 ] } },
{ "type": "Feature", "properties": { "name": "Barda Kunafa (كنافة بردا)", "categories": "Cupcake Shop", "address": "., المملكة العربية السعودية", "price": "Moderate", "likes": 55.0, "photos": "16", "tips": "8", "rating": 8.0, "ratingSignals": 64.0, "NEIGHBORHANAME": "ظهرة البديعة", "NEIGHBORHENAME": "DAHRAT AL-BADEAH", "lon": 46.648863680027141, "lat": 24.600240697972609, "rating_range": "High (8–10)" }, "geometry": { "type": "Point", "coordinates": [ 46.648863680027141, 24.600240697972609 ] } },
{ "type": "Feature", "properties": { "name": "اقدم بوفية في الجيل", "categories": "Fast Food Restaurant", "address": "الرياض 12784, المملكة العربية السعودية", "price": "Cheap", "likes": 1.0, "photos": "4", "tips": "0", "rating": null, "ratingSignals": null, "NEIGHBORHANAME": "ظهرة البديعة", "NEIGHBORHENAME": "DAHRAT AL-BADEAH", "lon": 46.650995, "lat": 24.601445, "rating_range": null }, "geometry": { "type": "Point", "coordinates": [ 46.650995, 24.601445 ] } },
{ "type": "Feature", "properties": { "name": "بيت الكنفاني", "categories": "Bakery", "address": "البديعة (عائشة بنت أبي بكر (الأبراج)), الرياض, المملكة العربية السعودية", "price": "Cheap", "likes": 9.0, "photos": "2", "tips": "0", "rating": 6.5, "ratingSignals": 13.0, "NEIGHBORHANAME": "ظهرة البديعة", "NEIGHBORHENAME": "DAHRAT AL-BADEAH", "lon": 46.647832643870146, "lat": 24.595334314247232, "rating_range": "Medium (4–7)" }, "geometry": { "type": "Point", "coordinates": [ 46.647832643870146, 24.595334314247232 ] } },
{ "type": "Feature", "properties": { "name": "Qemat Arfah (قمة عرفة)", "categories": "Falafel Restaurant, Middle Eastern Restaurant", "address": "Al Madinah As Sina'iyah (Al Amir Satam Ibn Abdul Aziz St), الرياض 12784, المملكة العربية السعودية", "price": "Cheap", "likes": 0.0, "photos": "1", "tips": "0", "rating": null, "ratingSignals": null, "NEIGHBORHANAME": "ظهرة البديعة", "NEIGHBORHENAME": "DAHRAT AL-BADEAH", "lon": 46.648056507110603, "lat": 24.600065214957514, "rating_range": null }, "geometry": { "type": "Point", "coordinates": [ 46.648056507110603, 24.600065214957514 ] } },
{ "type": "Feature", "properties": { "name": "كلمات", "categories": "Dessert Shop", "address": "المملكة العربية السعودية", "price": "Cheap", "likes": 4.0, "photos": "3", "tips": "1", "rating": null, "ratingSignals": null, "NEIGHBORHANAME": "ظهرة البديعة", "NEIGHBORHENAME": "DAHRAT AL-BADEAH", "lon": 46.662544586225962, "lat": 24.601040511334229, "rating_range": null }, "geometry": { "type": "Point", "coordinates": [ 46.662544586225962, 24.601040511334229 ] } },
{ "type": "Feature", "properties": { "name": "Alwadi Snacks (خفايف الوادي)", "categories": "Food Truck", "address": "وادي حنيفة, الرياض 12595, المملكة العربية السعودية", "price": "Cheap", "likes": 3.0, "photos": "15", "tips": "2", "rating": null, "ratingSignals": null, "NEIGHBORHANAME": "ظهرة البديعة", "NEIGHBORHENAME": "DAHRAT AL-BADEAH", "lon": 46.665958036806281, "lat": 24.603651460483594, "rating_range": null }, "geometry": { "type": "Point", "coordinates": [ 46.665958036806281, 24.603651460483594 ] } },
{ "type": "Feature", "properties": { "name": "كنتاكي شارع الابراج", "categories": "Bakery", "address": "المملكة العربية السعودية", "price": "Cheap", "likes": 5.0, "photos": "0", "tips": "1", "rating": null, "ratingSignals": null, "NEIGHBORHANAME": "ظهرة البديعة", "NEIGHBORHENAME": "DAHRAT AL-BADEAH", "lon": 46.644203641943037, "lat": 24.600246585220297, "rating_range": null }, "geometry": { "type": "Point", "coordinates": [ 46.644203641943037, 24.600246585220297 ] } },
{ "type": "Feature", "properties": { "name": "Koshary Albasha | كُشري الباشا", "categories": "Egyptian Restaurant", "address": "المملكة العربية السعودية", "price": null, "likes": 1.0, "photos": "6", "tips": "1", "rating": null, "ratingSignals": null, "NEIGHBORHANAME": "ظهرة البديعة", "NEIGHBORHENAME": "DAHRAT AL-BADEAH", "lon": 46.643666383563357, "lat": 24.600470550823545, "rating_range": null }, "geometry": { "type": "Point", "coordinates": [ 46.643666383563357, 24.600470550823545 ] } },
{ "type": "Feature", "properties": { "name": "Pizzaratti (بيتزاراتي)", "categories": "Pizza Place, Italian Restaurant", "address": "Dhahrat Al Badi'ah (Al Madinah Al Munawwarah Rd.), الرياض 12784, المملكة العربية السعودية", "price": "Cheap", "likes": 23.0, "photos": "12", "tips": "10", "rating": 7.9, "ratingSignals": 31.0, "NEIGHBORHANAME": "ظهرة البديعة", "NEIGHBORHENAME": "DAHRAT AL-BADEAH", "lon": 46.650301516056061, "lat": 24.603752565776862, "rating_range": "High (8–10)" }, "geometry": { "type": "Point", "coordinates": [ 46.650301516056061, 24.603752565776862 ] } },
{ "type": "Feature", "properties": { "name": "Oregano Pizzeria (اوريجانو بيتزاريا)", "categories": "Pizza Place", "address": "Al Badia (Al Madinah Al Munawwarah Rd.), الرياض 11566, المملكة العربية السعودية", "price": "Cheap", "likes": 34.0, "photos": "16", "tips": "45", "rating": 8.2, "ratingSignals": 52.0, "NEIGHBORHANAME": "ظهرة البديعة", "NEIGHBORHENAME": "DAHRAT AL-BADEAH", "lon": 46.65041, "lat": 24.603935, "rating_range": "High (8–10)" }, "geometry": { "type": "Point", "coordinates": [ 46.65041, 24.603935 ] } },
{ "type": "Feature", "properties": { "name": "Oregano Pizzeria (اوريجانو بيزاريا)", "categories": "Pizza Place", "address": "المملكة العربية السعودية", "price": "Cheap", "likes": 75.0, "photos": "40", "tips": "93", "rating": 8.0, "ratingSignals": 102.0, "NEIGHBORHANAME": "ظهرة البديعة", "NEIGHBORHENAME": "DAHRAT AL-BADEAH", "lon": 46.650142146115677, "lat": 24.603524395015132, "rating_range": "High (8–10)" }, "geometry": { "type": "Point", "coordinates": [ 46.650142146115677, 24.603524395015132 ] } },
{ "type": "Feature", "properties": { "name": "B12 Cafe", "categories": "Coffee Shop", "address": "الرياض 12782, المملكة العربية السعودية", "price": "Cheap", "likes": 4.0, "photos": "1", "tips": "1", "rating": null, "ratingSignals": null, "NEIGHBORHANAME": "ظهرة البديعة", "NEIGHBORHENAME": "DAHRAT AL-BADEAH", "lon": 46.657587, "lat": 24.604879, "rating_range": null }, "geometry": { "type": "Point", "coordinates": [ 46.657587, 24.604879 ] } },
{ "type": "Feature", "properties": { "name": "ترك فرمك عطشك", "categories": "Food Truck", "address": "السويدي (سعد بن عتيق), الرياض 12787, المملكة العربية السعودية", "price": "Cheap", "likes": 2.0, "photos": "5", "tips": "1", "rating": null, "ratingSignals": null, "NEIGHBORHANAME": "ظهرة البديعة", "NEIGHBORHENAME": "DAHRAT AL-BADEAH", "lon": 46.657358850782138, "lat": 24.605558664634646, "rating_range": null }, "geometry": { "type": "Point", "coordinates": [ 46.657358850782138, 24.605558664634646 ] } },
{ "type": "Feature", "properties": { "name": "Wingzilla", "categories": "Food Truck, Wings Joint", "address": "Hattain (Prince Saud bin Mohammed), الرياض 00966, المملكة العربية السعودية", "price": "Cheap", "likes": 78.0, "photos": "176", "tips": "11", "rating": 8.4, "ratingSignals": 98.0, "NEIGHBORHANAME": "المعذر الشمالي", "NEIGHBORHENAME": " NORTH AL-MATHAR", "lon": 46.669753652776691, "lat": 24.68234201696696, "rating_range": "High (8–10)" }, "geometry": { "type": "Point", "coordinates": [ 46.669753652776691, 24.68234201696696 ] } },
{ "type": "Feature", "properties": { "name": "فلافل", "categories": "Falafel Restaurant", "address": "المملكة العربية السعودية", "price": "Cheap", "likes": 0.0, "photos": "0", "tips": "0", "rating": null, "ratingSignals": null, "NEIGHBORHANAME": "ظهرة البديعة", "NEIGHBORHENAME": "DAHRAT AL-BADEAH", "lon": 46.656465, "lat": 24.605018, "rating_range": null }, "geometry": { "type": "Point", "coordinates": [ 46.656465, 24.605018 ] } },
{ "type": "Feature", "properties": { "name": "بخاري نورة", "categories": "Kebab Restaurant", "address": "الرياض 12782, المملكة العربية السعودية", "price": null, "likes": 0.0, "photos": "1", "tips": "0", "rating": null, "ratingSignals": null, "NEIGHBORHANAME": "ظهرة البديعة", "NEIGHBORHENAME": "DAHRAT AL-BADEAH", "lon": 46.656033, "lat": 24.604783, "rating_range": null }, "geometry": { "type": "Point", "coordinates": [ 46.656033, 24.604783 ] } },
{ "type": "Feature", "properties": { "name": "سيارة بليلة مقابل رواد التربية", "categories": "Food Truck", "address": "المملكة العربية السعودية", "price": "Cheap", "likes": 0.0, "photos": "0", "tips": "0", "rating": null, "ratingSignals": null, "NEIGHBORHANAME": "ظهرة البديعة", "NEIGHBORHENAME": "DAHRAT AL-BADEAH", "lon": 46.657405991406527, "lat": 24.605435918324837, "rating_range": null }, "geometry": { "type": "Point", "coordinates": [ 46.657405991406527, 24.605435918324837 ] } },
{ "type": "Feature", "properties": { "name": "Cinnabon - Badiaah Mall", "categories": "Snack Place", "address": "المملكة العربية السعودية", "price": "Cheap", "likes": 1.0, "photos": "0", "tips": "0", "rating": null, "ratingSignals": null, "NEIGHBORHANAME": "ظهرة البديعة", "NEIGHBORHENAME": "DAHRAT AL-BADEAH", "lon": 46.654742615895699, "lat": 24.6063175532651, "rating_range": null }, "geometry": { "type": "Point", "coordinates": [ 46.654742615895699, 24.6063175532651 ] } },
{ "type": "Feature", "properties": { "name": "Stick House (ستك هاوس)", "categories": "Ice Cream Shop", "address": "طريق المدينة بجوار بندة, الرياض, المملكة العربية السعودية", "price": "Cheap", "likes": 16.0, "photos": "24", "tips": "3", "rating": 6.9, "ratingSignals": 21.0, "NEIGHBORHANAME": "ظهرة البديعة", "NEIGHBORHENAME": "DAHRAT AL-BADEAH", "lon": 46.650074327393753, "lat": 24.603652452940306, "rating_range": "Medium (4–7)" }, "geometry": { "type": "Point", "coordinates": [ 46.650074327393753, 24.603652452940306 ] } },
{ "type": "Feature", "properties": { "name": "قصة القصة", "categories": "Coffee Shop", "address": "المملكة العربية السعودية", "price": "Cheap", "likes": 0.0, "photos": "1", "tips": "0", "rating": null, "ratingSignals": null, "NEIGHBORHANAME": "ظهرة البديعة", "NEIGHBORHENAME": "DAHRAT AL-BADEAH", "lon": 46.65674131271205, "lat": 24.608143734782896, "rating_range": null }, "geometry": { "type": "Point", "coordinates": [ 46.65674131271205, 24.608143734782896 ] } },
{ "type": "Feature", "properties": { "name": "Cottage Coffee (كوخ القهوة)", "categories": "Food Truck, Coffee Shop", "address": "Food Track, الرياض, المملكة العربية السعودية", "price": "Cheap", "likes": 6.0, "photos": "12", "tips": "0", "rating": null, "ratingSignals": null, "NEIGHBORHANAME": "ظهرة البديعة", "NEIGHBORHENAME": "DAHRAT AL-BADEAH", "lon": 46.659862079489393, "lat": 24.606867088803359, "rating_range": null }, "geometry": { "type": "Point", "coordinates": [ 46.659862079489393, 24.606867088803359 ] } },
{ "type": "Feature", "properties": { "name": "Hunger Bunny (الارنب الجائع)", "categories": "Burger Joint", "address": "المملكة العربية السعودية", "price": "Cheap", "likes": 0.0, "photos": "3", "tips": "0", "rating": null, "ratingSignals": null, "NEIGHBORHANAME": "ظهرة البديعة", "NEIGHBORHENAME": "DAHRAT AL-BADEAH", "lon": 46.655727812583322, "lat": 24.606855684558724, "rating_range": null }, "geometry": { "type": "Point", "coordinates": [ 46.655727812583322, 24.606855684558724 ] } },
{ "type": "Feature", "properties": { "name": "Gardens Coffee (حدائق القهوة)", "categories": "Coffee Shop, Tea Room", "address": "المملكة العربية السعودية", "price": "Cheap", "likes": 108.0, "photos": "228", "tips": "29", "rating": 7.8, "ratingSignals": 147.0, "NEIGHBORHANAME": "ظهرة البديعة", "NEIGHBORHENAME": "DAHRAT AL-BADEAH", "lon": 46.667000082750683, "lat": 24.608026879806332, "rating_range": "High (8–10)" }, "geometry": { "type": "Point", "coordinates": [ 46.667000082750683, 24.608026879806332 ] } },
{ "type": "Feature", "properties": { "name": "Gardens Cafe", "categories": "Coffee Shop", "address": "الرياض 12781, المملكة العربية السعودية", "price": "Cheap", "likes": 0.0, "photos": "6", "tips": "0", "rating": null, "ratingSignals": null, "NEIGHBORHANAME": "ظهرة البديعة", "NEIGHBORHENAME": "DAHRAT AL-BADEAH", "lon": 46.667047, "lat": 24.60795, "rating_range": null }, "geometry": { "type": "Point", "coordinates": [ 46.667047, 24.60795 ] } },
{ "type": "Feature", "properties": { "name": "Second Event Coffee (مقهى الحدث الثاني)", "categories": "Coffee Shop", "address": "المملكة العربية السعودية", "price": "Cheap", "likes": 0.0, "photos": "4", "tips": "0", "rating": null, "ratingSignals": null, "NEIGHBORHANAME": "ظهرة البديعة", "NEIGHBORHENAME": "DAHRAT AL-BADEAH", "lon": 46.665953321934687, "lat": 24.608168032230463, "rating_range": null }, "geometry": { "type": "Point", "coordinates": [ 46.665953321934687, 24.608168032230463 ] } },
{ "type": "Feature", "properties": { "name": "Maui Wowi (ماوي واوي)", "categories": "Coffee Shop", "address": "المملكة العربية السعودية", "price": "Cheap", "likes": 5.0, "photos": "11", "tips": "0", "rating": 6.2, "ratingSignals": 8.0, "NEIGHBORHANAME": "ظهرة البديعة", "NEIGHBORHENAME": "DAHRAT AL-BADEAH", "lon": 46.650146859494846, "lat": 24.603879758262593, "rating_range": "Medium (4–7)" }, "geometry": { "type": "Point", "coordinates": [ 46.650146859494846, 24.603879758262593 ] } },
{ "type": "Feature", "properties": { "name": "بلنزي للوجبات السريعه", "categories": "Breakfast Spot", "address": "الرياض 12771, المملكة العربية السعودية", "price": "Cheap", "likes": 0.0, "photos": "1", "tips": "0", "rating": null, "ratingSignals": null, "NEIGHBORHANAME": "الجرادية", "NEIGHBORHENAME": "AL-JARRADIYAH", "lon": 46.69299, "lat": 24.616398, "rating_range": null }, "geometry": { "type": "Point", "coordinates": [ 46.69299, 24.616398 ] } },
{ "type": "Feature", "properties": { "name": "ليالي توتي", "categories": "Restaurant", "address": "الجرداية (الجرادية), Alriyadh, المملكة العربية السعودية", "price": "Moderate", "likes": 1.0, "photos": "6", "tips": "0", "rating": null, "ratingSignals": null, "NEIGHBORHANAME": "الجرادية", "NEIGHBORHENAME": "AL-JARRADIYAH", "lon": 46.699176788330078, "lat": 24.615591049194332, "rating_range": null }, "geometry": { "type": "Point", "coordinates": [ 46.699176788330078, 24.615591049194332 ] } },
{ "type": "Feature", "properties": { "name": "فن السيريه", "categories": "African Restaurant", "address": "الرياض 12747, المملكة العربية السعودية", "price": "Moderate", "likes": 0.0, "photos": "11", "tips": "1", "rating": null, "ratingSignals": null, "NEIGHBORHANAME": "الجرادية", "NEIGHBORHENAME": "AL-JARRADIYAH", "lon": 46.694438, "lat": 24.619584, "rating_range": null }, "geometry": { "type": "Point", "coordinates": [ 46.694438, 24.619584 ] } },
{ "type": "Feature", "properties": { "name": "Maestro Pizza (مايسترو بيتزا)", "categories": "Pizza Place", "address": "المملكة العربية السعودية", "price": "Cheap", "likes": 1.0, "photos": "0", "tips": "0", "rating": null, "ratingSignals": null, "NEIGHBORHANAME": "الجرادية", "NEIGHBORHENAME": "AL-JARRADIYAH", "lon": 46.693811828572905, "lat": 24.61721728506021, "rating_range": null }, "geometry": { "type": "Point", "coordinates": [ 46.693811828572905, 24.61721728506021 ] } },
{ "type": "Feature", "properties": { "name": "بروست الشراع", "categories": "Fast Food Restaurant", "address": "المملكة العربية السعودية", "price": "Cheap", "likes": 1.0, "photos": "0", "tips": "0", "rating": null, "ratingSignals": null, "NEIGHBORHANAME": "الجرادية", "NEIGHBORHENAME": "AL-JARRADIYAH", "lon": 46.692646, "lat": 24.61889, "rating_range": null }, "geometry": { "type": "Point", "coordinates": [ 46.692646, 24.61889 ] } },
{ "type": "Feature", "properties": { "name": "مطعم سعيد عبدالله آل محاصر البخاري", "categories": "Middle Eastern Restaurant", "address": "المملكة العربية السعودية", "price": "Moderate", "likes": 0.0, "photos": "1", "tips": "0", "rating": null, "ratingSignals": null, "NEIGHBORHANAME": "الجرادية", "NEIGHBORHENAME": "AL-JARRADIYAH", "lon": 46.693538214373369, "lat": 24.61747338210683, "rating_range": null }, "geometry": { "type": "Point", "coordinates": [ 46.693538214373369, 24.61747338210683 ] } },
{ "type": "Feature", "properties": { "name": "مطعم نصيل التاج", "categories": "Turkish Restaurant", "address": "Madina Road, الرياض, المملكة العربية السعودية", "price": "Moderate", "likes": 0.0, "photos": "0", "tips": "0", "rating": null, "ratingSignals": null, "NEIGHBORHANAME": "الجرادية", "NEIGHBORHENAME": "AL-JARRADIYAH", "lon": 46.693741066136475, "lat": 24.617364253356659, "rating_range": null }, "geometry": { "type": "Point", "coordinates": [ 46.693741066136475, 24.617364253356659 ] } },
{ "type": "Feature", "properties": { "name": "بيت الشوايه", "categories": "Arepa Restaurant", "address": "المملكة العربية السعودية", "price": "Cheap", "likes": 1.0, "photos": "1", "tips": "0", "rating": null, "ratingSignals": null, "NEIGHBORHANAME": "الجرادية", "NEIGHBORHENAME": "AL-JARRADIYAH", "lon": 46.696401802603539, "lat": 24.6186453041216, "rating_range": null }, "geometry": { "type": "Point", "coordinates": [ 46.696401802603539, 24.6186453041216 ] } },
{ "type": "Feature", "properties": { "name": "Shawaya House (بيت الشواية)", "categories": "Restaurant", "address": "Madina Road (Asir Street), الرياض, المملكة العربية السعودية", "price": "Moderate", "likes": 0.0, "photos": "1", "tips": "0", "rating": null, "ratingSignals": null, "NEIGHBORHANAME": "الجرادية", "NEIGHBORHENAME": "AL-JARRADIYAH", "lon": 46.693745783629133, "lat": 24.617393865815508, "rating_range": null }, "geometry": { "type": "Point", "coordinates": [ 46.693745783629133, 24.617393865815508 ] } },
{ "type": "Feature", "properties": { "name": "كبدة الشيف احمد قمبو", "categories": "African Restaurant", "address": "الرياض 12771, المملكة العربية السعودية", "price": "Moderate", "likes": 0.0, "photos": "2", "tips": "0", "rating": null, "ratingSignals": null, "NEIGHBORHANAME": "الجرادية", "NEIGHBORHENAME": "AL-JARRADIYAH", "lon": 46.695893, "lat": 24.617678, "rating_range": null }, "geometry": { "type": "Point", "coordinates": [ 46.695893, 24.617678 ] } },
{ "type": "Feature", "properties": { "name": "مطعم درة اخوان البخاري", "categories": "Restaurant", "address": "المملكة العربية السعودية", "price": "Moderate", "likes": 0.0, "photos": "0", "tips": "0", "rating": null, "ratingSignals": null, "NEIGHBORHANAME": "الجرادية", "NEIGHBORHENAME": "AL-JARRADIYAH", "lon": 46.693708043700397, "lat": 24.617361775759367, "rating_range": null }, "geometry": { "type": "Point", "coordinates": [ 46.693708043700397, 24.617361775759367 ] } },
{ "type": "Feature", "properties": { "name": "مطاعم نسمة الطاهي للمثلوثة و الأكلات الشعبية", "categories": "Middle Eastern Restaurant", "address": "المملكة العربية السعودية", "price": "Moderate", "likes": 1.0, "photos": "0", "tips": "1", "rating": null, "ratingSignals": null, "NEIGHBORHANAME": "الجرادية", "NEIGHBORHENAME": "AL-JARRADIYAH", "lon": 46.693830698572853, "lat": 24.617499626737803, "rating_range": null }, "geometry": { "type": "Point", "coordinates": [ 46.693830698572853, 24.617499626737803 ] } },
{ "type": "Feature", "properties": { "name": "Dunkin' Donuts Tammimi", "categories": "Donut Shop", "address": "King Fahd Rd., الرياض, المملكة العربية السعودية", "price": "Cheap", "likes": 1.0, "photos": "3", "tips": "0", "rating": null, "ratingSignals": null, "NEIGHBORHANAME": "الجرادية", "NEIGHBORHENAME": "AL-JARRADIYAH", "lon": 46.695043110986283, "lat": 24.61819117713657, "rating_range": null }, "geometry": { "type": "Point", "coordinates": [ 46.695043110986283, 24.61819117713657 ] } },
{ "type": "Feature", "properties": { "name": "مشويات الهوساوي", "categories": "African Restaurant", "address": "الرياض - شارع المدينة المنورة, الرياض 12771, المملكة العربية السعودية", "price": "Moderate", "likes": 1.0, "photos": "5", "tips": "1", "rating": null, "ratingSignals": null, "NEIGHBORHANAME": "الجرادية", "NEIGHBORHENAME": "AL-JARRADIYAH", "lon": 46.695041, "lat": 24.617602, "rating_range": null }, "geometry": { "type": "Point", "coordinates": [ 46.695041, 24.617602 ] } },
{ "type": "Feature", "properties": { "name": "مشويات ركن الحطاب", "categories": "African Restaurant", "address": "المملكة العربية السعودية", "price": "Moderate", "likes": 0.0, "photos": "1", "tips": "0", "rating": null, "ratingSignals": null, "NEIGHBORHANAME": "الجرادية", "NEIGHBORHENAME": "AL-JARRADIYAH", "lon": 46.693538214373369, "lat": 24.617505965377145, "rating_range": null }, "geometry": { "type": "Point", "coordinates": [ 46.693538214373369, 24.617505965377145 ] } },
{ "type": "Feature", "properties": { "name": "فرن باكستاني و تميس", "categories": "Breakfast Spot", "address": "المملكة العربية السعودية", "price": "Cheap", "likes": 0.0, "photos": "0", "tips": "0", "rating": null, "ratingSignals": null, "NEIGHBORHANAME": "الجرادية", "NEIGHBORHENAME": "AL-JARRADIYAH", "lon": 46.693726913661202, "lat": 24.617312654100338, "rating_range": null }, "geometry": { "type": "Point", "coordinates": [ 46.693726913661202, 24.617312654100338 ] } },
{ "type": "Feature", "properties": { "name": "بيت الكبدة", "categories": "Breakfast Spot", "address": "مقابل الرئاسة العامة للبحوث واالعلمية والافتاء, الرياض, المملكة العربية السعودية", "price": "Cheap", "likes": 113.0, "photos": "94", "tips": "22", "rating": 8.5, "ratingSignals": 135.0, "NEIGHBORHANAME": "الجرادية", "NEIGHBORHENAME": "AL-JARRADIYAH", "lon": 46.705068921457674, "lat": 24.617474889339189, "rating_range": "High (8–10)" }, "geometry": { "type": "Point", "coordinates": [ 46.705068921457674, 24.617474889339189 ] } },
{ "type": "Feature", "properties": { "name": "Burger King - Al Salam Park", "categories": "Burger Joint", "address": "Salam Park, Salam St, Salam, الرياض 12651, المملكة العربية السعودية", "price": "Cheap", "likes": 0.0, "photos": "0", "tips": "0", "rating": null, "ratingSignals": null, "NEIGHBORHANAME": "سلام", "NEIGHBORHENAME": "SALAM", "lon": 46.708933, "lat": 24.620673, "rating_range": null }, "geometry": { "type": "Point", "coordinates": [ 46.708933, 24.620673 ] } },
{ "type": "Feature", "properties": { "name": "Starbucks", "categories": "Coffee Shop", "address": "الرياض 12651, المملكة العربية السعودية", "price": "Cheap", "likes": 0.0, "photos": "2", "tips": "0", "rating": 8.3, "ratingSignals": 0.0, "NEIGHBORHANAME": "سلام", "NEIGHBORHENAME": "SALAM", "lon": 46.709281, "lat": 24.62169, "rating_range": "High (8–10)" }, "geometry": { "type": "Point", "coordinates": [ 46.709281, 24.62169 ] } },
{ "type": "Feature", "properties": { "name": "خمير", "categories": "Yemeni Restaurant", "address": "الرياض 12634, المملكة العربية السعودية", "price": null, "likes": 0.0, "photos": "0", "tips": "0", "rating": null, "ratingSignals": null, "NEIGHBORHANAME": "الدحو", "NEIGHBORHENAME": "AD-DAHOU", "lon": 46.714779, "lat": 24.630528, "rating_range": null }, "geometry": { "type": "Point", "coordinates": [ 46.714779, 24.630528 ] } },
{ "type": "Feature", "properties": { "name": "لا احد يجي", "categories": "Coffee Shop", "address": "المهدية (شارع وادي هرجاب), الرياض 13765, المملكة العربية السعودية", "price": "Cheap", "likes": 2.0, "photos": "11", "tips": "4", "rating": null, "ratingSignals": null, "NEIGHBORHANAME": "المهدية", "NEIGHBORHENAME": "AL-MAHDIYAH", "lon": 46.496517, "lat": 24.648947, "rating_range": null }, "geometry": { "type": "Point", "coordinates": [ 46.496517, 24.648947 ] } },
{ "type": "Feature", "properties": { "name": "مطعم الباشا", "categories": "Restaurant", "address": "الوشم, الرياض 12725, المملكة العربية السعودية", "price": "Moderate", "likes": 7.0, "photos": "2", "tips": "1", "rating": 6.4, "ratingSignals": 12.0, "NEIGHBORHANAME": "الناصرية", "NEIGHBORHENAME": "AN-NASIRIYAH", "lon": 46.670721173286438, "lat": 24.648819565773007, "rating_range": "Medium (4–7)" }, "geometry": { "type": "Point", "coordinates": [ 46.670721173286438, 24.648819565773007 ] } },
{ "type": "Feature", "properties": { "name": "Wish Rayak", "categories": "Fast Food Restaurant", "address": "المملكة العربية السعودية", "price": "Cheap", "likes": 1.0, "photos": "0", "tips": "0", "rating": null, "ratingSignals": null, "NEIGHBORHANAME": "الناصرية", "NEIGHBORHENAME": "AN-NASIRIYAH", "lon": 46.670303344726562, "lat": 24.649621963500973, "rating_range": null }, "geometry": { "type": "Point", "coordinates": [ 46.670303344726562, 24.649621963500973 ] } },
{ "type": "Feature", "properties": { "name": "السبيعي الناصريه", "categories": "Restaurant", "address": "المملكة العربية السعودية", "price": "Moderate", "likes": 1.0, "photos": "0", "tips": "0", "rating": null, "ratingSignals": null, "NEIGHBORHANAME": "الناصرية", "NEIGHBORHENAME": "AN-NASIRIYAH", "lon": 46.670343, "lat": 24.65066, "rating_range": null }, "geometry": { "type": "Point", "coordinates": [ 46.670343, 24.65066 ] } },
{ "type": "Feature", "properties": { "name": "بوفيه كبده حاشي", "categories": "Afghan Restaurant", "address": "Alnasryah, الرياض, المملكة العربية السعودية", "price": "Moderate", "likes": 15.0, "photos": "4", "tips": "1", "rating": 7.4, "ratingSignals": 20.0, "NEIGHBORHANAME": "الناصرية", "NEIGHBORHENAME": "AN-NASIRIYAH", "lon": 46.672314603887493, "lat": 24.651951010697367, "rating_range": "High (8–10)" }, "geometry": { "type": "Point", "coordinates": [ 46.672314603887493, 24.651951010697367 ] } },
{ "type": "Feature", "properties": { "name": "فلافل نايف", "categories": "Falafel Restaurant", "address": "شارع المعذر, الرياض 12733, المملكة العربية السعودية", "price": "Cheap", "likes": 1.0, "photos": "0", "tips": "0", "rating": null, "ratingSignals": null, "NEIGHBORHANAME": "الناصرية", "NEIGHBORHENAME": "AN-NASIRIYAH", "lon": 46.675091, "lat": 24.653876, "rating_range": null }, "geometry": { "type": "Point", "coordinates": [ 46.675091, 24.653876 ] } },
{ "type": "Feature", "properties": { "name": "chicken basha", "categories": "Fried Chicken Joint", "address": "المملكة العربية السعودية", "price": "Cheap", "likes": 2.0, "photos": "1", "tips": "0", "rating": null, "ratingSignals": null, "NEIGHBORHANAME": "الناصرية", "NEIGHBORHENAME": "AN-NASIRIYAH", "lon": 46.671908559333467, "lat": 24.651730678068358, "rating_range": null }, "geometry": { "type": "Point", "coordinates": [ 46.671908559333467, 24.651730678068358 ] } },
{ "type": "Feature", "properties": { "name": "بوفية قسم الناصريه", "categories": "Cafeteria", "address": "المملكة العربية السعودية", "price": null, "likes": 0.0, "photos": "1", "tips": "0", "rating": null, "ratingSignals": null, "NEIGHBORHANAME": "الناصرية", "NEIGHBORHENAME": "AN-NASIRIYAH", "lon": 46.684756, "lat": 24.654406, "rating_range": null }, "geometry": { "type": "Point", "coordinates": [ 46.684756, 24.654406 ] } },
{ "type": "Feature", "properties": { "name": "القهوة العربية || Arabian Cofe", "categories": "Coffee Shop", "address": "الناصرية (شارع التخصصي), الرياض, المملكة العربية السعودية", "price": "Cheap", "likes": 1.0, "photos": "2", "tips": "0", "rating": null, "ratingSignals": null, "NEIGHBORHANAME": "الناصرية", "NEIGHBORHENAME": "AN-NASIRIYAH", "lon": 46.68703795846136, "lat": 24.655264862957889, "rating_range": null }, "geometry": { "type": "Point", "coordinates": [ 46.68703795846136, 24.655264862957889 ] } },
{ "type": "Feature", "properties": { "name": "detour truck | تحويلة", "categories": "Food Truck", "address": "المملكة العربية السعودية", "price": "Cheap", "likes": 0.0, "photos": "2", "tips": "0", "rating": null, "ratingSignals": null, "NEIGHBORHANAME": "المهدية", "NEIGHBORHENAME": "AL-MAHDIYAH", "lon": 46.538856385840255, "lat": 24.667555003490982, "rating_range": null }, "geometry": { "type": "Point", "coordinates": [ 46.538856385840255, 24.667555003490982 ] } },
{ "type": "Feature", "properties": { "name": "Starbucks", "categories": "Coffee Shop", "address": "University Medical City - King Saud University, الرياض, المملكة العربية السعودية", "price": "Cheap", "likes": 6.0, "photos": "6", "tips": "1", "rating": 7.4, "ratingSignals": 8.0, "NEIGHBORHANAME": "الناصرية", "NEIGHBORHENAME": "AN-NASIRIYAH", "lon": 46.68647665522559, "lat": 24.657707028635642, "rating_range": "High (8–10)" }, "geometry": { "type": "Point", "coordinates": [ 46.68647665522559, 24.657707028635642 ] } },
{ "type": "Feature", "properties": { "name": "Helen's kitchen", "categories": "Bakery", "address": "Takassusi Street (King Faisal Hospital), الرياض, المملكة العربية السعودية", "price": "Cheap", "likes": 0.0, "photos": "1", "tips": "0", "rating": null, "ratingSignals": null, "NEIGHBORHANAME": "الناصرية", "NEIGHBORHENAME": "AN-NASIRIYAH", "lon": 46.686835133876237, "lat": 24.656685576767348, "rating_range": null }, "geometry": { "type": "Point", "coordinates": [ 46.686835133876237, 24.656685576767348 ] } },
{ "type": "Feature", "properties": { "name": "Tafaseel", "categories": "Coffee Shop", "address": "الرياض 13752, المملكة العربية السعودية", "price": "Cheap", "likes": 0.0, "photos": "0", "tips": "0", "rating": null, "ratingSignals": null, "NEIGHBORHANAME": "المهدية", "NEIGHBORHENAME": "AL-MAHDIYAH", "lon": 46.55356, "lat": 24.671673, "rating_range": null }, "geometry": { "type": "Point", "coordinates": [ 46.55356, 24.671673 ] } },
{ "type": "Feature", "properties": { "name": "عزرائيل", "categories": "Food Truck", "address": "الرياض 12564, المملكة العربية السعودية", "price": "Cheap", "likes": 0.0, "photos": "2", "tips": "0", "rating": null, "ratingSignals": null, "NEIGHBORHANAME": "المهدية", "NEIGHBORHENAME": "AL-MAHDIYAH", "lon": 46.540116766314789, "lat": 24.66797547918188, "rating_range": null }, "geometry": { "type": "Point", "coordinates": [ 46.540116766314789, 24.66797547918188 ] } },
{ "type": "Feature", "properties": { "name": "كبسة دسمان", "categories": "Restaurant", "address": "المهدية (السيل الكبير), الرياض 13752, المملكة العربية السعودية", "price": "Moderate", "likes": 1.0, "photos": "1", "tips": "0", "rating": null, "ratingSignals": null, "NEIGHBORHANAME": "المهدية", "NEIGHBORHENAME": "AL-MAHDIYAH", "lon": 46.554105, "lat": 24.672108, "rating_range": null }, "geometry": { "type": "Point", "coordinates": [ 46.554105, 24.672108 ] } },
{ "type": "Feature", "properties": { "name": "Karem Cafe (مقهى كريم)", "categories": "Coffee Shop", "address": "Prince Turki Bin Abdulaziz Al-Aawwal Rd. (Makkah Rd.), الرياض, المملكة العربية السعودية", "price": "Moderate", "likes": 752.0, "photos": "643", "tips": "143", "rating": 8.4, "ratingSignals": 974.0, "NEIGHBORHANAME": "المعذر الشمالي", "NEIGHBORHENAME": " NORTH AL-MATHAR", "lon": 46.668937075966561, "lat": 24.675271858464594, "rating_range": "High (8–10)" }, "geometry": { "type": "Point", "coordinates": [ 46.668937075966561, 24.675271858464594 ] } },
{ "type": "Feature", "properties": { "name": "Richony Cafè (قهوة ريتشوني)", "categories": "Coffee Shop", "address": "Makkah Rd (Prince Turki Al-Awwal St), الرياض 12312, المملكة العربية السعودية", "price": "Cheap", "likes": 1169.0, "photos": "5726", "tips": "142", "rating": 9.0, "ratingSignals": 1400.0, "NEIGHBORHANAME": "المعذر الشمالي", "NEIGHBORHENAME": " NORTH AL-MATHAR", "lon": 46.671398853854292, "lat": 24.675296754987336, "rating_range": "High (8–10)" }, "geometry": { "type": "Point", "coordinates": [ 46.671398853854292, 24.675296754987336 ] } },
{ "type": "Feature", "properties": { "name": "Rojina Restaurant & Cafe (روجينا كافيه)", "categories": "Middle Eastern Restaurant", "address": "الرياض - المعذر الشمالي - طريق مكة المكرمة الفرعي (Makkah road), الرياض 12312, المملكة العربية السعودية", "price": "Moderate", "likes": 707.0, "photos": "1501", "tips": "144", "rating": 9.0, "ratingSignals": 885.0, "NEIGHBORHANAME": "المعذر الشمالي", "NEIGHBORHENAME": " NORTH AL-MATHAR", "lon": 46.673676, "lat": 24.675439, "rating_range": "High (8–10)" }, "geometry": { "type": "Point", "coordinates": [ 46.673676, 24.675439 ] } },
{ "type": "Feature", "properties": { "name": "Herfy", "categories": "Fast Food Restaurant", "address": "Ar Riyad 12312 (Al Lazaz St), الرياض, المملكة العربية السعودية", "price": "Cheap", "likes": 46.0, "photos": "48", "tips": "14", "rating": 6.6, "ratingSignals": 74.0, "NEIGHBORHANAME": "المعذر الشمالي", "NEIGHBORHENAME": " NORTH AL-MATHAR", "lon": 46.675098725065787, "lat": 24.67558715124753, "rating_range": "Medium (4–7)" }, "geometry": { "type": "Point", "coordinates": [ 46.675098725065787, 24.67558715124753 ] } },
{ "type": "Feature", "properties": { "name": "Diwan Cafe (ديوان القهوة)", "categories": "Coffee Shop", "address": "Mecca Rd, الرياض, المملكة العربية السعودية", "price": "Cheap", "likes": 31.0, "photos": "116", "tips": "5", "rating": 7.8, "ratingSignals": 38.0, "NEIGHBORHANAME": "المعذر الشمالي", "NEIGHBORHENAME": " NORTH AL-MATHAR", "lon": 46.671532494162648, "lat": 24.675127759850128, "rating_range": "High (8–10)" }, "geometry": { "type": "Point", "coordinates": [ 46.671532494162648, 24.675127759850128 ] } },
{ "type": "Feature", "properties": { "name": "Manoosha (منؤشة)", "categories": "Bakery, Pizza Place", "address": "Kurais Rd. (Al Takhassusi St.), الرياض, المملكة العربية السعودية", "price": "Cheap", "likes": 42.0, "photos": "26", "tips": "3", "rating": 7.7, "ratingSignals": 52.0, "NEIGHBORHANAME": "المعذر الشمالي", "NEIGHBORHENAME": " NORTH AL-MATHAR", "lon": 46.673647159363014, "lat": 24.675304146200837, "rating_range": "High (8–10)" }, "geometry": { "type": "Point", "coordinates": [ 46.673647159363014, 24.675304146200837 ] } },
{ "type": "Feature", "properties": { "name": "Veloce", "categories": "Food Truck", "address": "الرياض, المملكة العربية السعودية", "price": "Cheap", "likes": 13.0, "photos": "46", "tips": "0", "rating": 8.1, "ratingSignals": 14.0, "NEIGHBORHANAME": "المعذر الشمالي", "NEIGHBORHENAME": " NORTH AL-MATHAR", "lon": 46.675200040148539, "lat": 24.67521698212261, "rating_range": "High (8–10)" }, "geometry": { "type": "Point", "coordinates": [ 46.675200040148539, 24.67521698212261 ] } },
{ "type": "Feature", "properties": { "name": "Diwan Cafè (كوفي الديوان)", "categories": "Coffee Shop", "address": "المملكة العربية السعودية", "price": "Cheap", "likes": 2.0, "photos": "0", "tips": "0", "rating": null, "ratingSignals": null, "NEIGHBORHANAME": "المعذر الشمالي", "NEIGHBORHENAME": " NORTH AL-MATHAR", "lon": 46.670997, "lat": 24.675076, "rating_range": null }, "geometry": { "type": "Point", "coordinates": [ 46.670997, 24.675076 ] } },
{ "type": "Feature", "properties": { "name": "Richony Square (مربع ريتشوني)", "categories": "Outdoor Event Space, Coffee Shop", "address": "Aseela Street (Shaker Bin Sabra Street), الرياض 12312, المملكة العربية السعودية", "price": null, "likes": 1.0, "photos": "2", "tips": "0", "rating": null, "ratingSignals": null, "NEIGHBORHANAME": "المعذر الشمالي", "NEIGHBORHENAME": " NORTH AL-MATHAR", "lon": 46.672619, "lat": 24.676455, "rating_range": null }, "geometry": { "type": "Point", "coordinates": [ 46.672619, 24.676455 ] } },
{ "type": "Feature", "properties": { "name": "Diet Center (دايت سنتر)", "categories": "Sandwich Place, Nutritionist", "address": "Azizia - Whites Pharmecy (Tkhasossi - Turki Alawal), الرياض, المملكة العربية السعودية", "price": "Cheap", "likes": 1.0, "photos": "16", "tips": "1", "rating": 6.3, "ratingSignals": 4.0, "NEIGHBORHANAME": "المعذر الشمالي", "NEIGHBORHENAME": " NORTH AL-MATHAR", "lon": 46.673654602557399, "lat": 24.675388943857726, "rating_range": "Medium (4–7)" }, "geometry": { "type": "Point", "coordinates": [ 46.673654602557399, 24.675388943857726 ] } },
{ "type": "Feature", "properties": { "name": "Starbucks", "categories": "Coffee Shop", "address": "Takhassusi St (Takhassusi St), الرياض, المملكة العربية السعودية", "price": "Expensive", "likes": 3042.0, "photos": "5324", "tips": "285", "rating": 9.0, "ratingSignals": 3557.0, "NEIGHBORHANAME": "المعذر الشمالي", "NEIGHBORHENAME": " NORTH AL-MATHAR", "lon": 46.676398565291471, "lat": 24.676180353061554, "rating_range": "High (8–10)" }, "geometry": { "type": "Point", "coordinates": [ 46.676398565291471, 24.676180353061554 ] } },
{ "type": "Feature", "properties": { "name": "Wayne's Coffee (واينز كوفي)", "categories": "Coffee Shop", "address": "Hyper Panda (Khurais Rd.), الرياض, المملكة العربية السعودية", "price": "Cheap", "likes": 968.0, "photos": "1660", "tips": "239", "rating": 8.8, "ratingSignals": 1224.0, "NEIGHBORHANAME": "المعذر الشمالي", "NEIGHBORHENAME": " NORTH AL-MATHAR", "lon": 46.675970648316422, "lat": 24.675576488585339, "rating_range": "High (8–10)" }, "geometry": { "type": "Point", "coordinates": [ 46.675970648316422, 24.675576488585339 ] } },
{ "type": "Feature", "properties": { "name": "Dunkin' Donuts", "categories": "Donut Shop", "address": "Mecca Rd, الرياض, المملكة العربية السعودية", "price": "Cheap", "likes": 327.0, "photos": "675", "tips": "37", "rating": 9.0, "ratingSignals": 380.0, "NEIGHBORHANAME": "المعذر الشمالي", "NEIGHBORHENAME": " NORTH AL-MATHAR", "lon": 46.675586990359221, "lat": 24.675957368357224, "rating_range": "High (8–10)" }, "geometry": { "type": "Point", "coordinates": [ 46.675586990359221, 24.675957368357224 ] } },
{ "type": "Feature", "properties": { "name": "Penguin's Restaurants (مطاعم البطريق)", "categories": "Burger Joint", "address": "Al Madhar Ash Shamal (at Takhassusi St), الرياض 12312, المملكة العربية السعودية", "price": "Cheap", "likes": 164.0, "photos": "103", "tips": "59", "rating": 8.2, "ratingSignals": 216.0, "NEIGHBORHANAME": "المعذر الشمالي", "NEIGHBORHENAME": " NORTH AL-MATHAR", "lon": 46.67538828729991, "lat": 24.675916723902695, "rating_range": "High (8–10)" }, "geometry": { "type": "Point", "coordinates": [ 46.67538828729991, 24.675916723902695 ] } },
{ "type": "Feature", "properties": { "name": "Yummy Wok (يمي ووك)", "categories": "Noodle House", "address": "Mecca Rd (at Takhassusi St), الرياض, المملكة العربية السعودية", "price": "Cheap", "likes": 1062.0, "photos": "853", "tips": "359", "rating": 8.5, "ratingSignals": 1397.0, "NEIGHBORHANAME": "المعذر الشمالي", "NEIGHBORHENAME": " NORTH AL-MATHAR", "lon": 46.675340839042789, "lat": 24.676017514385357, "rating_range": "High (8–10)" }, "geometry": { "type": "Point", "coordinates": [ 46.675340839042789, 24.676017514385357 ] } },
{ "type": "Feature", "properties": { "name": "Hamburgini (هامبرغيني)", "categories": "Burger Joint", "address": "الرياض 12312, المملكة العربية السعودية", "price": "Cheap", "likes": 30.0, "photos": "39", "tips": "2", "rating": 7.1, "ratingSignals": 46.0, "NEIGHBORHANAME": "المعذر الشمالي", "NEIGHBORHENAME": " NORTH AL-MATHAR", "lon": 46.675789156106006, "lat": 24.67614757632229, "rating_range": "High (8–10)" }, "geometry": { "type": "Point", "coordinates": [ 46.675789156106006, 24.67614757632229 ] } },
{ "type": "Feature", "properties": { "name": "Big Tummy", "categories": "Coffee Shop", "address": "Makkah Almukrmah Road, الرياض 12312, المملكة العربية السعودية", "price": "Cheap", "likes": 33.0, "photos": "94", "tips": "2", "rating": 8.7, "ratingSignals": 36.0, "NEIGHBORHANAME": "المعذر الشمالي", "NEIGHBORHENAME": " NORTH AL-MATHAR", "lon": 46.675636, "lat": 24.676153, "rating_range": "High (8–10)" }, "geometry": { "type": "Point", "coordinates": [ 46.675636, 24.676153 ] } },
{ "type": "Feature", "properties": { "name": "Shrimper", "categories": "Seafood Restaurant", "address": "Awal Plaza (Makkah Rd.), الرياض 12312, المملكة العربية السعودية", "price": "Expensive", "likes": 5.0, "photos": "13", "tips": "1", "rating": null, "ratingSignals": null, "NEIGHBORHANAME": "المعذر الشمالي", "NEIGHBORHENAME": " NORTH AL-MATHAR", "lon": 46.675682, "lat": 24.676374, "rating_range": null }, "geometry": { "type": "Point", "coordinates": [ 46.675682, 24.676374 ] } },
{ "type": "Feature", "properties": { "name": "Arepas (أريباس)", "categories": "Arepa Restaurant, Middle Eastern Restaurant", "address": "Azizia Panda Takhassusi, الرياض, المملكة العربية السعودية", "price": "Cheap", "likes": 144.0, "photos": "106", "tips": "76", "rating": 7.9, "ratingSignals": 217.0, "NEIGHBORHANAME": "المعذر الشمالي", "NEIGHBORHENAME": " NORTH AL-MATHAR", "lon": 46.67684865292383, "lat": 24.67616965336207, "rating_range": "High (8–10)" }, "geometry": { "type": "Point", "coordinates": [ 46.67684865292383, 24.67616965336207 ] } },
{ "type": "Feature", "properties": { "name": "Baskin-Robbins", "categories": "Ice Cream Shop", "address": "الرياض, المملكة العربية السعودية", "price": "Cheap", "likes": 77.0, "photos": "105", "tips": "10", "rating": 9.0, "ratingSignals": 93.0, "NEIGHBORHANAME": "المعذر الشمالي", "NEIGHBORHENAME": " NORTH AL-MATHAR", "lon": 46.676080320142432, "lat": 24.67625351793534, "rating_range": "High (8–10)" }, "geometry": { "type": "Point", "coordinates": [ 46.676080320142432, 24.67625351793534 ] } },
{ "type": "Feature", "properties": { "name": "So Soufflé (سو سوفليه)", "categories": "Dessert Shop", "address": "الرياض 12312, المملكة العربية السعودية", "price": "Cheap", "likes": 21.0, "photos": "68", "tips": "4", "rating": 8.2, "ratingSignals": 28.0, "NEIGHBORHANAME": "المعذر الشمالي", "NEIGHBORHENAME": " NORTH AL-MATHAR", "lon": 46.675667724387722, "lat": 24.676089886718692, "rating_range": "High (8–10)" }, "geometry": { "type": "Point", "coordinates": [ 46.675667724387722, 24.676089886718692 ] } },
{ "type": "Feature", "properties": { "name": "Farghali (فرغلي)", "categories": "Juice Bar", "address": "Takhassusi St (Khurais Rd), الرياض, المملكة العربية السعودية", "price": "Cheap", "likes": 18.0, "photos": "29", "tips": "5", "rating": 7.5, "ratingSignals": 23.0, "NEIGHBORHANAME": "المعذر الشمالي", "NEIGHBORHENAME": " NORTH AL-MATHAR", "lon": 46.677038946268546, "lat": 24.676208446701303, "rating_range": "High (8–10)" }, "geometry": { "type": "Point", "coordinates": [ 46.677038946268546, 24.676208446701303 ] } },
{ "type": "Feature", "properties": { "name": "HOTDOG EXPRESS (هوت دوج اكسبرس)", "categories": "Hot Dog Joint", "address": "Altakhassusi (Kuris), الرياض, المملكة العربية السعودية", "price": "Cheap", "likes": 109.0, "photos": "97", "tips": "49", "rating": 8.5, "ratingSignals": 148.0, "NEIGHBORHANAME": "المعذر الشمالي", "NEIGHBORHENAME": " NORTH AL-MATHAR", "lon": 46.677773064576385, "lat": 24.676528341469908, "rating_range": "High (8–10)" }, "geometry": { "type": "Point", "coordinates": [ 46.677773064576385, 24.676528341469908 ] } },
{ "type": "Feature", "properties": { "name": "Shawarmer (شاورمر)", "categories": "Shawarma Place", "address": "Hyper Panda Plaza (Takhasusi Street), الرياض, المملكة العربية السعودية", "price": null, "likes": 63.0, "photos": "43", "tips": "20", "rating": 6.8, "ratingSignals": 94.0, "NEIGHBORHANAME": "المعذر الشمالي", "NEIGHBORHENAME": " NORTH AL-MATHAR", "lon": 46.675363963534288, "lat": 24.67591969117786, "rating_range": "Medium (4–7)" }, "geometry": { "type": "Point", "coordinates": [ 46.675363963534288, 24.67591969117786 ] } },
{ "type": "Feature", "properties": { "name": "Mozzat", "categories": "Butcher, Storage Facility, BBQ Joint", "address": "الرياض 12312, المملكة العربية السعودية", "price": null, "likes": 14.0, "photos": "80", "tips": "4", "rating": 8.6, "ratingSignals": 15.0, "NEIGHBORHANAME": "المعذر الشمالي", "NEIGHBORHENAME": " NORTH AL-MATHAR", "lon": 46.675209, "lat": 24.675768, "rating_range": "High (8–10)" }, "geometry": { "type": "Point", "coordinates": [ 46.675209, 24.675768 ] } },
{ "type": "Feature", "properties": { "name": "Domino's Pizza دومينوز بيتزا", "categories": "Pizza Place", "address": "Khurais Rd. (Takhassusi St.), الرياض, المملكة العربية السعودية", "price": "Cheap", "likes": 65.0, "photos": "54", "tips": "12", "rating": 7.9, "ratingSignals": 86.0, "NEIGHBORHANAME": "المعذر الشمالي", "NEIGHBORHENAME": " NORTH AL-MATHAR", "lon": 46.67534947931771, "lat": 24.675998434260567, "rating_range": "High (8–10)" }, "geometry": { "type": "Point", "coordinates": [ 46.67534947931771, 24.675998434260567 ] } },
{ "type": "Feature", "properties": { "name": "KFC", "categories": "Fast Food Restaurant, Fried Chicken Joint", "address": "Takhassussi, المملكة العربية السعودية", "price": "Cheap", "likes": 14.0, "photos": "31", "tips": "6", "rating": 5.4, "ratingSignals": 34.0, "NEIGHBORHANAME": "المعذر الشمالي", "NEIGHBORHENAME": " NORTH AL-MATHAR", "lon": 46.676114442785476, "lat": 24.676256034034253, "rating_range": "Medium (4–7)" }, "geometry": { "type": "Point", "coordinates": [ 46.676114442785476, 24.676256034034253 ] } },
{ "type": "Feature", "properties": { "name": "Domino's Pizza", "categories": "Pizza Place", "address": "Awal Plaza, 3198 Makkah Al Mukarramah Branch Rd, Al Mathar Al Shamali, الرياض 12312, المملكة العربية السعودية", "price": "Cheap", "likes": 0.0, "photos": "2", "tips": "0", "rating": 7.3, "ratingSignals": 0.0, "NEIGHBORHANAME": "المعذر الشمالي", "NEIGHBORHENAME": " NORTH AL-MATHAR", "lon": 46.675197, "lat": 24.675963, "rating_range": "High (8–10)" }, "geometry": { "type": "Point", "coordinates": [ 46.675197, 24.675963 ] } },
{ "type": "Feature", "properties": { "name": "alś (آلز)", "categories": "Sandwich Place, Health Food Store", "address": "Makkah Road, الرياض, المملكة العربية السعودية", "price": "Cheap", "likes": 73.0, "photos": "179", "tips": "74", "rating": 6.4, "ratingSignals": 144.0, "NEIGHBORHANAME": "المعذر الشمالي", "NEIGHBORHENAME": " NORTH AL-MATHAR", "lon": 46.675336214420241, "lat": 24.675976083637607, "rating_range": "Medium (4–7)" }, "geometry": { "type": "Point", "coordinates": [ 46.675336214420241, 24.675976083637607 ] } },
{ "type": "Feature", "properties": { "name": "La soufflé", "categories": "Coffee Shop", "address": "الرياض 12312, المملكة العربية السعودية", "price": "Cheap", "likes": 0.0, "photos": "4", "tips": "0", "rating": null, "ratingSignals": null, "NEIGHBORHANAME": "المعذر الشمالي", "NEIGHBORHENAME": " NORTH AL-MATHAR", "lon": 46.675782, "lat": 24.676058, "rating_range": null }, "geometry": { "type": "Point", "coordinates": [ 46.675782, 24.676058 ] } },
{ "type": "Feature", "properties": { "name": "Maestro Pizza", "categories": "Pizza Place", "address": "الرياض 12312, المملكة العربية السعودية", "price": "Cheap", "likes": 0.0, "photos": "1", "tips": "0", "rating": 7.3, "ratingSignals": 0.0, "NEIGHBORHANAME": "المعذر الشمالي", "NEIGHBORHENAME": " NORTH AL-MATHAR", "lon": 46.676146, "lat": 24.676163, "rating_range": "High (8–10)" }, "geometry": { "type": "Point", "coordinates": [ 46.676146, 24.676163 ] } },
{ "type": "Feature", "properties": { "name": "Doe (دو)", "categories": "Sandwich Place, Salad Place", "address": "2448 Prince Sultan Bin Abdulaziz Rd, الرياض 12314, المملكة العربية السعودية", "price": "Cheap", "likes": 150.0, "photos": "194", "tips": "40", "rating": 8.3, "ratingSignals": 214.0, "NEIGHBORHANAME": "المعذر الشمالي", "NEIGHBORHENAME": " NORTH AL-MATHAR", "lon": 46.667244565580795, "lat": 24.681362226993041, "rating_range": "High (8–10)" }, "geometry": { "type": "Point", "coordinates": [ 46.667244565580795, 24.681362226993041 ] } },
{ "type": "Feature", "properties": { "name": "Mikado House (بيت ميكادو)", "categories": "Turkish Restaurant", "address": "Prince Turki St (Prince Sultan Bin Abdulaziz St.), الرياض, المملكة العربية السعودية", "price": "Moderate", "likes": 269.0, "photos": "301", "tips": "129", "rating": 7.5, "ratingSignals": 401.0, "NEIGHBORHANAME": "المعذر الشمالي", "NEIGHBORHENAME": " NORTH AL-MATHAR", "lon": 46.666555339885932, "lat": 24.681262465434493, "rating_range": "High (8–10)" }, "geometry": { "type": "Point", "coordinates": [ 46.666555339885932, 24.681262465434493 ] } },
{ "type": "Feature", "properties": { "name": "شونيز Shuneez", "categories": "Burger Joint", "address": "المملكة العربية السعودية", "price": "Cheap", "likes": 22.0, "photos": "22", "tips": "7", "rating": 7.2, "ratingSignals": 31.0, "NEIGHBORHANAME": "المعذر الشمالي", "NEIGHBORHENAME": " NORTH AL-MATHAR", "lon": 46.667270517948417, "lat": 24.681406605533486, "rating_range": "High (8–10)" }, "geometry": { "type": "Point", "coordinates": [ 46.667270517948417, 24.681406605533486 ] } },
{ "type": "Feature", "properties": { "name": "Glaze Donuts", "categories": "Donut Shop", "address": "شارع الأمير سلطان بن عبدالعزيز, الرياض 12312, المملكة العربية السعودية", "price": "Cheap", "likes": 1.0, "photos": "11", "tips": "0", "rating": null, "ratingSignals": null, "NEIGHBORHANAME": "المعذر الشمالي", "NEIGHBORHENAME": " NORTH AL-MATHAR", "lon": 46.667207, "lat": 24.682095, "rating_range": null }, "geometry": { "type": "Point", "coordinates": [ 46.667207, 24.682095 ] } },
{ "type": "Feature", "properties": { "name": "أوتشو 8 Och", "categories": "Food Truck", "address": "الرياض 12321, المملكة العربية السعودية", "price": "Cheap", "likes": 1.0, "photos": "1", "tips": "0", "rating": null, "ratingSignals": null, "NEIGHBORHANAME": "المعذر الشمالي", "NEIGHBORHENAME": " NORTH AL-MATHAR", "lon": 46.666750141549777, "lat": 24.679689503284084, "rating_range": null }, "geometry": { "type": "Point", "coordinates": [ 46.666750141549777, 24.679689503284084 ] } },
{ "type": "Feature", "properties": { "name": "Subway (صب واي)", "categories": "Sandwich Place", "address": "At National Water Company (King Fahad Road), الرياض, المملكة العربية السعودية", "price": "Cheap", "likes": 0.0, "photos": "1", "tips": "0", "rating": null, "ratingSignals": null, "NEIGHBORHANAME": "المعذر الشمالي", "NEIGHBORHENAME": " NORTH AL-MATHAR", "lon": 46.671092796031331, "lat": 24.6768334564367, "rating_range": null }, "geometry": { "type": "Point", "coordinates": [ 46.671092796031331, 24.6768334564367 ] } },
{ "type": "Feature", "properties": { "name": "Almajlas Coffee Shop (مقهى المجلس)", "categories": "Coffee Shop", "address": "المملكة العربية السعودية", "price": "Cheap", "likes": 28.0, "photos": "12", "tips": "3", "rating": 7.8, "ratingSignals": 36.0, "NEIGHBORHANAME": "المعذر الشمالي", "NEIGHBORHENAME": " NORTH AL-MATHAR", "lon": 46.669858718958643, "lat": 24.682397768008503, "rating_range": "High (8–10)" }, "geometry": { "type": "Point", "coordinates": [ 46.669858718958643, 24.682397768008503 ] } },
{ "type": "Feature", "properties": { "name": "Sudairy’s", "categories": "Coffee Shop", "address": "الرياض 12312, المملكة العربية السعودية", "price": "Cheap", "likes": 3.0, "photos": "2", "tips": "0", "rating": null, "ratingSignals": null, "NEIGHBORHANAME": "المعذر الشمالي", "NEIGHBORHENAME": " NORTH AL-MATHAR", "lon": 46.675049, "lat": 24.679952, "rating_range": null }, "geometry": { "type": "Point", "coordinates": [ 46.675049, 24.679952 ] } },
{ "type": "Feature", "properties": { "name": "Java Time (جافا تايم)", "categories": "Coffee Shop", "address": "شارع التخصصي | Takassussi St (Takhassusi St.), الرياض, المملكة العربية السعودية", "price": "Cheap", "likes": 995.0, "photos": "1126", "tips": "162", "rating": 8.9, "ratingSignals": 1198.0, "NEIGHBORHANAME": "المعذر الشمالي", "NEIGHBORHENAME": " NORTH AL-MATHAR", "lon": 46.677195440697773, "lat": 24.68093564831873, "rating_range": "High (8–10)" }, "geometry": { "type": "Point", "coordinates": [ 46.677195440697773, 24.68093564831873 ] } },
{ "type": "Feature", "properties": { "name": "مطعم مرجان البخاري", "categories": "Indian Restaurant, Middle Eastern Restaurant", "address": "خالد بن الوليد, الرياض, المملكة العربية السعودية", "price": "Moderate", "likes": 39.0, "photos": "31", "tips": "13", "rating": 7.5, "ratingSignals": 54.0, "NEIGHBORHANAME": "المعذر الشمالي", "NEIGHBORHENAME": " NORTH AL-MATHAR", "lon": 46.677750379517938, "lat": 24.67974423846465, "rating_range": "High (8–10)" }, "geometry": { "type": "Point", "coordinates": [ 46.677750379517938, 24.67974423846465 ] } },
{ "type": "Feature", "properties": { "name": "Patisserie Jareer (حلويات جرير القباني)", "categories": "Dessert Shop, Bakery", "address": "Takhassusi, الرياض, المملكة العربية السعودية", "price": "Cheap", "likes": 47.0, "photos": "26", "tips": "7", "rating": 7.7, "ratingSignals": 61.0, "NEIGHBORHANAME": "المعذر الشمالي", "NEIGHBORHENAME": " NORTH AL-MATHAR", "lon": 46.678162742198573, "lat": 24.678188296202364, "rating_range": "High (8–10)" }, "geometry": { "type": "Point", "coordinates": [ 46.678162742198573, 24.678188296202364 ] } },
{ "type": "Feature", "properties": { "name": "Al's Gourmet", "categories": "Café, Sandwich Place", "address": "3198 Abu Hadriyyah, Al Mathar Ash Shamali, Riyadh 12312 6186 Abu Hadriyyah, Al Mathar Ash Shamali, Riyadh 12312 (Takhassousi St.), Riyadh 12312, المملكة العربية السعودية", "price": "Cheap", "likes": 2.0, "photos": "7", "tips": "2", "rating": null, "ratingSignals": null, "NEIGHBORHANAME": "المعذر الشمالي", "NEIGHBORHENAME": " NORTH AL-MATHAR", "lon": 46.675117313861847, "lat": 24.675938833325436, "rating_range": null }, "geometry": { "type": "Point", "coordinates": [ 46.675117313861847, 24.675938833325436 ] } },
{ "type": "Feature", "properties": { "name": "instagram: hilalicool", "categories": "Coffee Shop", "address": "takhassusi street, الرياض, المملكة العربية السعودية", "price": "Cheap", "likes": 0.0, "photos": "0", "tips": "0", "rating": null, "ratingSignals": null, "NEIGHBORHANAME": "المعذر الشمالي", "NEIGHBORHENAME": " NORTH AL-MATHAR", "lon": 46.677169, "lat": 24.68112, "rating_range": null }, "geometry": { "type": "Point", "coordinates": [ 46.677169, 24.68112 ] } },
{ "type": "Feature", "properties": { "name": "Pizza Inn", "categories": "Pizza Place", "address": "Kurais (Takhasusi), الرياض, المملكة العربية السعودية", "price": "Cheap", "likes": 6.0, "photos": "6", "tips": "1", "rating": 6.1, "ratingSignals": 9.0, "NEIGHBORHANAME": "المعذر الشمالي", "NEIGHBORHENAME": " NORTH AL-MATHAR", "lon": 46.675567869520165, "lat": 24.676336810249857, "rating_range": "Medium (4–7)" }, "geometry": { "type": "Point", "coordinates": [ 46.675567869520165, 24.676336810249857 ] } },
{ "type": "Feature", "properties": { "name": "Just around the corner", "categories": "Burger Joint", "address": "المملكة العربية السعودية", "price": "Cheap", "likes": 0.0, "photos": "0", "tips": "0", "rating": null, "ratingSignals": null, "NEIGHBORHANAME": "المعذر الشمالي", "NEIGHBORHENAME": " NORTH AL-MATHAR", "lon": 46.676577, "lat": 24.676103, "rating_range": null }, "geometry": { "type": "Point", "coordinates": [ 46.676577, 24.676103 ] } },
{ "type": "Feature", "properties": { "name": "Aculturecuisine", "categories": "Food Truck", "address": "طريق الأمير سعود بن محمد بن مقرن (طريق تركي الأول), الرياض, المملكة العربية السعودية", "price": "Cheap", "likes": 0.0, "photos": "9", "tips": "0", "rating": null, "ratingSignals": null, "NEIGHBORHANAME": "المعذر الشمالي", "NEIGHBORHENAME": " NORTH AL-MATHAR", "lon": 46.663822245527072, "lat": 24.687333101248935, "rating_range": null }, "geometry": { "type": "Point", "coordinates": [ 46.663822245527072, 24.687333101248935 ] } },
{ "type": "Feature", "properties": { "name": "Juice Ice Cream Food Truck", "categories": "Food Truck, Juice Bar", "address": "الرياض 12811, المملكة العربية السعودية", "price": "Cheap", "likes": 1.0, "photos": "2", "tips": "0", "rating": null, "ratingSignals": null, "NEIGHBORHANAME": "المعذر الشمالي", "NEIGHBORHENAME": " NORTH AL-MATHAR", "lon": 46.668475841791221, "lat": 24.684187949216174, "rating_range": null }, "geometry": { "type": "Point", "coordinates": [ 46.668475841791221, 24.684187949216174 ] } },
{ "type": "Feature", "properties": { "name": "فوال النخيل", "categories": "Falafel Restaurant", "address": "Alma'athar Alshamali, الرياض, المملكة العربية السعودية", "price": "Cheap", "likes": 0.0, "photos": "2", "tips": "0", "rating": null, "ratingSignals": null, "NEIGHBORHANAME": "المعذر الشمالي", "NEIGHBORHENAME": " NORTH AL-MATHAR", "lon": 46.668820045963059, "lat": 24.683048386883552, "rating_range": null }, "geometry": { "type": "Point", "coordinates": [ 46.668820045963059, 24.683048386883552 ] } },
{ "type": "Feature", "properties": { "name": "Lai Lai", "categories": "Chinese Restaurant", "address": "Panorama Mall, الرياض, المملكة العربية السعودية", "price": "Cheap", "likes": 0.0, "photos": "0", "tips": "0", "rating": null, "ratingSignals": null, "NEIGHBORHANAME": "المعذر الشمالي", "NEIGHBORHENAME": " NORTH AL-MATHAR", "lon": 46.6684401, "lat": 24.6851635, "rating_range": null }, "geometry": { "type": "Point", "coordinates": [ 46.6684401, 24.6851635 ] } },
{ "type": "Feature", "properties": { "name": "Chapati Chef", "categories": "Coffee Shop", "address": "الرياض, المملكة العربية السعودية", "price": "Cheap", "likes": 1.0, "photos": "0", "tips": "0", "rating": null, "ratingSignals": null, "NEIGHBORHANAME": "المعذر الشمالي", "NEIGHBORHENAME": " NORTH AL-MATHAR", "lon": 46.667029, "lat": 24.679181, "rating_range": null }, "geometry": { "type": "Point", "coordinates": [ 46.667029, 24.679181 ] } },
{ "type": "Feature", "properties": { "name": "Lemont Cafe (ليمونت كافيه)", "categories": "Coffee Shop", "address": "الرياض, المملكة العربية السعودية", "price": "Cheap", "likes": 0.0, "photos": "7", "tips": "0", "rating": null, "ratingSignals": null, "NEIGHBORHANAME": "المعذر الشمالي", "NEIGHBORHENAME": " NORTH AL-MATHAR", "lon": 46.667941, "lat": 24.681933, "rating_range": null }, "geometry": { "type": "Point", "coordinates": [ 46.667941, 24.681933 ] } },
{ "type": "Feature", "properties": { "name": "Herfy", "categories": "Fried Chicken Joint", "address": "Panorama Mall, Takassussi, الرياض, المملكة العربية السعودية", "price": "Cheap", "likes": 1.0, "photos": "0", "tips": "1", "rating": null, "ratingSignals": null, "NEIGHBORHANAME": "المعذر الشمالي", "NEIGHBORHENAME": " NORTH AL-MATHAR", "lon": 46.6684964, "lat": 24.6861186, "rating_range": null }, "geometry": { "type": "Point", "coordinates": [ 46.6684964, 24.6861186 ] } },
{ "type": "Feature", "properties": { "name": "Sweet Station Truck", "categories": "Food Truck", "address": "الرياض 12321, المملكة العربية السعودية", "price": "Cheap", "likes": 3.0, "photos": "0", "tips": "0", "rating": null, "ratingSignals": null, "NEIGHBORHANAME": "المعذر الشمالي", "NEIGHBORHENAME": " NORTH AL-MATHAR", "lon": 46.668475841791221, "lat": 24.684187949216174, "rating_range": null }, "geometry": { "type": "Point", "coordinates": [ 46.668475841791221, 24.684187949216174 ] } },
{ "type": "Feature", "properties": { "name": "ساندويتش بنيني || Sandwich Panini", "categories": "Sandwich Place", "address": "شارع الأمير سلطان بن عبدالعزيز (التخصصي), المعذر الشمالي, المملكة العربية السعودية", "price": "Cheap", "likes": 8.0, "photos": "6", "tips": "2", "rating": 8.2, "ratingSignals": 9.0, "NEIGHBORHANAME": "المعذر الشمالي", "NEIGHBORHENAME": " NORTH AL-MATHAR", "lon": 46.669334, "lat": 24.682303, "rating_range": "High (8–10)" }, "geometry": { "type": "Point", "coordinates": [ 46.669334, 24.682303 ] } },
{ "type": "Feature", "properties": { "name": "Volceno", "categories": "Food Truck, Food Service", "address": "Turki Alawwal (Al Radham Street), الرياض 12321, المملكة العربية السعودية", "price": "Cheap", "likes": 0.0, "photos": "1", "tips": "0", "rating": null, "ratingSignals": null, "NEIGHBORHANAME": "المعذر الشمالي", "NEIGHBORHENAME": " NORTH AL-MATHAR", "lon": 46.666358802517728, "lat": 24.680940692027551, "rating_range": null }, "geometry": { "type": "Point", "coordinates": [ 46.666358802517728, 24.680940692027551 ] } },
{ "type": "Feature", "properties": { "name": "Sandwich Panini", "categories": "Sandwich Place", "address": "المملكة العربية السعودية", "price": "Cheap", "likes": 0.0, "photos": "2", "tips": "1", "rating": null, "ratingSignals": null, "NEIGHBORHANAME": "المعذر الشمالي", "NEIGHBORHENAME": " NORTH AL-MATHAR", "lon": 46.669753652776691, "lat": 24.682503287274326, "rating_range": null }, "geometry": { "type": "Point", "coordinates": [ 46.669753652776691, 24.682503287274326 ] } },
{ "type": "Feature", "properties": { "name": "BOOZE Speciality Coffee Bar", "categories": "Coffee Shop", "address": "Prince Sultan Bin Abdulaziz St (Prince Sultan Bin Abdulaziz Street), الرياض 12312, المملكة العربية السعودية", "price": "Cheap", "likes": 1089.0, "photos": "6993", "tips": "228", "rating": 7.6, "ratingSignals": 1603.0, "NEIGHBORHANAME": "المعذر الشمالي", "NEIGHBORHENAME": " NORTH AL-MATHAR", "lon": 46.671675626891677, "lat": 24.6826420856402, "rating_range": "High (8–10)" }, "geometry": { "type": "Point", "coordinates": [ 46.671675626891677, 24.6826420856402 ] } },
{ "type": "Feature", "properties": { "name": "Yogi", "categories": "Sandwich Place, Salad Place", "address": "‎2849 طريق الأمير سلطان بن عبدالعزيز, الرياض 12312, المملكة العربية السعودية", "price": "Cheap", "likes": 111.0, "photos": "114", "tips": "18", "rating": 9.3, "ratingSignals": 129.0, "NEIGHBORHANAME": "المعذر الشمالي", "NEIGHBORHENAME": " NORTH AL-MATHAR", "lon": 46.671838, "lat": 24.682785, "rating_range": "High (8–10)" }, "geometry": { "type": "Point", "coordinates": [ 46.671838, 24.682785 ] } },
{ "type": "Feature", "properties": { "name": "Glaze Donuts", "categories": "Donut Shop", "address": "Prince Sultan Bin Abdulaziz St., الرياض 12312, المملكة العربية السعودية", "price": "Cheap", "likes": 298.0, "photos": "1319", "tips": "110", "rating": 6.9, "ratingSignals": 494.0, "NEIGHBORHANAME": "المعذر الشمالي", "NEIGHBORHENAME": " NORTH AL-MATHAR", "lon": 46.671810150146477, "lat": 24.682614362605442, "rating_range": "Medium (4–7)" }, "geometry": { "type": "Point", "coordinates": [ 46.671810150146477, 24.682614362605442 ] } },
{ "type": "Feature", "properties": { "name": "Let's pizza", "categories": "Pizza Place", "address": "التخصيصي تقاطع الثلاثين, الرياض 12311, المملكة العربية السعودية", "price": "Cheap", "likes": 81.0, "photos": "54", "tips": "25", "rating": 8.5, "ratingSignals": 107.0, "NEIGHBORHANAME": "المعذر الشمالي", "NEIGHBORHENAME": " NORTH AL-MATHAR", "lon": 46.67508009265358, "lat": 24.684520369061122, "rating_range": "High (8–10)" }, "geometry": { "type": "Point", "coordinates": [ 46.67508009265358, 24.684520369061122 ] } },
{ "type": "Feature", "properties": { "name": "فوال النخيل السوداني", "categories": "Middle Eastern Restaurant", "address": "Olaya (Prince Sultan 30), الرياض, المملكة العربية السعودية", "price": "Moderate", "likes": 49.0, "photos": "20", "tips": "8", "rating": 6.4, "ratingSignals": 81.0, "NEIGHBORHANAME": "المعذر الشمالي", "NEIGHBORHENAME": " NORTH AL-MATHAR", "lon": 46.673794612319547, "lat": 24.684011055697816, "rating_range": "Medium (4–7)" }, "geometry": { "type": "Point", "coordinates": [ 46.673794612319547, 24.684011055697816 ] } },
{ "type": "Feature", "properties": { "name": "Tazaj مطعم طازج التخصصي", "categories": "Fast Food Restaurant", "address": "takkassusi street (under body masters gym), الرياض 12314, المملكة العربية السعودية", "price": "Cheap", "likes": 0.0, "photos": "1", "tips": "1", "rating": null, "ratingSignals": null, "NEIGHBORHANAME": "المعذر الشمالي", "NEIGHBORHENAME": " NORTH AL-MATHAR", "lon": 46.674927, "lat": 24.68528, "rating_range": null }, "geometry": { "type": "Point", "coordinates": [ 46.674927, 24.68528 ] } },
{ "type": "Feature", "properties": { "name": "فوال بن كلب.", "categories": "Middle Eastern Restaurant", "address": "المملكة العربية السعودية", "price": "Moderate", "likes": 3.0, "photos": "2", "tips": "1", "rating": null, "ratingSignals": null, "NEIGHBORHANAME": "المعذر الشمالي", "NEIGHBORHENAME": " NORTH AL-MATHAR", "lon": 46.673757043366614, "lat": 24.684147195391731, "rating_range": null }, "geometry": { "type": "Point", "coordinates": [ 46.673757043366614, 24.684147195391731 ] } },
{ "type": "Feature", "properties": { "name": "كبده بنت ٦٦ كلب .", "categories": "Sandwich Place", "address": "التخصصي (تخصصي), الرياض, المملكة العربية السعودية", "price": "Cheap", "likes": 0.0, "photos": "1", "tips": "0", "rating": null, "ratingSignals": null, "NEIGHBORHANAME": "المعذر الشمالي", "NEIGHBORHENAME": " NORTH AL-MATHAR", "lon": 46.67374, "lat": 24.684088, "rating_range": null }, "geometry": { "type": "Point", "coordinates": [ 46.67374, 24.684088 ] } },
{ "type": "Feature", "properties": { "name": "صب واي Subway", "categories": "Sandwich Place", "address": "المملكة العربية السعودية", "price": "Cheap", "likes": 0.0, "photos": "1", "tips": "0", "rating": null, "ratingSignals": null, "NEIGHBORHANAME": "المعذر الشمالي", "NEIGHBORHENAME": " NORTH AL-MATHAR", "lon": 46.671003204341424, "lat": 24.687624042320355, "rating_range": null }, "geometry": { "type": "Point", "coordinates": [ 46.671003204341424, 24.687624042320355 ] } },
{ "type": "Feature", "properties": { "name": "cafe liwan", "categories": "Coffee Shop", "address": "المملكة العربية السعودية", "price": "Cheap", "likes": 1.0, "photos": "2", "tips": "1", "rating": null, "ratingSignals": null, "NEIGHBORHANAME": "المعذر الشمالي", "NEIGHBORHENAME": " NORTH AL-MATHAR", "lon": 46.673109, "lat": 24.675521, "rating_range": null }, "geometry": { "type": "Point", "coordinates": [ 46.673109, 24.675521 ] } },
{ "type": "Feature", "properties": { "name": "مخبزنا الخورافي", "categories": "Bakery", "address": "المملكة العربية السعودية", "price": "Cheap", "likes": 0.0, "photos": "0", "tips": "0", "rating": null, "ratingSignals": null, "NEIGHBORHANAME": "المعذر الشمالي", "NEIGHBORHENAME": " NORTH AL-MATHAR", "lon": 46.673488254450952, "lat": 24.683816148348512, "rating_range": null }, "geometry": { "type": "Point", "coordinates": [ 46.673488254450952, 24.683816148348512 ] } },
{ "type": "Feature", "properties": { "name": "Tamis bakery", "categories": "Bakery", "address": "Prince Sultan Bin Abdulaziz St (Al Takhasousi St), الرياض, المملكة العربية السعودية", "price": "Cheap", "likes": 1.0, "photos": "0", "tips": "0", "rating": null, "ratingSignals": null, "NEIGHBORHANAME": "المعذر الشمالي", "NEIGHBORHENAME": " NORTH AL-MATHAR", "lon": 46.673594, "lat": 24.684112, "rating_range": null }, "geometry": { "type": "Point", "coordinates": [ 46.673594, 24.684112 ] } },
{ "type": "Feature", "properties": { "name": "Subway (صب واي)", "categories": "Sandwich Place, Fast Food Restaurant", "address": "المملكة العربية السعودية", "price": "Cheap", "likes": 1.0, "photos": "0", "tips": "0", "rating": 7.7, "ratingSignals": 1.0, "NEIGHBORHANAME": "المعذر الشمالي", "NEIGHBORHENAME": " NORTH AL-MATHAR", "lon": 46.672780922106071, "lat": 24.687142073710191, "rating_range": "High (8–10)" }, "geometry": { "type": "Point", "coordinates": [ 46.672780922106071, 24.687142073710191 ] } },
{ "type": "Feature", "properties": { "name": "Panorama Food Court", "categories": "Food Court", "address": "الرياض, المملكة العربية السعودية", "price": null, "likes": 3.0, "photos": "6", "tips": "0", "rating": 5.3, "ratingSignals": 8.0, "NEIGHBORHANAME": "المعذر الشمالي", "NEIGHBORHENAME": " NORTH AL-MATHAR", "lon": 46.663209342153408, "lat": 24.689072329316236, "rating_range": "Medium (4–7)" }, "geometry": { "type": "Point", "coordinates": [ 46.663209342153408, 24.689072329316236 ] } },
{ "type": "Feature", "properties": { "name": "coffee outdoors", "categories": "Coffee Shop", "address": "Prince Muhammad Bin Abdulaziz Road, الرياض 12314, المملكة العربية السعودية", "price": "Cheap", "likes": 0.0, "photos": "0", "tips": "0", "rating": null, "ratingSignals": null, "NEIGHBORHANAME": "المعذر الشمالي", "NEIGHBORHENAME": " NORTH AL-MATHAR", "lon": 46.665021, "lat": 24.688533, "rating_range": null }, "geometry": { "type": "Point", "coordinates": [ 46.665021, 24.688533 ] } },
{ "type": "Feature", "properties": { "name": "VERSUS Versace Caffē (فيرسوس فيرساتشي كافيه)", "categories": "Café, Coffee Shop, Antique Shop", "address": "Panorama Mall. Gate 2 (شارع التحليه ،بانوراما مولPanorama mall), الرياض, المملكة العربية السعودية", "price": "Cheap", "likes": 329.0, "photos": "594", "tips": "170", "rating": 6.1, "ratingSignals": 610.0, "NEIGHBORHANAME": "المعذر الشمالي", "NEIGHBORHENAME": " NORTH AL-MATHAR", "lon": 46.668981938906441, "lat": 24.691638901469009, "rating_range": "Medium (4–7)" }, "geometry": { "type": "Point", "coordinates": [ 46.668981938906441, 24.691638901469009 ] } },
{ "type": "Feature", "properties": { "name": "Nespresso", "categories": "Coffee Shop", "address": "الرياض 12332, المملكة العربية السعودية", "price": "Cheap", "likes": 7.0, "photos": "11", "tips": "0", "rating": 7.5, "ratingSignals": 9.0, "NEIGHBORHANAME": "المعذر الشمالي", "NEIGHBORHENAME": " NORTH AL-MATHAR", "lon": 46.668899, "lat": 24.691059, "rating_range": "High (8–10)" }, "geometry": { "type": "Point", "coordinates": [ 46.668899, 24.691059 ] } },
{ "type": "Feature", "properties": { "name": "Seriously", "categories": "Burger Joint, Food Truck, Hot Dog Joint", "address": "الرياض 13512, المملكة العربية السعودية", "price": "Cheap", "likes": 7.0, "photos": "52", "tips": "4", "rating": 8.0, "ratingSignals": 8.0, "NEIGHBORHANAME": "المعذر الشمالي", "NEIGHBORHENAME": " NORTH AL-MATHAR", "lon": 46.668381539692156, "lat": 24.691468931223241, "rating_range": "High (8–10)" }, "geometry": { "type": "Point", "coordinates": [ 46.668381539692156, 24.691468931223241 ] } },
{ "type": "Feature", "properties": { "name": "Kukuruza Gourmet Popcorn", "categories": "Snack Place", "address": "Panoroma Mall, المملكة العربية السعودية", "price": "Cheap", "likes": 2.0, "photos": "4", "tips": "0", "rating": null, "ratingSignals": null, "NEIGHBORHANAME": "المعذر الشمالي", "NEIGHBORHENAME": " NORTH AL-MATHAR", "lon": 46.667872311432504, "lat": 24.6922125649434, "rating_range": null }, "geometry": { "type": "Point", "coordinates": [ 46.667872311432504, 24.6922125649434 ] } },
{ "type": "Feature", "properties": { "name": "LOLA's Cupcakes", "categories": "Coffee Shop", "address": "Panorama mall, الرياض, المملكة العربية السعودية", "price": "Cheap", "likes": 5.0, "photos": "3", "tips": "3", "rating": 5.4, "ratingSignals": 13.0, "NEIGHBORHANAME": "المعذر الشمالي", "NEIGHBORHENAME": " NORTH AL-MATHAR", "lon": 46.668872, "lat": 24.691698, "rating_range": "Medium (4–7)" }, "geometry": { "type": "Point", "coordinates": [ 46.668872, 24.691698 ] } },
{ "type": "Feature", "properties": { "name": "stickhouse", "categories": "Dessert Shop, Ice Cream Shop", "address": "المملكة العربية السعودية", "price": "Cheap", "likes": 2.0, "photos": "6", "tips": "0", "rating": null, "ratingSignals": null, "NEIGHBORHANAME": "المعذر الشمالي", "NEIGHBORHENAME": " NORTH AL-MATHAR", "lon": 46.66919254356003, "lat": 24.691481043536143, "rating_range": null }, "geometry": { "type": "Point", "coordinates": [ 46.66919254356003, 24.691481043536143 ] } },
{ "type": "Feature", "properties": { "name": "Casa Pasta", "categories": "Italian Restaurant", "address": "الرياض, المملكة العربية السعودية", "price": "Moderate", "likes": 3.0, "photos": "3", "tips": "1", "rating": null, "ratingSignals": null, "NEIGHBORHANAME": "المعذر الشمالي", "NEIGHBORHENAME": " NORTH AL-MATHAR", "lon": 46.664081553064186, "lat": 24.692154532190255, "rating_range": null }, "geometry": { "type": "Point", "coordinates": [ 46.664081553064186, 24.692154532190255 ] } },
{ "type": "Feature", "properties": { "name": "Galler", "categories": "Café, Dessert Shop", "address": "المملكة العربية السعودية", "price": "Cheap", "likes": 0.0, "photos": "4", "tips": "0", "rating": null, "ratingSignals": null, "NEIGHBORHANAME": "المعذر الشمالي", "NEIGHBORHENAME": " NORTH AL-MATHAR", "lon": 46.668989791359088, "lat": 24.690918946072241, "rating_range": null }, "geometry": { "type": "Point", "coordinates": [ 46.668989791359088, 24.690918946072241 ] } },
{ "type": "Feature", "properties": { "name": "Galler caffe", "categories": "Coffee Shop", "address": "المملكة العربية السعودية", "price": "Cheap", "likes": 0.0, "photos": "0", "tips": "0", "rating": null, "ratingSignals": null, "NEIGHBORHANAME": "المعذر الشمالي", "NEIGHBORHENAME": " NORTH AL-MATHAR", "lon": 46.668815330821417, "lat": 24.690693621564698, "rating_range": null }, "geometry": { "type": "Point", "coordinates": [ 46.668815330821417, 24.690693621564698 ] } },
{ "type": "Feature", "properties": { "name": "ريتشوني", "categories": "Coffee Shop", "address": "الرياض, المملكة العربية السعودية", "price": "Cheap", "likes": 0.0, "photos": "1", "tips": "0", "rating": null, "ratingSignals": null, "NEIGHBORHANAME": "المعذر الشمالي", "NEIGHBORHENAME": " NORTH AL-MATHAR", "lon": 46.664463, "lat": 24.690995, "rating_range": null }, "geometry": { "type": "Point", "coordinates": [ 46.664463, 24.690995 ] } },
{ "type": "Feature", "properties": { "name": "Wayne's Coffee (واينز كوفي)", "categories": "Coffee Shop", "address": "Panorama Mall (Takhassusi St.), الرياض, المملكة العربية السعودية", "price": "Cheap", "likes": 557.0, "photos": "766", "tips": "144", "rating": 8.2, "ratingSignals": 757.0, "NEIGHBORHANAME": "المعذر الشمالي", "NEIGHBORHENAME": " NORTH AL-MATHAR", "lon": 46.668780716870486, "lat": 24.691849013127541, "rating_range": "High (8–10)" }, "geometry": { "type": "Point", "coordinates": [ 46.668780716870486, 24.691849013127541 ] } },
{ "type": "Feature", "properties": { "name": "M&S Café", "categories": "Coffee Shop", "address": "الرياض 12332, المملكة العربية السعودية", "price": "Cheap", "likes": 42.0, "photos": "185", "tips": "13", "rating": 7.4, "ratingSignals": 58.0, "NEIGHBORHANAME": "المعذر الشمالي", "NEIGHBORHENAME": " NORTH AL-MATHAR", "lon": 46.669976, "lat": 24.692527, "rating_range": "High (8–10)" }, "geometry": { "type": "Point", "coordinates": [ 46.669976, 24.692527 ] } },
{ "type": "Feature", "properties": { "name": "Key Café", "categories": "Coffee Shop", "address": "الرياض 12332, المملكة العربية السعودية", "price": "Cheap", "likes": 146.0, "photos": "470", "tips": "22", "rating": 8.2, "ratingSignals": 189.0, "NEIGHBORHANAME": "المعذر الشمالي", "NEIGHBORHENAME": " NORTH AL-MATHAR", "lon": 46.669936434508188, "lat": 24.6923102879623, "rating_range": "High (8–10)" }, "geometry": { "type": "Point", "coordinates": [ 46.669936434508188, 24.6923102879623 ] } },
{ "type": "Feature", "properties": { "name": "Piatto (بياتو)", "categories": "Italian Restaurant", "address": "Panorama Mall (Gate 2 Takhassusi Street, corner Tahlia Street), الرياض 12332, المملكة العربية السعودية", "price": "Moderate", "likes": 1000.0, "photos": "1384", "tips": "326", "rating": 8.2, "ratingSignals": 1419.0, "NEIGHBORHANAME": "المعذر الشمالي", "NEIGHBORHENAME": " NORTH AL-MATHAR", "lon": 46.669610192752465, "lat": 24.691229773670312, "rating_range": "High (8–10)" }, "geometry": { "type": "Point", "coordinates": [ 46.669610192752465, 24.691229773670312 ] } },
{ "type": "Feature", "properties": { "name": "LAROSE (لاروز)", "categories": "Dessert Shop", "address": "Panorama Mall, المملكة العربية السعودية", "price": "Cheap", "likes": 123.0, "photos": "96", "tips": "30", "rating": 8.5, "ratingSignals": 155.0, "NEIGHBORHANAME": "المعذر الشمالي", "NEIGHBORHENAME": " NORTH AL-MATHAR", "lon": 46.670533421428225, "lat": 24.691401808785319, "rating_range": "High (8–10)" }, "geometry": { "type": "Point", "coordinates": [ 46.670533421428225, 24.691401808785319 ] } },
{ "type": "Feature", "properties": { "name": "ثوم ونص", "categories": "Shawarma Place", "address": "الرياض 12314, المملكة العربية السعودية", "price": null, "likes": 35.0, "photos": "72", "tips": "16", "rating": 7.3, "ratingSignals": 51.0, "NEIGHBORHANAME": "المعذر الشمالي", "NEIGHBORHENAME": " NORTH AL-MATHAR", "lon": 46.672949, "lat": 24.689278, "rating_range": "High (8–10)" }, "geometry": { "type": "Point", "coordinates": [ 46.672949, 24.689278 ] } },
{ "type": "Feature", "properties": { "name": "Panorama Foodcourt (ردهة مطاعم بانوراما)", "categories": "Food Court", "address": "Panorama Mall | بانوراما مول (Takassussi), الرياض, المملكة العربية السعودية", "price": null, "likes": 214.0, "photos": "171", "tips": "26", "rating": 8.2, "ratingSignals": 275.0, "NEIGHBORHANAME": "المعذر الشمالي", "NEIGHBORHENAME": " NORTH AL-MATHAR", "lon": 46.669849835616958, "lat": 24.691641166907051, "rating_range": "High (8–10)" }, "geometry": { "type": "Point", "coordinates": [ 46.669849835616958, 24.691641166907051 ] } },
{ "type": "Feature", "properties": { "name": "Caribou Coffee", "categories": "Coffee Shop", "address": "بانوراما مول (طريق الامير محمد بن عبدالعزيز), الرياض 12332, المملكة العربية السعودية", "price": "Cheap", "likes": 4.0, "photos": "31", "tips": "0", "rating": 7.5, "ratingSignals": 6.0, "NEIGHBORHANAME": "المعذر الشمالي", "NEIGHBORHENAME": " NORTH AL-MATHAR", "lon": 46.668816, "lat": 24.691798, "rating_range": "High (8–10)" }, "geometry": { "type": "Point", "coordinates": [ 46.668816, 24.691798 ] } },
{ "type": "Feature", "properties": { "name": "Sushi Counter (سوشي كاونتر)", "categories": "Sushi Restaurant", "address": "Mall Entrance Number 4, Panorama Mall, Takhassusi Street, الرياض, المملكة العربية السعودية", "price": "Moderate", "likes": 150.0, "photos": "299", "tips": "91", "rating": 6.8, "ratingSignals": 242.0, "NEIGHBORHANAME": "المعذر الشمالي", "NEIGHBORHENAME": " NORTH AL-MATHAR", "lon": 46.669421818096829, "lat": 24.692619185265951, "rating_range": "Medium (4–7)" }, "geometry": { "type": "Point", "coordinates": [ 46.669421818096829, 24.692619185265951 ] } },
{ "type": "Feature", "properties": { "name": "GODIVA (جوديڤا)", "categories": "Chocolate Shop, Gift Shop, Dessert Shop", "address": "Panorama Mall, Takhassusi St, Al Mathar Ash Shamali (at Thalia St), الرياض, المملكة العربية السعودية", "price": null, "likes": 73.0, "photos": "165", "tips": "16", "rating": 8.6, "ratingSignals": 88.0, "NEIGHBORHANAME": "المعذر الشمالي", "NEIGHBORHENAME": " NORTH AL-MATHAR", "lon": 46.66943, "lat": 24.692626, "rating_range": "High (8–10)" }, "geometry": { "type": "Point", "coordinates": [ 46.66943, 24.692626 ] } },
{ "type": "Feature", "properties": { "name": "Magnolia Bakery", "categories": "Bakery", "address": "الرياض 12332, المملكة العربية السعودية", "price": "Cheap", "likes": 16.0, "photos": "37", "tips": "4", "rating": 8.9, "ratingSignals": 18.0, "NEIGHBORHANAME": "المعذر الشمالي", "NEIGHBORHENAME": " NORTH AL-MATHAR", "lon": 46.669897, "lat": 24.692344, "rating_range": "High (8–10)" }, "geometry": { "type": "Point", "coordinates": [ 46.669897, 24.692344 ] } },
{ "type": "Feature", "properties": { "name": "Tatli (تاتلي)", "categories": "Coffee Shop", "address": "الرياض 12332, المملكة العربية السعودية", "price": "Cheap", "likes": 47.0, "photos": "207", "tips": "24", "rating": 5.7, "ratingSignals": 92.0, "NEIGHBORHANAME": "المعذر الشمالي", "NEIGHBORHENAME": " NORTH AL-MATHAR", "lon": 46.669922369886464, "lat": 24.692333550468454, "rating_range": "Medium (4–7)" }, "geometry": { "type": "Point", "coordinates": [ 46.669922369886464, 24.692333550468454 ] } },
{ "type": "Feature", "properties": { "name": "Bread Talk (بريد توك)", "categories": "Bakery", "address": "Panorama Mall (Prince Mohammed Ibn Abdulaziz), الرياض, المملكة العربية السعودية", "price": "Cheap", "likes": 12.0, "photos": "10", "tips": "8", "rating": 7.2, "ratingSignals": 18.0, "NEIGHBORHANAME": "المعذر الشمالي", "NEIGHBORHENAME": " NORTH AL-MATHAR", "lon": 46.668752462346042, "lat": 24.69191017814947, "rating_range": "High (8–10)" }, "geometry": { "type": "Point", "coordinates": [ 46.668752462346042, 24.69191017814947 ] } },
{ "type": "Feature", "properties": { "name": "M’oishî", "categories": "Ice Cream Shop", "address": "الرياض 12332, المملكة العربية السعودية", "price": "Cheap", "likes": 7.0, "photos": "42", "tips": "4", "rating": 6.4, "ratingSignals": 18.0, "NEIGHBORHANAME": "المعذر الشمالي", "NEIGHBORHENAME": " NORTH AL-MATHAR", "lon": 46.668717, "lat": 24.692019, "rating_range": "Medium (4–7)" }, "geometry": { "type": "Point", "coordinates": [ 46.668717, 24.692019 ] } },
{ "type": "Feature", "properties": { "name": "FireGrill", "categories": "Mexican Restaurant, American Restaurant", "address": "الرياض 12332, المملكة العربية السعودية", "price": "Cheap", "likes": 3.0, "photos": "27", "tips": "1", "rating": null, "ratingSignals": null, "NEIGHBORHANAME": "المعذر الشمالي", "NEIGHBORHENAME": " NORTH AL-MATHAR", "lon": 46.669938, "lat": 24.692011, "rating_range": null }, "geometry": { "type": "Point", "coordinates": [ 46.669938, 24.692011 ] } },
{ "type": "Feature", "properties": { "name": "East West Restaurant at Narcissus Hotel", "categories": "Buffet", "address": "المملكة العربية السعودية", "price": null, "likes": 2.0, "photos": "5", "tips": "0", "rating": null, "ratingSignals": null, "NEIGHBORHANAME": "المعذر الشمالي", "NEIGHBORHENAME": " NORTH AL-MATHAR", "lon": 46.66491606100098, "lat": 24.694251735362659, "rating_range": null }, "geometry": { "type": "Point", "coordinates": [ 46.66491606100098, 24.694251735362659 ] } },
{ "type": "Feature", "properties": { "name": "Godiva", "categories": "Dessert Shop", "address": "المملكة العربية السعودية", "price": "Cheap", "likes": 2.0, "photos": "2", "tips": "0", "rating": null, "ratingSignals": null, "NEIGHBORHANAME": "المعذر الشمالي", "NEIGHBORHENAME": " NORTH AL-MATHAR", "lon": 46.664157, "lat": 24.692734, "rating_range": null }, "geometry": { "type": "Point", "coordinates": [ 46.664157, 24.692734 ] } },
{ "type": "Feature", "properties": { "name": "Starbucks Reserve (ستاربكس ريزيرف)", "categories": "Coffee Shop", "address": "Takhassusi St, الرياض 12332, المملكة العربية السعودية", "price": "Cheap", "likes": 1992.0, "photos": "14930", "tips": "357", "rating": 9.2, "ratingSignals": 2357.0, "NEIGHBORHANAME": "المعذر الشمالي", "NEIGHBORHENAME": " NORTH AL-MATHAR", "lon": 46.670088662187908, "lat": 24.694839537083681, "rating_range": "High (8–10)" }, "geometry": { "type": "Point", "coordinates": [ 46.670088662187908, 24.694839537083681 ] } },
{ "type": "Feature", "properties": { "name": "MONTREUX (مونترو)", "categories": "Dessert Shop", "address": "الرياض 12332, المملكة العربية السعودية", "price": "Cheap", "likes": 254.0, "photos": "232", "tips": "26", "rating": 9.0, "ratingSignals": 260.0, "NEIGHBORHANAME": "المعذر الشمالي", "NEIGHBORHENAME": " NORTH AL-MATHAR", "lon": 46.669396236678885, "lat": 24.693344490804243, "rating_range": "High (8–10)" }, "geometry": { "type": "Point", "coordinates": [ 46.669396236678885, 24.693344490804243 ] } },
{ "type": "Feature", "properties": { "name": "Papparoti (باباروتي)", "categories": "Coffee Shop", "address": "Panorama Mall, الرياض, المملكة العربية السعودية", "price": "Cheap", "likes": 239.0, "photos": "332", "tips": "75", "rating": 7.8, "ratingSignals": 332.0, "NEIGHBORHANAME": "المعذر الشمالي", "NEIGHBORHENAME": " NORTH AL-MATHAR", "lon": 46.669654351737115, "lat": 24.693420866898354, "rating_range": "High (8–10)" }, "geometry": { "type": "Point", "coordinates": [ 46.669654351737115, 24.693420866898354 ] } },
{ "type": "Feature", "properties": { "name": "Tim Hortons (تيم هورتنز)", "categories": "Coffee Shop", "address": "المملكة العربية السعودية", "price": "Cheap", "likes": 281.0, "photos": "328", "tips": "47", "rating": 8.3, "ratingSignals": 349.0, "NEIGHBORHANAME": "المعذر الشمالي", "NEIGHBORHENAME": " NORTH AL-MATHAR", "lon": 46.669736887581365, "lat": 24.693419467083878, "rating_range": "High (8–10)" }, "geometry": { "type": "Point", "coordinates": [ 46.669736887581365, 24.693419467083878 ] } },
{ "type": "Feature", "properties": { "name": "Starbucks", "categories": "Coffee Shop", "address": "الرياض 12332, المملكة العربية السعودية", "price": "Cheap", "likes": 1.0, "photos": "1", "tips": "0", "rating": 8.1, "ratingSignals": 1.0, "NEIGHBORHANAME": "المعذر الشمالي", "NEIGHBORHENAME": " NORTH AL-MATHAR", "lon": 46.670011, "lat": 24.694868, "rating_range": "High (8–10)" }, "geometry": { "type": "Point", "coordinates": [ 46.670011, 24.694868 ] } },
{ "type": "Feature", "properties": { "name": "Ladurée", "categories": "Dessert Shop, Café, Pastry Shop", "address": "المملكة العربية السعودية", "price": "Cheap", "likes": 1.0, "photos": "3", "tips": "2", "rating": 7.7, "ratingSignals": 3.0, "NEIGHBORHANAME": "المعذر الشمالي", "NEIGHBORHENAME": " NORTH AL-MATHAR", "lon": 46.667174488542244, "lat": 24.692600163099641, "rating_range": "High (8–10)" }, "geometry": { "type": "Point", "coordinates": [ 46.667174488542244, 24.692600163099641 ] } },
{ "type": "Feature", "properties": { "name": "Kudu - Panorama", "categories": "Burger Joint", "address": "المملكة العربية السعودية", "price": "Cheap", "likes": 3.0, "photos": "2", "tips": "1", "rating": null, "ratingSignals": null, "NEIGHBORHANAME": "المعذر الشمالي", "NEIGHBORHENAME": " NORTH AL-MATHAR", "lon": 46.670055428406151, "lat": 24.692474989242641, "rating_range": null }, "geometry": { "type": "Point", "coordinates": [ 46.670055428406151, 24.692474989242641 ] } },
{ "type": "Feature", "properties": { "name": "Anoosh (أنوش)", "categories": "Dessert Shop", "address": "الرياض 12332, المملكة العربية السعودية", "price": "Cheap", "likes": 0.0, "photos": "2", "tips": "0", "rating": null, "ratingSignals": null, "NEIGHBORHANAME": "المعذر الشمالي", "NEIGHBORHENAME": " NORTH AL-MATHAR", "lon": 46.66985, "lat": 24.692249, "rating_range": null }, "geometry": { "type": "Point", "coordinates": [ 46.66985, 24.692249 ] } },
{ "type": "Feature", "properties": { "name": "Moishi", "categories": "Ice Cream Shop", "address": "Panorama Mall, الرياض 12332, المملكة العربية السعودية", "price": "Cheap", "likes": 7.0, "photos": "12", "tips": "0", "rating": 7.2, "ratingSignals": 9.0, "NEIGHBORHANAME": "المعذر الشمالي", "NEIGHBORHENAME": " NORTH AL-MATHAR", "lon": 46.668513, "lat": 24.69221, "rating_range": "High (8–10)" }, "geometry": { "type": "Point", "coordinates": [ 46.668513, 24.69221 ] } },
{ "type": "Feature", "properties": { "name": "THE CAP SOUL", "categories": "Tea Room, Coffee Shop", "address": "الرياض 12332, المملكة العربية السعودية", "price": "Moderate", "likes": 8.0, "photos": "30", "tips": "2", "rating": 8.2, "ratingSignals": 10.0, "NEIGHBORHANAME": "المعذر الشمالي", "NEIGHBORHENAME": " NORTH AL-MATHAR", "lon": 46.669709, "lat": 24.692005, "rating_range": "High (8–10)" }, "geometry": { "type": "Point", "coordinates": [ 46.669709, 24.692005 ] } },
{ "type": "Feature", "properties": { "name": "Tatli", "categories": "Coffee Shop", "address": "Panorama Mall (Takhussusi St.), الرياض 12332, المملكة العربية السعودية", "price": "Cheap", "likes": 8.0, "photos": "37", "tips": "6", "rating": 5.4, "ratingSignals": 20.0, "NEIGHBORHANAME": "المعذر الشمالي", "NEIGHBORHENAME": " NORTH AL-MATHAR", "lon": 46.669903101816644, "lat": 24.692315945333277, "rating_range": "Medium (4–7)" }, "geometry": { "type": "Point", "coordinates": [ 46.669903101816644, 24.692315945333277 ] } },
{ "type": "Feature", "properties": { "name": "الصاج الريفي", "categories": "Sandwich Place", "address": "Panorama Mall Foodcourt, المملكة العربية السعودية", "price": "Cheap", "likes": 2.0, "photos": "4", "tips": "1", "rating": null, "ratingSignals": null, "NEIGHBORHANAME": "المعذر الشمالي", "NEIGHBORHENAME": " NORTH AL-MATHAR", "lon": 46.669902, "lat": 24.69202, "rating_range": null }, "geometry": { "type": "Point", "coordinates": [ 46.669902, 24.69202 ] } },
{ "type": "Feature", "properties": { "name": "عالم الكريب", "categories": "Creperie", "address": "panorama mall (altahlia street), الرياض 12332, المملكة العربية السعودية", "price": null, "likes": 0.0, "photos": "2", "tips": "0", "rating": null, "ratingSignals": null, "NEIGHBORHANAME": "المعذر الشمالي", "NEIGHBORHENAME": " NORTH AL-MATHAR", "lon": 46.67048, "lat": 24.69259, "rating_range": null }, "geometry": { "type": "Point", "coordinates": [ 46.67048, 24.69259 ] } },
{ "type": "Feature", "properties": { "name": "Lavigne", "categories": "Coffee Shop", "address": "المملكة العربية السعودية", "price": "Cheap", "likes": 0.0, "photos": "0", "tips": "0", "rating": null, "ratingSignals": null, "NEIGHBORHANAME": "المعذر الشمالي", "NEIGHBORHENAME": " NORTH AL-MATHAR", "lon": 46.669281, "lat": 24.693731, "rating_range": null }, "geometry": { "type": "Point", "coordinates": [ 46.669281, 24.693731 ] } },
{ "type": "Feature", "properties": { "name": "Charleys Philly Steaks", "categories": "Sandwich Place", "address": "Panorama, المملكة العربية السعودية", "price": "Cheap", "likes": 14.0, "photos": "24", "tips": "10", "rating": 6.0, "ratingSignals": 27.0, "NEIGHBORHANAME": "المعذر الشمالي", "NEIGHBORHENAME": " NORTH AL-MATHAR", "lon": 46.668796, "lat": 24.692763, "rating_range": "Medium (4–7)" }, "geometry": { "type": "Point", "coordinates": [ 46.668796, 24.692763 ] } },
{ "type": "Feature", "properties": { "name": "Sugar Moo (شوغر مو)", "categories": "Dessert Shop", "address": "Gate 4, الرياض 12332, المملكة العربية السعودية", "price": "Cheap", "likes": 3.0, "photos": "9", "tips": "4", "rating": null, "ratingSignals": null, "NEIGHBORHANAME": "المعذر الشمالي", "NEIGHBORHENAME": " NORTH AL-MATHAR", "lon": 46.669419, "lat": 24.693409, "rating_range": null }, "geometry": { "type": "Point", "coordinates": [ 46.669419, 24.693409 ] } },
{ "type": "Feature", "properties": { "name": "McDonald's", "categories": "Fast Food Restaurant", "address": "Panorama Mall Food Court (Takhassusi St.), الرياض, المملكة العربية السعودية", "price": "Cheap", "likes": 12.0, "photos": "18", "tips": "4", "rating": 7.6, "ratingSignals": 15.0, "NEIGHBORHANAME": "المعذر الشمالي", "NEIGHBORHENAME": " NORTH AL-MATHAR", "lon": 46.669978846213638, "lat": 24.692299657919566, "rating_range": "High (8–10)" }, "geometry": { "type": "Point", "coordinates": [ 46.669978846213638, 24.692299657919566 ] } },
{ "type": "Feature", "properties": { "name": "La Casa Pasta", "categories": "Italian Restaurant", "address": "المملكة العربية السعودية", "price": "Moderate", "likes": 9.0, "photos": "10", "tips": "4", "rating": 6.2, "ratingSignals": 15.0, "NEIGHBORHANAME": "المعذر الشمالي", "NEIGHBORHENAME": " NORTH AL-MATHAR", "lon": 46.669657362964976, "lat": 24.69127968007999, "rating_range": "Medium (4–7)" }, "geometry": { "type": "Point", "coordinates": [ 46.669657362964976, 24.69127968007999 ] } },
{ "type": "Feature", "properties": { "name": "Bubbleology", "categories": "Bubble Tea Shop", "address": "الرياض 12332, المملكة العربية السعودية", "price": null, "likes": 6.0, "photos": "15", "tips": "6", "rating": 6.5, "ratingSignals": 12.0, "NEIGHBORHANAME": "المعذر الشمالي", "NEIGHBORHENAME": " NORTH AL-MATHAR", "lon": 46.669805, "lat": 24.69223, "rating_range": "Medium (4–7)" }, "geometry": { "type": "Point", "coordinates": [ 46.669805, 24.69223 ] } },
{ "type": "Feature", "properties": { "name": "Lai Lai Restaurant", "categories": "Restaurant", "address": "Panorama Mall, المملكة العربية السعودية", "price": "Moderate", "likes": 0.0, "photos": "0", "tips": "1", "rating": null, "ratingSignals": null, "NEIGHBORHANAME": "المعذر الشمالي", "NEIGHBORHENAME": " NORTH AL-MATHAR", "lon": 46.669819666039935, "lat": 24.692245084981518, "rating_range": null }, "geometry": { "type": "Point", "coordinates": [ 46.669819666039935, 24.692245084981518 ] } },
{ "type": "Feature", "properties": { "name": "Qies", "categories": "Noodle House", "address": "الرياض 12332, المملكة العربية السعودية", "price": "Cheap", "likes": 1.0, "photos": "0", "tips": "0", "rating": null, "ratingSignals": null, "NEIGHBORHANAME": "المعذر الشمالي", "NEIGHBORHENAME": " NORTH AL-MATHAR", "lon": 46.669693, "lat": 24.692698, "rating_range": null }, "geometry": { "type": "Point", "coordinates": [ 46.669693, 24.692698 ] } },
{ "type": "Feature", "properties": { "name": "Persian Cuisine", "categories": "Restaurant", "address": "المملكة العربية السعودية", "price": "Moderate", "likes": 1.0, "photos": "0", "tips": "1", "rating": null, "ratingSignals": null, "NEIGHBORHANAME": "المعذر الشمالي", "NEIGHBORHENAME": " NORTH AL-MATHAR", "lon": 46.667498, "lat": 24.692539, "rating_range": null }, "geometry": { "type": "Point", "coordinates": [ 46.667498, 24.692539 ] } },
{ "type": "Feature", "properties": { "name": "Cinnabon (سينابون)", "categories": "Dessert Shop, Bakery, Cupcake Shop", "address": "Panorama Mall, الرياض, المملكة العربية السعودية", "price": "Cheap", "likes": 3.0, "photos": "11", "tips": "2", "rating": null, "ratingSignals": null, "NEIGHBORHANAME": "المعذر الشمالي", "NEIGHBORHENAME": " NORTH AL-MATHAR", "lon": 46.669873, "lat": 24.692434, "rating_range": null }, "geometry": { "type": "Point", "coordinates": [ 46.669873, 24.692434 ] } },
{ "type": "Feature", "properties": { "name": "Popeyes Louisiana Kitchen (بوبايز)", "categories": "Fried Chicken Joint", "address": "Prince mohammad ibn abdulaziz (Al takhasosi), الرياض, المملكة العربية السعودية", "price": "Cheap", "likes": 21.0, "photos": "23", "tips": "16", "rating": 6.5, "ratingSignals": 32.0, "NEIGHBORHANAME": "المعذر الشمالي", "NEIGHBORHENAME": " NORTH AL-MATHAR", "lon": 46.669719271002855, "lat": 24.691372653541702, "rating_range": "Medium (4–7)" }, "geometry": { "type": "Point", "coordinates": [ 46.669719271002855, 24.691372653541702 ] } },
{ "type": "Feature", "properties": { "name": "مقهى لامبورغيني", "categories": "Coffee Shop", "address": "الرياض, المملكة العربية السعودية", "price": "Cheap", "likes": 0.0, "photos": "0", "tips": "0", "rating": null, "ratingSignals": null, "NEIGHBORHANAME": "المعذر الشمالي", "NEIGHBORHENAME": " NORTH AL-MATHAR", "lon": 46.670856, "lat": 24.69251, "rating_range": null }, "geometry": { "type": "Point", "coordinates": [ 46.670856, 24.69251 ] } },
{ "type": "Feature", "properties": { "name": "La Mode Cofé", "categories": "Coffee Shop", "address": "Panorama Mall, الرياض, المملكة العربية السعودية", "price": "Cheap", "likes": 3.0, "photos": "1", "tips": "0", "rating": null, "ratingSignals": null, "NEIGHBORHANAME": "المعذر الشمالي", "NEIGHBORHENAME": " NORTH AL-MATHAR", "lon": 46.670733, "lat": 24.69301, "rating_range": null }, "geometry": { "type": "Point", "coordinates": [ 46.670733, 24.69301 ] } },
{ "type": "Feature", "properties": { "name": "Shayah (شايه)", "categories": "Middle Eastern Restaurant", "address": "Panorama Mall, المملكة العربية السعودية", "price": "Moderate", "likes": 7.0, "photos": "9", "tips": "3", "rating": 5.7, "ratingSignals": 13.0, "NEIGHBORHANAME": "المعذر الشمالي", "NEIGHBORHENAME": " NORTH AL-MATHAR", "lon": 46.669406890869141, "lat": 24.692801228347086, "rating_range": "Medium (4–7)" }, "geometry": { "type": "Point", "coordinates": [ 46.669406890869141, 24.692801228347086 ] } },
{ "type": "Feature", "properties": { "name": "Canton (كانتون)", "categories": "Cantonese Restaurant", "address": "Panorama Mall Food Court, المملكة العربية السعودية", "price": null, "likes": 4.0, "photos": "6", "tips": "1", "rating": null, "ratingSignals": null, "NEIGHBORHANAME": "المعذر الشمالي", "NEIGHBORHENAME": " NORTH AL-MATHAR", "lon": 46.669907, "lat": 24.69226, "rating_range": null }, "geometry": { "type": "Point", "coordinates": [ 46.669907, 24.69226 ] } },
{ "type": "Feature", "properties": { "name": "JOLT", "categories": "Coffee Shop", "address": "الرياض 12334, المملكة العربية السعودية", "price": "Cheap", "likes": 6.0, "photos": "4", "tips": "1", "rating": null, "ratingSignals": null, "NEIGHBORHANAME": "المعذر الشمالي", "NEIGHBORHENAME": " NORTH AL-MATHAR", "lon": 46.655566, "lat": 24.701821, "rating_range": null }, "geometry": { "type": "Point", "coordinates": [ 46.655566, 24.701821 ] } },
{ "type": "Feature", "properties": { "name": "Five Guys", "categories": "Burger Joint", "address": "الرياض 12334, المملكة العربية السعودية", "price": "Cheap", "likes": 1.0, "photos": "2", "tips": "0", "rating": 7.1, "ratingSignals": 1.0, "NEIGHBORHANAME": "المعذر الشمالي", "NEIGHBORHENAME": " NORTH AL-MATHAR", "lon": 46.656068, "lat": 24.701167, "rating_range": "High (8–10)" }, "geometry": { "type": "Point", "coordinates": [ 46.656068, 24.701167 ] } },
{ "type": "Feature", "properties": { "name": "الرياض", "categories": "Coffee Shop", "address": "الرياض, المملكة العربية السعودية", "price": "Cheap", "likes": 0.0, "photos": "1", "tips": "0", "rating": null, "ratingSignals": null, "NEIGHBORHANAME": "المعذر الشمالي", "NEIGHBORHENAME": " NORTH AL-MATHAR", "lon": 46.655973, "lat": 24.700946, "rating_range": null }, "geometry": { "type": "Point", "coordinates": [ 46.655973, 24.700946 ] } },
{ "type": "Feature", "properties": { "name": "الملحق", "categories": "Asian Restaurant", "address": "المملكة العربية السعودية", "price": "Moderate", "likes": 1.0, "photos": "3", "tips": "0", "rating": null, "ratingSignals": null, "NEIGHBORHANAME": "المعذر الشمالي", "NEIGHBORHENAME": " NORTH AL-MATHAR", "lon": 46.660342940046689, "lat": 24.701247857292806, "rating_range": null }, "geometry": { "type": "Point", "coordinates": [ 46.660342940046689, 24.701247857292806 ] } },
{ "type": "Feature", "properties": { "name": "Sot Coffe&more", "categories": "Coffee Shop", "address": "الرياض 12334, المملكة العربية السعودية", "price": "Cheap", "likes": 2.0, "photos": "5", "tips": "0", "rating": null, "ratingSignals": null, "NEIGHBORHANAME": "المعذر الشمالي", "NEIGHBORHENAME": " NORTH AL-MATHAR", "lon": 46.656187, "lat": 24.701695, "rating_range": null }, "geometry": { "type": "Point", "coordinates": [ 46.656187, 24.701695 ] } },
{ "type": "Feature", "properties": { "name": "A12 cafè", "categories": "Coffee Shop", "address": "الرياض 12334, المملكة العربية السعودية", "price": "Cheap", "likes": 0.0, "photos": "2", "tips": "0", "rating": null, "ratingSignals": null, "NEIGHBORHANAME": "المعذر الشمالي", "NEIGHBORHENAME": " NORTH AL-MATHAR", "lon": 46.656923, "lat": 24.701808, "rating_range": null }, "geometry": { "type": "Point", "coordinates": [ 46.656923, 24.701808 ] } },
{ "type": "Feature", "properties": { "name": "Diet Center (دايت سنتر)", "categories": "Health Food Store, Salad Place", "address": "Al Takhassossi St. (0114832617), الرياض, المملكة العربية السعودية", "price": null, "likes": 156.0, "photos": "60", "tips": "18", "rating": 7.5, "ratingSignals": 216.0, "NEIGHBORHANAME": "المعذر الشمالي", "NEIGHBORHENAME": " NORTH AL-MATHAR", "lon": 46.666312515124901, "lat": 24.702496599147441, "rating_range": "High (8–10)" }, "geometry": { "type": "Point", "coordinates": [ 46.666312515124901, 24.702496599147441 ] } },
{ "type": "Feature", "properties": { "name": "Sushi Counter (Riyadh)", "categories": "Japanese Restaurant, Sushi Restaurant", "address": "Mall Entrance Number 4, Panorama Mall, Takhassusi Street, الرياض, المملكة العربية السعودية", "price": "Moderate", "likes": 0.0, "photos": "0", "tips": "0", "rating": null, "ratingSignals": null, "NEIGHBORHANAME": "المعذر الشمالي", "NEIGHBORHENAME": " NORTH AL-MATHAR", "lon": 46.669421818096829, "lat": 24.692619185265951, "rating_range": null }, "geometry": { "type": "Point", "coordinates": [ 46.669421818096829, 24.692619185265951 ] } },
{ "type": "Feature", "properties": { "name": "Sokarloz", "categories": "Dessert Shop", "address": "Panorama Mall, الرياض, المملكة العربية السعودية", "price": "Cheap", "likes": 0.0, "photos": "0", "tips": "0", "rating": null, "ratingSignals": null, "NEIGHBORHANAME": "المعذر الشمالي", "NEIGHBORHENAME": " NORTH AL-MATHAR", "lon": 46.6696, "lat": 24.6926, "rating_range": null }, "geometry": { "type": "Point", "coordinates": [ 46.6696, 24.6926 ] } },
{ "type": "Feature", "properties": { "name": "Domino's Pizza", "categories": "Pizza Place", "address": "Panorama Mall, Food Court, Takhassusi St, Al Mathar Ash Shamali, الرياض 12332, المملكة العربية السعودية", "price": "Cheap", "likes": 0.0, "photos": "0", "tips": "0", "rating": null, "ratingSignals": null, "NEIGHBORHANAME": "المعذر الشمالي", "NEIGHBORHENAME": " NORTH AL-MATHAR", "lon": 46.669728, "lat": 24.692369, "rating_range": null }, "geometry": { "type": "Point", "coordinates": [ 46.669728, 24.692369 ] } },
{ "type": "Feature", "properties": { "name": "Star", "categories": "Coffee Shop", "address": "الرياض 12332, المملكة العربية السعودية", "price": "Cheap", "likes": 1.0, "photos": "0", "tips": "0", "rating": null, "ratingSignals": null, "NEIGHBORHANAME": "المعذر الشمالي", "NEIGHBORHENAME": " NORTH AL-MATHAR", "lon": 46.66982, "lat": 24.694899, "rating_range": null }, "geometry": { "type": "Point", "coordinates": [ 46.66982, 24.694899 ] } },
{ "type": "Feature", "properties": { "name": "Paind'Or", "categories": "Cupcake Shop", "address": "Panorama Mall, الرياض, المملكة العربية السعودية", "price": "Moderate", "likes": 1.0, "photos": "2", "tips": "2", "rating": null, "ratingSignals": null, "NEIGHBORHANAME": "المعذر الشمالي", "NEIGHBORHENAME": " NORTH AL-MATHAR", "lon": 46.669532037459327, "lat": 24.693448576383545, "rating_range": null }, "geometry": { "type": "Point", "coordinates": [ 46.669532037459327, 24.693448576383545 ] } },
{ "type": "Feature", "properties": { "name": "kukuruza", "categories": "Dessert Shop", "address": "المملكة العربية السعودية", "price": "Cheap", "likes": 0.0, "photos": "2", "tips": "0", "rating": null, "ratingSignals": null, "NEIGHBORHANAME": "المعذر الشمالي", "NEIGHBORHENAME": " NORTH AL-MATHAR", "lon": 46.669338714261706, "lat": 24.692496071874825, "rating_range": null }, "geometry": { "type": "Point", "coordinates": [ 46.669338714261706, 24.692496071874825 ] } },
{ "type": "Feature", "properties": { "name": "Ward Restaurant (مطعم ورد)", "categories": "Lebanese Restaurant", "address": "Al Uruba Rd. (Al Orouba Road), الرياض 12334, المملكة العربية السعودية", "price": null, "likes": 906.0, "photos": "2360", "tips": "325", "rating": 8.3, "ratingSignals": 1212.0, "NEIGHBORHANAME": "المعذر الشمالي", "NEIGHBORHENAME": " NORTH AL-MATHAR", "lon": 46.655725065302178, "lat": 24.704747986753048, "rating_range": "High (8–10)" }, "geometry": { "type": "Point", "coordinates": [ 46.655725065302178, 24.704747986753048 ] } },
{ "type": "Feature", "properties": { "name": "Tea Lounge Almashreq", "categories": "Tea Room, Lounge", "address": "المملكة العربية السعودية", "price": "Moderate", "likes": 23.0, "photos": "63", "tips": "5", "rating": 8.0, "ratingSignals": 29.0, "NEIGHBORHANAME": "المعذر الشمالي", "NEIGHBORHENAME": " NORTH AL-MATHAR", "lon": 46.65532915964743, "lat": 24.704344542358928, "rating_range": "High (8–10)" }, "geometry": { "type": "Point", "coordinates": [ 46.65532915964743, 24.704344542358928 ] } },
{ "type": "Feature", "properties": { "name": "Maya La Chocolaterie | مايا", "categories": "Coffee Shop", "address": "Al Arouba St., الرياض, المملكة العربية السعودية", "price": "Moderate", "likes": 671.0, "photos": "749", "tips": "217", "rating": 7.8, "ratingSignals": 923.0, "NEIGHBORHANAME": "المعذر الشمالي", "NEIGHBORHENAME": " NORTH AL-MATHAR", "lon": 46.654839168802553, "lat": 24.704472860325275, "rating_range": "High (8–10)" }, "geometry": { "type": "Point", "coordinates": [ 46.654839168802553, 24.704472860325275 ] } },
{ "type": "Feature", "properties": { "name": "Caffiene Café", "categories": "Food Truck, Café", "address": "الرياض 13326, المملكة العربية السعودية", "price": "Cheap", "likes": 2.0, "photos": "1", "tips": "0", "rating": null, "ratingSignals": null, "NEIGHBORHANAME": "المعذر الشمالي", "NEIGHBORHENAME": " NORTH AL-MATHAR", "lon": 46.654582346502465, "lat": 24.703755063380928, "rating_range": null }, "geometry": { "type": "Point", "coordinates": [ 46.654582346502465, 24.703755063380928 ] } },
{ "type": "Feature", "properties": { "name": "AlMashrabia Cuisine | المشربيه", "categories": "Middle Eastern Restaurant", "address": "الرياض, المملكة العربية السعودية", "price": "Moderate", "likes": 21.0, "photos": "55", "tips": "11", "rating": 7.6, "ratingSignals": 30.0, "NEIGHBORHANAME": "المعذر الشمالي", "NEIGHBORHENAME": " NORTH AL-MATHAR", "lon": 46.655460654886859, "lat": 24.704203403922129, "rating_range": "High (8–10)" }, "geometry": { "type": "Point", "coordinates": [ 46.655460654886859, 24.704203403922129 ] } },
{ "type": "Feature", "properties": { "name": "Al Mayass (المياس البيوت المكتبية)", "categories": "Middle Eastern Restaurant", "address": "المملكة العربية السعودية", "price": "Moderate", "likes": 17.0, "photos": "6", "tips": "6", "rating": 6.8, "ratingSignals": 23.0, "NEIGHBORHANAME": "المعذر الشمالي", "NEIGHBORHENAME": " NORTH AL-MATHAR", "lon": 46.655510973366582, "lat": 24.704358208138014, "rating_range": "Medium (4–7)" }, "geometry": { "type": "Point", "coordinates": [ 46.655510973366582, 24.704358208138014 ] } },
{ "type": "Feature", "properties": { "name": "tea lounge", "categories": "Coffee Shop", "address": "المملكة العربية السعودية", "price": "Cheap", "likes": 2.0, "photos": "5", "tips": "0", "rating": null, "ratingSignals": null, "NEIGHBORHANAME": "المعذر الشمالي", "NEIGHBORHENAME": " NORTH AL-MATHAR", "lon": 46.655313, "lat": 24.704278, "rating_range": null }, "geometry": { "type": "Point", "coordinates": [ 46.655313, 24.704278 ] } },
{ "type": "Feature", "properties": { "name": "Golden Saj (الصاج الذهبي)", "categories": "Shawarma Place, Middle Eastern Restaurant", "address": "Takhassusi Street, الرياض, المملكة العربية السعودية", "price": null, "likes": 442.0, "photos": "156", "tips": "93", "rating": 8.2, "ratingSignals": 571.0, "NEIGHBORHANAME": "المعذر الشمالي", "NEIGHBORHENAME": " NORTH AL-MATHAR", "lon": 46.665730959569522, "lat": 24.70380805792837, "rating_range": "High (8–10)" }, "geometry": { "type": "Point", "coordinates": [ 46.665730959569522, 24.70380805792837 ] } },
{ "type": "Feature", "properties": { "name": "T.G.I. Friday's (فرايديز)", "categories": "Fast Food Restaurant", "address": "Takhassusi St., الرياض, المملكة العربية السعودية", "price": "Moderate", "likes": 940.0, "photos": "1568", "tips": "251", "rating": 7.7, "ratingSignals": 1401.0, "NEIGHBORHANAME": "المعذر الشمالي", "NEIGHBORHENAME": " NORTH AL-MATHAR", "lon": 46.664525634417963, "lat": 24.704958666552656, "rating_range": "High (8–10)" }, "geometry": { "type": "Point", "coordinates": [ 46.664525634417963, 24.704958666552656 ] } },
{ "type": "Feature", "properties": { "name": "Mango juice (مانجو جوس)", "categories": "Juice Bar, Dessert Shop", "address": "يورمارشية, الرياض, المملكة العربية السعودية", "price": "Cheap", "likes": 710.0, "photos": "696", "tips": "151", "rating": 9.0, "ratingSignals": 822.0, "NEIGHBORHANAME": "المعذر الشمالي", "NEIGHBORHENAME": " NORTH AL-MATHAR", "lon": 46.662845412738392, "lat": 24.706910436610695, "rating_range": "High (8–10)" }, "geometry": { "type": "Point", "coordinates": [ 46.662845412738392, 24.706910436610695 ] } },
{ "type": "Feature", "properties": { "name": "Hardee's", "categories": "Burger Joint", "address": "Takhassusi St., الرياض, المملكة العربية السعودية", "price": "Cheap", "likes": 137.0, "photos": "93", "tips": "21", "rating": 7.4, "ratingSignals": 205.0, "NEIGHBORHANAME": "المعذر الشمالي", "NEIGHBORHENAME": " NORTH AL-MATHAR", "lon": 46.665290620451891, "lat": 24.704310508759054, "rating_range": "High (8–10)" }, "geometry": { "type": "Point", "coordinates": [ 46.665290620451891, 24.704310508759054 ] } },
{ "type": "Feature", "properties": { "name": "KFC", "categories": "Fast Food Restaurant, Fried Chicken Joint", "address": "Takhassusi, الرياض, المملكة العربية السعودية", "price": "Cheap", "likes": 47.0, "photos": "70", "tips": "12", "rating": 6.8, "ratingSignals": 77.0, "NEIGHBORHANAME": "المعذر الشمالي", "NEIGHBORHENAME": " NORTH AL-MATHAR", "lon": 46.664816449003823, "lat": 24.704570226388391, "rating_range": "Medium (4–7)" }, "geometry": { "type": "Point", "coordinates": [ 46.664816449003823, 24.704570226388391 ] } },
{ "type": "Feature", "properties": { "name": "Krispy Kreme (كريسبي كريم)", "categories": "Donut Shop, Coffee Shop", "address": "Al Takhassusi St, الرياض, المملكة العربية السعودية", "price": "Cheap", "likes": 129.0, "photos": "106", "tips": "15", "rating": 8.5, "ratingSignals": 159.0, "NEIGHBORHANAME": "المعذر الشمالي", "NEIGHBORHENAME": " NORTH AL-MATHAR", "lon": 46.664934375221776, "lat": 24.704680753265556, "rating_range": "High (8–10)" }, "geometry": { "type": "Point", "coordinates": [ 46.664934375221776, 24.704680753265556 ] } },
{ "type": "Feature", "properties": { "name": "بوفية مذاق الكباب اليمني", "categories": "Breakfast Spot, Middle Eastern Restaurant", "address": "الرياض 12334, المملكة العربية السعودية", "price": "Cheap", "likes": 0.0, "photos": "2", "tips": "2", "rating": null, "ratingSignals": null, "NEIGHBORHANAME": "المعذر الشمالي", "NEIGHBORHENAME": " NORTH AL-MATHAR", "lon": 46.661284, "lat": 24.704308, "rating_range": null }, "geometry": { "type": "Point", "coordinates": [ 46.661284, 24.704308 ] } },
{ "type": "Feature", "properties": { "name": "محل العصير اللذيذ", "categories": "Juice Bar", "address": "الرياض, المملكة العربية السعودية", "price": "Cheap", "likes": 4.0, "photos": "24", "tips": "2", "rating": null, "ratingSignals": null, "NEIGHBORHANAME": "المعذر الشمالي", "NEIGHBORHENAME": " NORTH AL-MATHAR", "lon": 46.661029, "lat": 24.704823, "rating_range": null }, "geometry": { "type": "Point", "coordinates": [ 46.661029, 24.704823 ] } },
{ "type": "Feature", "properties": { "name": "Jan Burger (جان برجر)", "categories": "Burger Joint", "address": "Takhasusi St, الرياض, المملكة العربية السعودية", "price": "Cheap", "likes": 243.0, "photos": "104", "tips": "77", "rating": 7.4, "ratingSignals": 358.0, "NEIGHBORHANAME": "المعذر الشمالي", "NEIGHBORHENAME": " NORTH AL-MATHAR", "lon": 46.665479556287693, "lat": 24.704334643491428, "rating_range": "High (8–10)" }, "geometry": { "type": "Point", "coordinates": [ 46.665479556287693, 24.704334643491428 ] } },
{ "type": "Feature", "properties": { "name": "عصير عوار القلب", "categories": "Juice Bar", "address": "المملكة العربية السعودية", "price": "Cheap", "likes": 35.0, "photos": "41", "tips": "2", "rating": 8.9, "ratingSignals": 37.0, "NEIGHBORHANAME": "المعذر الشمالي", "NEIGHBORHENAME": " NORTH AL-MATHAR", "lon": 46.664125813561753, "lat": 24.705919722334269, "rating_range": "High (8–10)" }, "geometry": { "type": "Point", "coordinates": [ 46.664125813561753, 24.705919722334269 ] } },
{ "type": "Feature", "properties": { "name": "Shawarma London (شاورما لندن)", "categories": "Shawarma Place", "address": "Takhassusi St. (..), Riyadh 12334, المملكة العربية السعودية", "price": null, "likes": 39.0, "photos": "42", "tips": "8", "rating": 6.7, "ratingSignals": 58.0, "NEIGHBORHANAME": "المعذر الشمالي", "NEIGHBORHENAME": " NORTH AL-MATHAR", "lon": 46.665507620907327, "lat": 24.704244259519751, "rating_range": "Medium (4–7)" }, "geometry": { "type": "Point", "coordinates": [ 46.665507620907327, 24.704244259519751 ] } },
{ "type": "Feature", "properties": { "name": "Baskin-Robbins", "categories": "Ice Cream Shop", "address": "Euromarché, المملكة العربية السعودية", "price": "Cheap", "likes": 7.0, "photos": "8", "tips": "0", "rating": 6.9, "ratingSignals": 10.0, "NEIGHBORHANAME": "المعذر الشمالي", "NEIGHBORHENAME": " NORTH AL-MATHAR", "lon": 46.664297675215167, "lat": 24.705674551544693, "rating_range": "Medium (4–7)" }, "geometry": { "type": "Point", "coordinates": [ 46.664297675215167, 24.705674551544693 ] } },
{ "type": "Feature", "properties": { "name": "Dunkin'", "categories": "Donut Shop", "address": "الرياض, المملكة العربية السعودية", "price": "Cheap", "likes": 11.0, "photos": "5", "tips": "2", "rating": 7.3, "ratingSignals": 14.0, "NEIGHBORHANAME": "المعذر الشمالي", "NEIGHBORHENAME": " NORTH AL-MATHAR", "lon": 46.661969, "lat": 24.704774, "rating_range": "High (8–10)" }, "geometry": { "type": "Point", "coordinates": [ 46.661969, 24.704774 ] } },
{ "type": "Feature", "properties": { "name": "مقهى قف (التسعينات)", "categories": "Coffee Shop", "address": "الرياض 12334, المملكة العربية السعودية", "price": "Cheap", "likes": 2.0, "photos": "0", "tips": "0", "rating": null, "ratingSignals": null, "NEIGHBORHANAME": "المعذر الشمالي", "NEIGHBORHENAME": " NORTH AL-MATHAR", "lon": 46.66368, "lat": 24.70614, "rating_range": null }, "geometry": { "type": "Point", "coordinates": [ 46.66368, 24.70614 ] } },
{ "type": "Feature", "properties": { "name": "Starbucks Coffee", "categories": "Coffee Shop", "address": "شارع التخصصي, الرياض 12333, المملكة العربية السعودية", "price": "Cheap", "likes": 0.0, "photos": "0", "tips": "0", "rating": null, "ratingSignals": null, "NEIGHBORHANAME": "المعذر الشمالي", "NEIGHBORHENAME": " NORTH AL-MATHAR", "lon": 46.664066, "lat": 24.706492, "rating_range": null }, "geometry": { "type": "Point", "coordinates": [ 46.664066, 24.706492 ] } },
{ "type": "Feature", "properties": { "name": "Fire Wok", "categories": "Asian Restaurant", "address": "الرياض 12334, المملكة العربية السعودية", "price": "Moderate", "likes": 8.0, "photos": "4", "tips": "5", "rating": 6.8, "ratingSignals": 13.0, "NEIGHBORHANAME": "المعذر الشمالي", "NEIGHBORHENAME": " NORTH AL-MATHAR", "lon": 46.665539, "lat": 24.704057, "rating_range": "Medium (4–7)" }, "geometry": { "type": "Point", "coordinates": [ 46.665539, 24.704057 ] } },
{ "type": "Feature", "properties": { "name": "Mini Chocolates (ميني شوكليت)", "categories": "Bakery", "address": "umm al-hamam, الرياض, المملكة العربية السعودية", "price": "Cheap", "likes": 1.0, "photos": "0", "tips": "0", "rating": null, "ratingSignals": null, "NEIGHBORHANAME": "المعذر الشمالي", "NEIGHBORHENAME": " NORTH AL-MATHAR", "lon": 46.663248538970954, "lat": 24.70607702255041, "rating_range": null }, "geometry": { "type": "Point", "coordinates": [ 46.663248538970954, 24.70607702255041 ] } },
{ "type": "Feature", "properties": { "name": "Burger King (برجر كينج)", "categories": "Fast Food Restaurant", "address": "Takhasusi (Takhasusi st.), الرياض, المملكة العربية السعودية", "price": "Cheap", "likes": 28.0, "photos": "20", "tips": "5", "rating": 6.7, "ratingSignals": 41.0, "NEIGHBORHANAME": "المعذر الشمالي", "NEIGHBORHENAME": " NORTH AL-MATHAR", "lon": 46.664287096113547, "lat": 24.705410048077884, "rating_range": "Medium (4–7)" }, "geometry": { "type": "Point", "coordinates": [ 46.664287096113547, 24.705410048077884 ] } },
{ "type": "Feature", "properties": { "name": "Shawirma Badawyah (شاورما بدوية)", "categories": "Middle Eastern Restaurant", "address": "Al Takasusi St., الرياض, المملكة العربية السعودية", "price": "Moderate", "likes": 20.0, "photos": "13", "tips": "6", "rating": 7.4, "ratingSignals": 24.0, "NEIGHBORHANAME": "المعذر الشمالي", "NEIGHBORHENAME": " NORTH AL-MATHAR", "lon": 46.663313157137672, "lat": 24.705326400068508, "rating_range": "High (8–10)" }, "geometry": { "type": "Point", "coordinates": [ 46.663313157137672, 24.705326400068508 ] } },
{ "type": "Feature", "properties": { "name": "Euro Bakery", "categories": "Bakery", "address": "المملكة العربية السعودية", "price": "Cheap", "likes": 0.0, "photos": "0", "tips": "0", "rating": null, "ratingSignals": null, "NEIGHBORHANAME": "المعذر الشمالي", "NEIGHBORHENAME": " NORTH AL-MATHAR", "lon": 46.663171625268326, "lat": 24.70638612405622, "rating_range": null }, "geometry": { "type": "Point", "coordinates": [ 46.663171625268326, 24.70638612405622 ] } },
{ "type": "Feature", "properties": { "name": "عصير عوار قلب 👀", "categories": "Juice Bar", "address": "المملكة العربية السعودية", "price": "Cheap", "likes": 37.0, "photos": "49", "tips": "4", "rating": 7.4, "ratingSignals": 46.0, "NEIGHBORHANAME": "المعذر الشمالي", "NEIGHBORHENAME": " NORTH AL-MATHAR", "lon": 46.662761516312464, "lat": 24.70693518078237, "rating_range": "High (8–10)" }, "geometry": { "type": "Point", "coordinates": [ 46.662761516312464, 24.70693518078237 ] } },
{ "type": "Feature", "properties": { "name": "Baskin Robbins| Euromarche", "categories": "Ice Cream Shop", "address": "المملكة العربية السعودية", "price": "Cheap", "likes": 6.0, "photos": "8", "tips": "0", "rating": null, "ratingSignals": null, "NEIGHBORHANAME": "المعذر الشمالي", "NEIGHBORHENAME": " NORTH AL-MATHAR", "lon": 46.664292584128674, "lat": 24.705663691771431, "rating_range": null }, "geometry": { "type": "Point", "coordinates": [ 46.664292584128674, 24.705663691771431 ] } },
{ "type": "Feature", "properties": { "name": "Dairy Queen", "categories": "Fast Food Restaurant", "address": "الرياض 12334, المملكة العربية السعودية", "price": "Cheap", "likes": 0.0, "photos": "2", "tips": "0", "rating": null, "ratingSignals": null, "NEIGHBORHANAME": "المعذر الشمالي", "NEIGHBORHENAME": " NORTH AL-MATHAR", "lon": 46.663006, "lat": 24.706982, "rating_range": null }, "geometry": { "type": "Point", "coordinates": [ 46.663006, 24.706982 ] } },
{ "type": "Feature", "properties": { "name": "خفيف", "categories": "Snack Place", "address": "اليورومارشيه, الرياض, المملكة العربية السعودية", "price": "Cheap", "likes": 0.0, "photos": "2", "tips": "0", "rating": null, "ratingSignals": null, "NEIGHBORHANAME": "المعذر الشمالي", "NEIGHBORHENAME": " NORTH AL-MATHAR", "lon": 46.663987259258612, "lat": 24.706450357882925, "rating_range": null }, "geometry": { "type": "Point", "coordinates": [ 46.663987259258612, 24.706450357882925 ] } },
{ "type": "Feature", "properties": { "name": "شاورما على الصاج", "categories": "Restaurant", "address": "يورمارشيه (التخصصي), الرياض, المملكة العربية السعودية", "price": "Moderate", "likes": 0.0, "photos": "2", "tips": "0", "rating": null, "ratingSignals": null, "NEIGHBORHANAME": "المعذر الشمالي", "NEIGHBORHENAME": " NORTH AL-MATHAR", "lon": 46.66335078072607, "lat": 24.705380167970976, "rating_range": null }, "geometry": { "type": "Point", "coordinates": [ 46.66335078072607, 24.705380167970976 ] } },
{ "type": "Feature", "properties": { "name": "Doughnuts & Coffee", "categories": "Coffee Shop", "address": "المملكة العربية السعودية", "price": "Cheap", "likes": 1.0, "photos": "0", "tips": "0", "rating": null, "ratingSignals": null, "NEIGHBORHANAME": "المعذر الشمالي", "NEIGHBORHENAME": " NORTH AL-MATHAR", "lon": 46.664826480385116, "lat": 24.704638617230607, "rating_range": null }, "geometry": { "type": "Point", "coordinates": [ 46.664826480385116, 24.704638617230607 ] } },
{ "type": "Feature", "properties": { "name": "Mini Chocolate", "categories": "Dessert Shop", "address": "المملكة العربية السعودية", "price": "Cheap", "likes": 39.0, "photos": "16", "tips": "7", "rating": 7.4, "ratingSignals": 50.0, "NEIGHBORHANAME": "المعذر الشمالي", "NEIGHBORHENAME": " NORTH AL-MATHAR", "lon": 46.663806927901675, "lat": 24.705277371674573, "rating_range": "High (8–10)" }, "geometry": { "type": "Point", "coordinates": [ 46.663806927901675, 24.705277371674573 ] } },
{ "type": "Feature", "properties": { "name": "الشكولاته الصغيره", "categories": "Coffee Shop", "address": "المملكة العربية السعودية", "price": "Cheap", "likes": 2.0, "photos": "1", "tips": "0", "rating": null, "ratingSignals": null, "NEIGHBORHANAME": "المعذر الشمالي", "NEIGHBORHENAME": " NORTH AL-MATHAR", "lon": 46.662055, "lat": 24.705816, "rating_range": null }, "geometry": { "type": "Point", "coordinates": [ 46.662055, 24.705816 ] } },
{ "type": "Feature", "properties": { "name": "Cinnamon zone", "categories": "Coffee Shop", "address": "المملكة العربية السعودية", "price": "Cheap", "likes": 2.0, "photos": "2", "tips": "2", "rating": null, "ratingSignals": null, "NEIGHBORHANAME": "المعذر الشمالي", "NEIGHBORHENAME": " NORTH AL-MATHAR", "lon": 46.664235591887071, "lat": 24.705880880355121, "rating_range": null }, "geometry": { "type": "Point", "coordinates": [ 46.664235591887071, 24.705880880355121 ] } },
{ "type": "Feature", "properties": { "name": "مطاعم ومطابخ المقصورة الفضية", "categories": "Middle Eastern Restaurant", "address": "King Abdullah Road, الرياض, المملكة العربية السعودية", "price": "Moderate", "likes": 1.0, "photos": "3", "tips": "2", "rating": null, "ratingSignals": null, "NEIGHBORHANAME": "جامعة الملك سعود", "NEIGHBORHENAME": "KING SAUD UNIVERSITY", "lon": 46.61597242606004, "lat": 24.713127039330246, "rating_range": null }, "geometry": { "type": "Point", "coordinates": [ 46.61597242606004, 24.713127039330246 ] } },
{ "type": "Feature", "properties": { "name": "Starbucks", "categories": "Coffee Shop", "address": "King Khalid Hospital, الرياض, المملكة العربية السعودية", "price": "Cheap", "likes": 355.0, "photos": "623", "tips": "40", "rating": 9.1, "ratingSignals": 409.0, "NEIGHBORHANAME": "جامعة الملك سعود", "NEIGHBORHENAME": "KING SAUD UNIVERSITY", "lon": 46.623011895373246, "lat": 24.712048005996532, "rating_range": "High (8–10)" }, "geometry": { "type": "Point", "coordinates": [ 46.623011895373246, 24.712048005996532 ] } },
{ "type": "Feature", "properties": { "name": "dr.CAFE COFFEE (د. كيف كافيه)", "categories": "Coffee Shop, Café, Sandwich Place", "address": "King Khaled University Hospital-KSU, الرياض, المملكة العربية السعودية", "price": "Cheap", "likes": 149.0, "photos": "228", "tips": "257", "rating": 7.4, "ratingSignals": 261.0, "NEIGHBORHANAME": "جامعة الملك سعود", "NEIGHBORHENAME": "KING SAUD UNIVERSITY", "lon": 46.621353167854139, "lat": 24.713146780473213, "rating_range": "High (8–10)" }, "geometry": { "type": "Point", "coordinates": [ 46.621353167854139, 24.713146780473213 ] } },
{ "type": "Feature", "properties": { "name": "Dunkin' Donuts", "categories": "Donut Shop", "address": "الرياض, المملكة العربية السعودية", "price": "Cheap", "likes": 47.0, "photos": "87", "tips": "5", "rating": 8.0, "ratingSignals": 59.0, "NEIGHBORHANAME": "جامعة الملك سعود", "NEIGHBORHENAME": "KING SAUD UNIVERSITY", "lon": 46.622208140139207, "lat": 24.711603548132963, "rating_range": "High (8–10)" }, "geometry": { "type": "Point", "coordinates": [ 46.622208140139207, 24.711603548132963 ] } },
{ "type": "Feature", "properties": { "name": "Torta & More", "categories": "Bakery", "address": "King Khalid University Hospital (East Building), الرياض 12372, المملكة العربية السعودية", "price": "Cheap", "likes": 2.0, "photos": "7", "tips": "0", "rating": null, "ratingSignals": null, "NEIGHBORHANAME": "جامعة الملك سعود", "NEIGHBORHENAME": "KING SAUD UNIVERSITY", "lon": 46.622499366311089, "lat": 24.713162857492129, "rating_range": null }, "geometry": { "type": "Point", "coordinates": [ 46.622499366311089, 24.713162857492129 ] } },
{ "type": "Feature", "properties": { "name": "Java Cafe", "categories": "Coffee Shop", "address": "KKUH Plaza, الرياض 12372, المملكة العربية السعودية", "price": "Cheap", "likes": 3.0, "photos": "9", "tips": "1", "rating": 6.8, "ratingSignals": 3.0, "NEIGHBORHANAME": "جامعة الملك سعود", "NEIGHBORHENAME": "KING SAUD UNIVERSITY", "lon": 46.622517, "lat": 24.712884, "rating_range": "Medium (4–7)" }, "geometry": { "type": "Point", "coordinates": [ 46.622517, 24.712884 ] } },
{ "type": "Feature", "properties": { "name": "dr.CAFE COFFEE | د. كيف", "categories": "Coffee Shop, Café, Sandwich Place", "address": "King Khalid Hospital / Girls (King Abdullah Rd.), الرياض 11566, المملكة العربية السعودية", "price": "Cheap", "likes": 7.0, "photos": "2", "tips": "0", "rating": 6.8, "ratingSignals": 10.0, "NEIGHBORHANAME": "جامعة الملك سعود", "NEIGHBORHENAME": "KING SAUD UNIVERSITY", "lon": 46.622114, "lat": 24.712052, "rating_range": "Medium (4–7)" }, "geometry": { "type": "Point", "coordinates": [ 46.622114, 24.712052 ] } },
{ "type": "Feature", "properties": { "name": "java time || جافا تايم", "categories": "Coffee Shop", "address": "KKUH-King Saud University, الرياض 12372, المملكة العربية السعودية", "price": "Cheap", "likes": 1.0, "photos": "4", "tips": "0", "rating": 8.0, "ratingSignals": 1.0, "NEIGHBORHANAME": "جامعة الملك سعود", "NEIGHBORHENAME": "KING SAUD UNIVERSITY", "lon": 46.622576, "lat": 24.710926, "rating_range": "High (8–10)" }, "geometry": { "type": "Point", "coordinates": [ 46.622576, 24.710926 ] } },
{ "type": "Feature", "properties": { "name": "دنكن دونتس", "categories": "Donut Shop", "address": "المملكة العربية السعودية", "price": "Cheap", "likes": 1.0, "photos": "1", "tips": "0", "rating": null, "ratingSignals": null, "NEIGHBORHANAME": "جامعة الملك سعود", "NEIGHBORHENAME": "KING SAUD UNIVERSITY", "lon": 46.621509, "lat": 24.711614, "rating_range": null }, "geometry": { "type": "Point", "coordinates": [ 46.621509, 24.711614 ] } },
{ "type": "Feature", "properties": { "name": "Torta and more (تورتا اند مور)", "categories": "Bakery", "address": "KSU - College of Medicine, المملكة العربية السعودية", "price": "Cheap", "likes": 18.0, "photos": "16", "tips": "5", "rating": 6.8, "ratingSignals": 24.0, "NEIGHBORHANAME": "جامعة الملك سعود", "NEIGHBORHENAME": "KING SAUD UNIVERSITY", "lon": 46.622452994575475, "lat": 24.713047158712978, "rating_range": "Medium (4–7)" }, "geometry": { "type": "Point", "coordinates": [ 46.622452994575475, 24.713047158712978 ] } },
{ "type": "Feature", "properties": { "name": "Saadeddin Express (سعد الدين إكسبرس)", "categories": "Dessert Shop", "address": "KKUH, المملكة العربية السعودية", "price": "Cheap", "likes": 8.0, "photos": "15", "tips": "0", "rating": 6.5, "ratingSignals": 12.0, "NEIGHBORHANAME": "جامعة الملك سعود", "NEIGHBORHENAME": "KING SAUD UNIVERSITY", "lon": 46.622399959298896, "lat": 24.712554418309686, "rating_range": "Medium (4–7)" }, "geometry": { "type": "Point", "coordinates": [ 46.622399959298896, 24.712554418309686 ] } },
{ "type": "Feature", "properties": { "name": "كافتيريا كبار الاشخاص vip cafeteria at KSUMC", "categories": "Cafeteria", "address": "المملكة العربية السعودية", "price": null, "likes": 2.0, "photos": "4", "tips": "0", "rating": null, "ratingSignals": null, "NEIGHBORHANAME": "جامعة الملك سعود", "NEIGHBORHENAME": "KING SAUD UNIVERSITY", "lon": 46.622826166902144, "lat": 24.711233913177438, "rating_range": null }, "geometry": { "type": "Point", "coordinates": [ 46.622826166902144, 24.711233913177438 ] } },
{ "type": "Feature", "properties": { "name": "Dr.cafe Female Floor KKUH", "categories": "Coffee Shop", "address": "المملكة العربية السعودية", "price": "Cheap", "likes": 1.0, "photos": "0", "tips": "0", "rating": null, "ratingSignals": null, "NEIGHBORHANAME": "جامعة الملك سعود", "NEIGHBORHENAME": "KING SAUD UNIVERSITY", "lon": 46.621120886948653, "lat": 24.711407932759272, "rating_range": null }, "geometry": { "type": "Point", "coordinates": [ 46.621120886948653, 24.711407932759272 ] } },
{ "type": "Feature", "properties": { "name": "دانكن", "categories": "Donut Shop", "address": "الرياض, المملكة العربية السعودية", "price": "Cheap", "likes": 0.0, "photos": "3", "tips": "0", "rating": null, "ratingSignals": null, "NEIGHBORHANAME": "جامعة الملك سعود", "NEIGHBORHENAME": "KING SAUD UNIVERSITY", "lon": 46.621445921997669, "lat": 24.709702998022049, "rating_range": null }, "geometry": { "type": "Point", "coordinates": [ 46.621445921997669, 24.709702998022049 ] } },
{ "type": "Feature", "properties": { "name": "Dr.cafe", "categories": "Coffee Shop", "address": "الرياض, المملكة العربية السعودية", "price": "Cheap", "likes": 3.0, "photos": "2", "tips": "2", "rating": null, "ratingSignals": null, "NEIGHBORHANAME": "جامعة الملك سعود", "NEIGHBORHENAME": "KING SAUD UNIVERSITY", "lon": 46.624300668695966, "lat": 24.709079539686368, "rating_range": null }, "geometry": { "type": "Point", "coordinates": [ 46.624300668695966, 24.709079539686368 ] } },
{ "type": "Feature", "properties": { "name": "KFC", "categories": "Fried Chicken Joint", "address": "الرائد, المملكة العربية السعودية", "price": "Cheap", "likes": 26.0, "photos": "33", "tips": "3", "rating": 7.0, "ratingSignals": 39.0, "NEIGHBORHANAME": "جامعة الملك سعود", "NEIGHBORHENAME": "KING SAUD UNIVERSITY", "lon": 46.629964875592421, "lat": 24.710848383943482, "rating_range": "Medium (4–7)" }, "geometry": { "type": "Point", "coordinates": [ 46.629964875592421, 24.710848383943482 ] } },
{ "type": "Feature", "properties": { "name": "Subway", "categories": "Sandwich Place, Fast Food Restaurant", "address": "King Khalid University Hospital (KKUH PLAZA), الرياض, المملكة العربية السعودية", "price": "Cheap", "likes": 21.0, "photos": "13", "tips": "2", "rating": 7.2, "ratingSignals": 29.0, "NEIGHBORHANAME": "جامعة الملك سعود", "NEIGHBORHENAME": "KING SAUD UNIVERSITY", "lon": 46.622499525532461, "lat": 24.713242063575297, "rating_range": "High (8–10)" }, "geometry": { "type": "Point", "coordinates": [ 46.622499525532461, 24.713242063575297 ] } },
{ "type": "Feature", "properties": { "name": "My Pie (فطيرتي)", "categories": "Bakery", "address": "King Abdulah Rd, الرياض, المملكة العربية السعودية", "price": "Cheap", "likes": 0.0, "photos": "1", "tips": "1", "rating": null, "ratingSignals": null, "NEIGHBORHANAME": "جامعة الملك سعود", "NEIGHBORHENAME": "KING SAUD UNIVERSITY", "lon": 46.630318, "lat": 24.71149, "rating_range": null }, "geometry": { "type": "Point", "coordinates": [ 46.630318, 24.71149 ] } },
{ "type": "Feature", "properties": { "name": "فوال النخيل", "categories": "Bakery", "address": "الرياض, المملكة العربية السعودية", "price": "Cheap", "likes": 0.0, "photos": "1", "tips": "0", "rating": null, "ratingSignals": null, "NEIGHBORHANAME": "جامعة الملك سعود", "NEIGHBORHENAME": "KING SAUD UNIVERSITY", "lon": 46.627777099609382, "lat": 24.710811614990234, "rating_range": null }, "geometry": { "type": "Point", "coordinates": [ 46.627777099609382, 24.710811614990234 ] } },
{ "type": "Feature", "properties": { "name": "فوال النخيل", "categories": "African Restaurant", "address": "الرياض, المملكة العربية السعودية", "price": "Moderate", "likes": 0.0, "photos": "1", "tips": "0", "rating": null, "ratingSignals": null, "NEIGHBORHANAME": "جامعة الملك سعود", "NEIGHBORHENAME": "KING SAUD UNIVERSITY", "lon": 46.629772, "lat": 24.711576, "rating_range": null }, "geometry": { "type": "Point", "coordinates": [ 46.629772, 24.711576 ] } },
{ "type": "Feature", "properties": { "name": "أسرار الكنافة", "categories": "Dessert Shop", "address": "الرياض, المملكة العربية السعودية", "price": "Cheap", "likes": 0.0, "photos": "2", "tips": "1", "rating": null, "ratingSignals": null, "NEIGHBORHANAME": "جامعة الملك سعود", "NEIGHBORHENAME": "KING SAUD UNIVERSITY", "lon": 46.627409984745682, "lat": 24.710571812909194, "rating_range": null }, "geometry": { "type": "Point", "coordinates": [ 46.627409984745682, 24.710571812909194 ] } },
{ "type": "Feature", "properties": { "name": "Manaeesh", "categories": "Breakfast Spot", "address": "المملكة العربية السعودية", "price": "Cheap", "likes": 0.0, "photos": "0", "tips": "0", "rating": null, "ratingSignals": null, "NEIGHBORHANAME": "جامعة الملك سعود", "NEIGHBORHENAME": "KING SAUD UNIVERSITY", "lon": 46.6279856, "lat": 24.7121246, "rating_range": null }, "geometry": { "type": "Point", "coordinates": [ 46.6279856, 24.7121246 ] } },
{ "type": "Feature", "properties": { "name": "Joffrey's", "categories": "Coffee Shop", "address": "الرياض 12372, المملكة العربية السعودية", "price": "Cheap", "likes": 1.0, "photos": "0", "tips": "1", "rating": null, "ratingSignals": null, "NEIGHBORHANAME": "جامعة الملك سعود", "NEIGHBORHENAME": "KING SAUD UNIVERSITY", "lon": 46.622578, "lat": 24.713598, "rating_range": null }, "geometry": { "type": "Point", "coordinates": [ 46.622578, 24.713598 ] } },
{ "type": "Feature", "properties": { "name": "فوّال الرائد", "categories": "Breakfast Spot", "address": "الرياض, المملكة العربية السعودية", "price": "Cheap", "likes": 1.0, "photos": "1", "tips": "0", "rating": null, "ratingSignals": null, "NEIGHBORHANAME": "جامعة الملك سعود", "NEIGHBORHENAME": "KING SAUD UNIVERSITY", "lon": 46.629987095150049, "lat": 24.711282433564467, "rating_range": null }, "geometry": { "type": "Point", "coordinates": [ 46.629987095150049, 24.711282433564467 ] } },
{ "type": "Feature", "properties": { "name": "بخاري", "categories": "Middle Eastern Restaurant", "address": "Riyadh, المملكة العربية السعودية", "price": "Moderate", "likes": 0.0, "photos": "0", "tips": "1", "rating": null, "ratingSignals": null, "NEIGHBORHANAME": "جامعة الملك سعود", "NEIGHBORHENAME": "KING SAUD UNIVERSITY", "lon": 46.632050764037714, "lat": 24.713069262747631, "rating_range": null }, "geometry": { "type": "Point", "coordinates": [ 46.632050764037714, 24.713069262747631 ] } },
{ "type": "Feature", "properties": { "name": "McDonald's", "categories": "Fast Food Restaurant", "address": "Olaya Mall (Orouba Rd.), الرياض, المملكة العربية السعودية", "price": "Cheap", "likes": 18.0, "photos": "57", "tips": "5", "rating": 6.2, "ratingSignals": 33.0, "NEIGHBORHANAME": "الورود", "NEIGHBORHENAME": "AL-WOROUD", "lon": 46.673124221797629, "lat": 24.713317627791319, "rating_range": "Medium (4–7)" }, "geometry": { "type": "Point", "coordinates": [ 46.673124221797629, 24.713317627791319 ] } },
{ "type": "Feature", "properties": { "name": "Macdonalds.", "categories": "Fast Food Restaurant", "address": "المملكة العربية السعودية", "price": "Cheap", "likes": 32.0, "photos": "17", "tips": "7", "rating": 8.4, "ratingSignals": 41.0, "NEIGHBORHANAME": "الورود", "NEIGHBORHENAME": "AL-WOROUD", "lon": 46.67328635718723, "lat": 24.713288550691399, "rating_range": "High (8–10)" }, "geometry": { "type": "Point", "coordinates": [ 46.67328635718723, 24.713288550691399 ] } },
{ "type": "Feature", "properties": { "name": "Caribou Coffee", "categories": "Coffee Shop", "address": "Olya St., الرياض, المملكة العربية السعودية", "price": "Cheap", "likes": 78.0, "photos": "486", "tips": "19", "rating": 9.1, "ratingSignals": 91.0, "NEIGHBORHANAME": "الورود", "NEIGHBORHENAME": "AL-WOROUD", "lon": 46.673887823099783, "lat": 24.713464234815813, "rating_range": "High (8–10)" }, "geometry": { "type": "Point", "coordinates": [ 46.673887823099783, 24.713464234815813 ] } },
{ "type": "Feature", "properties": { "name": "Tutti Caf (قهوه توتي)", "categories": "Coffee Shop", "address": "المملكة العربية السعودية", "price": "Cheap", "likes": 2.0, "photos": "3", "tips": "0", "rating": null, "ratingSignals": null, "NEIGHBORHANAME": "جامعة الملك سعود", "NEIGHBORHENAME": "KING SAUD UNIVERSITY", "lon": 46.613320681652354, "lat": 24.714821135468906, "rating_range": null }, "geometry": { "type": "Point", "coordinates": [ 46.613320681652354, 24.714821135468906 ] } },
{ "type": "Feature", "properties": { "name": "The Pancake House", "categories": "Breakfast Spot", "address": "الرياض, المملكة العربية السعودية", "price": "Cheap", "likes": 1.0, "photos": "3", "tips": "6", "rating": null, "ratingSignals": null, "NEIGHBORHANAME": "جامعة الملك سعود", "NEIGHBORHENAME": "KING SAUD UNIVERSITY", "lon": 46.611813536365155, "lat": 24.716823669943437, "rating_range": null }, "geometry": { "type": "Point", "coordinates": [ 46.611813536365155, 24.716823669943437 ] } },
{ "type": "Feature", "properties": { "name": "كافتيريا كلية التربية", "categories": "Cafeteria", "address": "المملكة العربية السعودية", "price": null, "likes": 0.0, "photos": "0", "tips": "0", "rating": null, "ratingSignals": null, "NEIGHBORHANAME": "جامعة الملك سعود", "NEIGHBORHENAME": "KING SAUD UNIVERSITY", "lon": 46.615722, "lat": 24.717837, "rating_range": null }, "geometry": { "type": "Point", "coordinates": [ 46.615722, 24.717837 ] } },
{ "type": "Feature", "properties": { "name": "Pane Piatto (باني بياتو)", "categories": "Bakery", "address": "King Saud University, المملكة العربية السعودية", "price": "Cheap", "likes": 0.0, "photos": "0", "tips": "0", "rating": null, "ratingSignals": null, "NEIGHBORHANAME": "جامعة الملك سعود", "NEIGHBORHENAME": "KING SAUD UNIVERSITY", "lon": 46.617639847382051, "lat": 24.717398920793965, "rating_range": null }, "geometry": { "type": "Point", "coordinates": [ 46.617639847382051, 24.717398920793965 ] } },
{ "type": "Feature", "properties": { "name": "Moon Cafe", "categories": "Coffee Shop, University, Café", "address": "الرياض 12372, المملكة العربية السعودية", "price": "Cheap", "likes": 2.0, "photos": "0", "tips": "0", "rating": null, "ratingSignals": null, "NEIGHBORHANAME": "جامعة الملك سعود", "NEIGHBORHENAME": "KING SAUD UNIVERSITY", "lon": 46.617553, "lat": 24.717618, "rating_range": null }, "geometry": { "type": "Point", "coordinates": [ 46.617553, 24.717618 ] } },
{ "type": "Feature", "properties": { "name": "Tutti Caf (قهوه توتي)", "categories": "Coffee Shop", "address": "المملكة العربية السعودية", "price": "Cheap", "likes": 0.0, "photos": "1", "tips": "1", "rating": null, "ratingSignals": null, "NEIGHBORHANAME": "جامعة الملك سعود", "NEIGHBORHENAME": "KING SAUD UNIVERSITY", "lon": 46.615025694718639, "lat": 24.71474419066957, "rating_range": null }, "geometry": { "type": "Point", "coordinates": [ 46.615025694718639, 24.71474419066957 ] } },
{ "type": "Feature", "properties": { "name": "Dr.cafe coffee", "categories": "Coffee Shop", "address": "College of law (( KSU)), الرياض, المملكة العربية السعودية", "price": "Cheap", "likes": 8.0, "photos": "7", "tips": "9", "rating": 7.8, "ratingSignals": 10.0, "NEIGHBORHANAME": "جامعة الملك سعود", "NEIGHBORHENAME": "KING SAUD UNIVERSITY", "lon": 46.615199967296363, "lat": 24.714100692814451, "rating_range": "High (8–10)" }, "geometry": { "type": "Point", "coordinates": [ 46.615199967296363, 24.714100692814451 ] } },
{ "type": "Feature", "properties": { "name": "dr.CAFE COFFEE | د. كيف", "categories": "Coffee Shop, Café, Sandwich Place", "address": "Arts College - KSU (King Abdullah Road), الرياض 11566, المملكة العربية السعودية", "price": "Cheap", "likes": 33.0, "photos": "30", "tips": "30", "rating": 7.7, "ratingSignals": 47.0, "NEIGHBORHANAME": "جامعة الملك سعود", "NEIGHBORHENAME": "KING SAUD UNIVERSITY", "lon": 46.614497, "lat": 24.71807, "rating_range": "High (8–10)" }, "geometry": { "type": "Point", "coordinates": [ 46.614497, 24.71807 ] } },
{ "type": "Feature", "properties": { "name": "dr.CAFE COFFEE | د. كيف", "categories": "Coffee Shop, Café, Sandwich Place", "address": "Language College - KSU (King Abdullah Road), الرياض 11566, المملكة العربية السعودية", "price": "Cheap", "likes": 35.0, "photos": "19", "tips": "59", "rating": 8.2, "ratingSignals": 58.0, "NEIGHBORHANAME": "جامعة الملك سعود", "NEIGHBORHENAME": "KING SAUD UNIVERSITY", "lon": 46.614302206045224, "lat": 24.718844629754763, "rating_range": "High (8–10)" }, "geometry": { "type": "Point", "coordinates": [ 46.614302206045224, 24.718844629754763 ] } },
{ "type": "Feature", "properties": { "name": "البوفية الي تاكل منها تتسمم بس لذيذه", "categories": "Restaurant", "address": "الرياض 12372, المملكة العربية السعودية", "price": "Moderate", "likes": 0.0, "photos": "2", "tips": "0", "rating": null, "ratingSignals": null, "NEIGHBORHANAME": "جامعة الملك سعود", "NEIGHBORHENAME": "KING SAUD UNIVERSITY", "lon": 46.616479, "lat": 24.718393, "rating_range": null }, "geometry": { "type": "Point", "coordinates": [ 46.616479, 24.718393 ] } },
{ "type": "Feature", "properties": { "name": "Auntie Anne’s", "categories": "Snack Place, Bakery", "address": "الرياض 12372, المملكة العربية السعودية", "price": "Cheap", "likes": 1.0, "photos": "5", "tips": "0", "rating": null, "ratingSignals": null, "NEIGHBORHANAME": "جامعة الملك سعود", "NEIGHBORHENAME": "KING SAUD UNIVERSITY", "lon": 46.617839, "lat": 24.717271, "rating_range": null }, "geometry": { "type": "Point", "coordinates": [ 46.617839, 24.717271 ] } },
{ "type": "Feature", "properties": { "name": "مطعم أعضاء هيئة التدريس", "categories": "Middle Eastern Restaurant", "address": "المملكة العربية السعودية", "price": "Moderate", "likes": 0.0, "photos": "1", "tips": "0", "rating": null, "ratingSignals": null, "NEIGHBORHANAME": "جامعة الملك سعود", "NEIGHBORHENAME": "KING SAUD UNIVERSITY", "lon": 46.618965148925781, "lat": 24.716863632202145, "rating_range": null }, "geometry": { "type": "Point", "coordinates": [ 46.618965148925781, 24.716863632202145 ] } },
{ "type": "Feature", "properties": { "name": "pane piatto King Saud University", "categories": "Coffee Shop", "address": "المملكة العربية السعودية", "price": "Cheap", "likes": 0.0, "photos": "0", "tips": "0", "rating": null, "ratingSignals": null, "NEIGHBORHANAME": "جامعة الملك سعود", "NEIGHBORHENAME": "KING SAUD UNIVERSITY", "lon": 46.617494, "lat": 24.71736, "rating_range": null }, "geometry": { "type": "Point", "coordinates": [ 46.617494, 24.71736 ] } },
{ "type": "Feature", "properties": { "name": "dr.CAFE COFFEE | د. كيف", "categories": "Coffee Shop, Café, Sandwich Place", "address": "Administration College - KSU (King Abdullah Road), الرياض 65724, المملكة العربية السعودية", "price": "Cheap", "likes": 10.0, "photos": "4", "tips": "8", "rating": 7.2, "ratingSignals": 16.0, "NEIGHBORHANAME": "جامعة الملك سعود", "NEIGHBORHENAME": "KING SAUD UNIVERSITY", "lon": 46.614186133376464, "lat": 24.718004960169122, "rating_range": "High (8–10)" }, "geometry": { "type": "Point", "coordinates": [ 46.614186133376464, 24.718004960169122 ] } },
{ "type": "Feature", "properties": { "name": "جافا كافيه   Java Caffee", "categories": "Coffee Shop", "address": "الرياض 12372, المملكة العربية السعودية", "price": "Cheap", "likes": 1.0, "photos": "3", "tips": "0", "rating": null, "ratingSignals": null, "NEIGHBORHANAME": "جامعة الملك سعود", "NEIGHBORHENAME": "KING SAUD UNIVERSITY", "lon": 46.622444, "lat": 24.714943, "rating_range": null }, "geometry": { "type": "Point", "coordinates": [ 46.622444, 24.714943 ] } },
{ "type": "Feature", "properties": { "name": "Dunkin' Donuts", "categories": "Donut Shop", "address": "KSU, الرياض, المملكة العربية السعودية", "price": "Cheap", "likes": 56.0, "photos": "104", "tips": "19", "rating": 7.5, "ratingSignals": 73.0, "NEIGHBORHANAME": "جامعة الملك سعود", "NEIGHBORHENAME": "KING SAUD UNIVERSITY", "lon": 46.620744506448546, "lat": 24.715849697876767, "rating_range": "High (8–10)" }, "geometry": { "type": "Point", "coordinates": [ 46.620744506448546, 24.715849697876767 ] } },
{ "type": "Feature", "properties": { "name": "دانكن الجامعة", "categories": "Coffee Shop", "address": "المملكة العربية السعودية", "price": "Cheap", "likes": 0.0, "photos": "5", "tips": "0", "rating": null, "ratingSignals": null, "NEIGHBORHANAME": "جامعة الملك سعود", "NEIGHBORHENAME": "KING SAUD UNIVERSITY", "lon": 46.620527350154354, "lat": 24.716192572362456, "rating_range": null }, "geometry": { "type": "Point", "coordinates": [ 46.620527350154354, 24.716192572362456 ] } },
{ "type": "Feature", "properties": { "name": "66 Cups", "categories": "Coffee Shop", "address": "الرياض 12362, المملكة العربية السعودية", "price": "Cheap", "likes": 0.0, "photos": "0", "tips": "0", "rating": null, "ratingSignals": null, "NEIGHBORHANAME": "جامعة الملك سعود", "NEIGHBORHENAME": "KING SAUD UNIVERSITY", "lon": 46.619437, "lat": 24.717306, "rating_range": null }, "geometry": { "type": "Point", "coordinates": [ 46.619437, 24.717306 ] } },
{ "type": "Feature", "properties": { "name": "Roma Way", "categories": "Pizza Place", "address": "King Saud University, الرياض, المملكة العربية السعودية", "price": "Cheap", "likes": 0.0, "photos": "0", "tips": "0", "rating": null, "ratingSignals": null, "NEIGHBORHANAME": "جامعة الملك سعود", "NEIGHBORHENAME": "KING SAUD UNIVERSITY", "lon": 46.619205, "lat": 24.717183, "rating_range": null }, "geometry": { "type": "Point", "coordinates": [ 46.619205, 24.717183 ] } },
{ "type": "Feature", "properties": { "name": "Diet Center (دايت سنتر)", "categories": "Restaurant, Salad Place, Gourmet Shop", "address": "King Saud University (King Saud University), الرياض 12372, المملكة العربية السعودية", "price": "Moderate", "likes": 2.0, "photos": "4", "tips": "1", "rating": 6.2, "ratingSignals": 5.0, "NEIGHBORHANAME": "جامعة الملك سعود", "NEIGHBORHENAME": "KING SAUD UNIVERSITY", "lon": 46.619449495140593, "lat": 24.717146751629119, "rating_range": "Medium (4–7)" }, "geometry": { "type": "Point", "coordinates": [ 46.619449495140593, 24.717146751629119 ] } },
{ "type": "Feature", "properties": { "name": "Students Cafeteria", "categories": "Mediterranean Restaurant", "address": "College of Medicine (King Saud University), المملكة العربية السعودية", "price": "Moderate", "likes": 2.0, "photos": "6", "tips": "2", "rating": null, "ratingSignals": null, "NEIGHBORHANAME": "جامعة الملك سعود", "NEIGHBORHENAME": "KING SAUD UNIVERSITY", "lon": 46.621097333766592, "lat": 24.713794118576651, "rating_range": null }, "geometry": { "type": "Point", "coordinates": [ 46.621097333766592, 24.713794118576651 ] } },
{ "type": "Feature", "properties": { "name": "Canton", "categories": "Asian Restaurant", "address": "King Saud University, الرياض, المملكة العربية السعودية", "price": "Moderate", "likes": 2.0, "photos": "9", "tips": "0", "rating": null, "ratingSignals": null, "NEIGHBORHANAME": "جامعة الملك سعود", "NEIGHBORHENAME": "KING SAUD UNIVERSITY", "lon": 46.619545, "lat": 24.71715, "rating_range": null }, "geometry": { "type": "Point", "coordinates": [ 46.619545, 24.71715 ] } },
{ "type": "Feature", "properties": { "name": "قهوة العمدة || alomdah coffee", "categories": "Food Truck", "address": "الرياض 12372, المملكة العربية السعودية", "price": "Cheap", "likes": 0.0, "photos": "0", "tips": "0", "rating": null, "ratingSignals": null, "NEIGHBORHANAME": "جامعة الملك سعود", "NEIGHBORHENAME": "KING SAUD UNIVERSITY", "lon": 46.620209, "lat": 24.717532, "rating_range": null }, "geometry": { "type": "Point", "coordinates": [ 46.620209, 24.717532 ] } },
{ "type": "Feature", "properties": { "name": "Wahid Fol (واحد فول)", "categories": "Mediterranean Restaurant", "address": "King Saud University.Main Campus, الرياض 12372, المملكة العربية السعودية", "price": "Moderate", "likes": 0.0, "photos": "1", "tips": "0", "rating": null, "ratingSignals": null, "NEIGHBORHANAME": "جامعة الملك سعود", "NEIGHBORHENAME": "KING SAUD UNIVERSITY", "lon": 46.618949, "lat": 24.717016, "rating_range": null }, "geometry": { "type": "Point", "coordinates": [ 46.618949, 24.717016 ] } },
{ "type": "Feature", "properties": { "name": "The Good Cheff", "categories": "Eastern European Restaurant", "address": "المملكة العربية السعودية", "price": "Moderate", "likes": 0.0, "photos": "1", "tips": "0", "rating": null, "ratingSignals": null, "NEIGHBORHANAME": "جامعة الملك سعود", "NEIGHBORHENAME": "KING SAUD UNIVERSITY", "lon": 46.619358062744141, "lat": 24.717031478881839, "rating_range": null }, "geometry": { "type": "Point", "coordinates": [ 46.619358062744141, 24.717031478881839 ] } },
{ "type": "Feature", "properties": { "name": "كروسان كافيه", "categories": "Coffee Shop", "address": "مكتبة الامير سلمان, المملكة العربية السعودية", "price": "Cheap", "likes": 3.0, "photos": "5", "tips": "1", "rating": null, "ratingSignals": null, "NEIGHBORHANAME": "جامعة الملك سعود", "NEIGHBORHENAME": "KING SAUD UNIVERSITY", "lon": 46.619556979825497, "lat": 24.718715339590169, "rating_range": null }, "geometry": { "type": "Point", "coordinates": [ 46.619556979825497, 24.718715339590169 ] } },
{ "type": "Feature", "properties": { "name": "Takohut", "categories": "Mexican Restaurant", "address": "King Saud University, الرياض, المملكة العربية السعودية", "price": "Cheap", "likes": 0.0, "photos": "2", "tips": "0", "rating": null, "ratingSignals": null, "NEIGHBORHANAME": "جامعة الملك سعود", "NEIGHBORHENAME": "KING SAUD UNIVERSITY", "lon": 46.619415665334188, "lat": 24.717154901363571, "rating_range": null }, "geometry": { "type": "Point", "coordinates": [ 46.619415665334188, 24.717154901363571 ] } },
{ "type": "Feature", "properties": { "name": "Estknan", "categories": "Coffee Shop", "address": "المملكة العربية السعودية", "price": "Cheap", "likes": 0.0, "photos": "0", "tips": "0", "rating": null, "ratingSignals": null, "NEIGHBORHANAME": "جامعة الملك سعود", "NEIGHBORHENAME": "KING SAUD UNIVERSITY", "lon": 46.621121, "lat": 24.713798, "rating_range": null }, "geometry": { "type": "Point", "coordinates": [ 46.621121, 24.713798 ] } },
{ "type": "Feature", "properties": { "name": "dr.CAFE COFFEE | د. كيف", "categories": "Coffee Shop, Café, Sandwich Place", "address": "Pharmaceutical & Dental College - KSU (King Abdullah Road), الرياض 11566, المملكة العربية السعودية", "price": "Cheap", "likes": 34.0, "photos": "34", "tips": "42", "rating": 7.4, "ratingSignals": 52.0, "NEIGHBORHANAME": "جامعة الملك سعود", "NEIGHBORHENAME": "KING SAUD UNIVERSITY", "lon": 46.621858847461866, "lat": 24.715322299768442, "rating_range": "High (8–10)" }, "geometry": { "type": "Point", "coordinates": [ 46.621858847461866, 24.715322299768442 ] } },
{ "type": "Feature", "properties": { "name": "Wayne's coffee - dental hospital", "categories": "Coffee Shop", "address": "Dental university hospital, الرياض 12372, المملكة العربية السعودية", "price": "Cheap", "likes": 2.0, "photos": "0", "tips": "0", "rating": null, "ratingSignals": null, "NEIGHBORHANAME": "جامعة الملك سعود", "NEIGHBORHENAME": "KING SAUD UNIVERSITY", "lon": 46.622387766838074, "lat": 24.714982805767846, "rating_range": null }, "geometry": { "type": "Point", "coordinates": [ 46.622387766838074, 24.714982805767846 ] } },
{ "type": "Feature", "properties": { "name": "Caribou Coffee", "categories": "Coffee Shop", "address": "King Saud University (Main Hall), الرياض, المملكة العربية السعودية", "price": "Cheap", "likes": 19.0, "photos": "38", "tips": "5", "rating": 7.3, "ratingSignals": 25.0, "NEIGHBORHANAME": "جامعة الملك سعود", "NEIGHBORHENAME": "KING SAUD UNIVERSITY", "lon": 46.619411472457372, "lat": 24.717173660389125, "rating_range": "High (8–10)" }, "geometry": { "type": "Point", "coordinates": [ 46.619411472457372, 24.717173660389125 ] } },
{ "type": "Feature", "properties": { "name": "La Mode Coffee", "categories": "Coffee Shop", "address": "الرياض 12372, المملكة العربية السعودية", "price": "Cheap", "likes": 0.0, "photos": "0", "tips": "0", "rating": null, "ratingSignals": null, "NEIGHBORHANAME": "جامعة الملك سعود", "NEIGHBORHENAME": "KING SAUD UNIVERSITY", "lon": 46.623497, "lat": 24.716026, "rating_range": null }, "geometry": { "type": "Point", "coordinates": [ 46.623497, 24.716026 ] } },
{ "type": "Feature", "properties": { "name": "Cariou Coffee KSU (كاريبو كافيه البهو)", "categories": "Coffee Shop", "address": "المملكة العربية السعودية", "price": "Cheap", "likes": 0.0, "photos": "4", "tips": "0", "rating": null, "ratingSignals": null, "NEIGHBORHANAME": "جامعة الملك سعود", "NEIGHBORHENAME": "KING SAUD UNIVERSITY", "lon": 46.619110107421882, "lat": 24.716973423137713, "rating_range": null }, "geometry": { "type": "Point", "coordinates": [ 46.619110107421882, 24.716973423137713 ] } },
{ "type": "Feature", "properties": { "name": "بوفيه ابو رهف", "categories": "Breakfast Spot", "address": "الرياض 12372, المملكة العربية السعودية", "price": "Cheap", "likes": 7.0, "photos": "6", "tips": "1", "rating": null, "ratingSignals": null, "NEIGHBORHANAME": "جامعة الملك سعود", "NEIGHBORHENAME": "KING SAUD UNIVERSITY", "lon": 46.625907144238319, "lat": 24.718768129717798, "rating_range": null }, "geometry": { "type": "Point", "coordinates": [ 46.625907144238319, 24.718768129717798 ] } },
{ "type": "Feature", "properties": { "name": "فوال الجامعة", "categories": "Falafel Restaurant", "address": "الرياض, المملكة العربية السعودية", "price": "Cheap", "likes": 4.0, "photos": "3", "tips": "1", "rating": null, "ratingSignals": null, "NEIGHBORHANAME": "جامعة الملك سعود", "NEIGHBORHENAME": "KING SAUD UNIVERSITY", "lon": 46.626476, "lat": 24.71425, "rating_range": null }, "geometry": { "type": "Point", "coordinates": [ 46.626476, 24.71425 ] } },
{ "type": "Feature", "properties": { "name": "the spirit of Indian taste", "categories": "Indian Restaurant", "address": "الرياض, المملكة العربية السعودية", "price": "Moderate", "likes": 0.0, "photos": "1", "tips": "0", "rating": null, "ratingSignals": null, "NEIGHBORHANAME": "جامعة الملك سعود", "NEIGHBORHENAME": "KING SAUD UNIVERSITY", "lon": 46.626724243164062, "lat": 24.714019775390625, "rating_range": null }, "geometry": { "type": "Point", "coordinates": [ 46.626724243164062, 24.714019775390625 ] } },
{ "type": "Feature", "properties": { "name": "Title Coffee", "categories": "Coffee Shop", "address": "King Saud University, الرياض, المملكة العربية السعودية", "price": "Cheap", "likes": 1.0, "photos": "3", "tips": "2", "rating": null, "ratingSignals": null, "NEIGHBORHANAME": "جامعة الملك سعود", "NEIGHBORHENAME": "KING SAUD UNIVERSITY", "lon": 46.626387, "lat": 24.714636, "rating_range": null }, "geometry": { "type": "Point", "coordinates": [ 46.626387, 24.714636 ] } },
{ "type": "Feature", "properties": { "name": "Safarat", "categories": "Community Center, Dutch Restaurant, Cafeteria", "address": "الرياض 12372, المملكة العربية السعودية", "price": null, "likes": 0.0, "photos": "3", "tips": "0", "rating": null, "ratingSignals": null, "NEIGHBORHANAME": "جامعة الملك سعود", "NEIGHBORHENAME": "KING SAUD UNIVERSITY", "lon": 46.63124, "lat": 24.717988, "rating_range": null }, "geometry": { "type": "Point", "coordinates": [ 46.63124, 24.717988 ] } },
{ "type": "Feature", "properties": { "name": "Dr.cafe كلية اللغات والترجمة", "categories": "Coffee Shop", "address": "كلية اللغات والترجمة, الرياض, المملكة العربية السعودية", "price": "Cheap", "likes": 0.0, "photos": "0", "tips": "0", "rating": null, "ratingSignals": null, "NEIGHBORHANAME": "جامعة الملك سعود", "NEIGHBORHENAME": "KING SAUD UNIVERSITY", "lon": 46.635391450146656, "lat": 24.718315529363803, "rating_range": null }, "geometry": { "type": "Point", "coordinates": [ 46.635391450146656, 24.718315529363803 ] } },
{ "type": "Feature", "properties": { "name": "Chateau Marrakech (مطعم شاتو مراكيش المغربي)", "categories": "Moroccan Restaurant", "address": "Andalus Mall (Olaya St.), الرياض 12215, المملكة العربية السعودية", "price": "Expensive", "likes": 545.0, "photos": "567", "tips": "248", "rating": 8.2, "ratingSignals": 755.0, "NEIGHBORHANAME": "الورود", "NEIGHBORHENAME": "AL-WOROUD", "lon": 46.671340028712493, "lat": 24.718153672328654, "rating_range": "High (8–10)" }, "geometry": { "type": "Point", "coordinates": [ 46.671340028712493, 24.718153672328654 ] } },
{ "type": "Feature", "properties": { "name": "Pretzel Maker", "categories": "Coffee Shop", "address": "العليا مول (طريق العروبة), المملكة العربية السعودية", "price": "Cheap", "likes": 5.0, "photos": "0", "tips": "1", "rating": null, "ratingSignals": null, "NEIGHBORHANAME": "الورود", "NEIGHBORHENAME": "AL-WOROUD", "lon": 46.673594, "lat": 24.713991, "rating_range": null }, "geometry": { "type": "Point", "coordinates": [ 46.673594, 24.713991 ] } },
{ "type": "Feature", "properties": { "name": "Starbucks", "categories": "Coffee Shop", "address": "Oruba Street (Al Olaya St), الرياض, المملكة العربية السعودية", "price": "Moderate", "likes": 1514.0, "photos": "4078", "tips": "235", "rating": 8.3, "ratingSignals": 1974.0, "NEIGHBORHANAME": "الورود", "NEIGHBORHENAME": "AL-WOROUD", "lon": 46.677708728836052, "lat": 24.715021706225702, "rating_range": "High (8–10)" }, "geometry": { "type": "Point", "coordinates": [ 46.677708728836052, 24.715021706225702 ] } },
{ "type": "Feature", "properties": { "name": "Baskin-Robbins", "categories": "Ice Cream Shop", "address": "Oruba Street, الرياض, المملكة العربية السعودية", "price": "Cheap", "likes": 80.0, "photos": "37", "tips": "10", "rating": 8.9, "ratingSignals": 91.0, "NEIGHBORHANAME": "الورود", "NEIGHBORHENAME": "AL-WOROUD", "lon": 46.681274223543902, "lat": 24.716207094204567, "rating_range": "High (8–10)" }, "geometry": { "type": "Point", "coordinates": [ 46.681274223543902, 24.716207094204567 ] } },
{ "type": "Feature", "properties": { "name": "Arawla (اراولة)", "categories": "Juice Bar", "address": "Aloroba Street, الرياض, المملكة العربية السعودية", "price": "Cheap", "likes": 30.0, "photos": "73", "tips": "24", "rating": 8.1, "ratingSignals": 44.0, "NEIGHBORHANAME": "الورود", "NEIGHBORHENAME": "AL-WOROUD", "lon": 46.67835919715111, "lat": 24.71493033705714, "rating_range": "High (8–10)" }, "geometry": { "type": "Point", "coordinates": [ 46.67835919715111, 24.71493033705714 ] } },
{ "type": "Feature", "properties": { "name": "مطعم سحائب طيبة", "categories": "Turkish Restaurant", "address": "حي الورود شارع المهندس مساعد العنقري, المملكة العربية السعودية", "price": "Moderate", "likes": 125.0, "photos": "26", "tips": "31", "rating": 8.7, "ratingSignals": 149.0, "NEIGHBORHANAME": "الورود", "NEIGHBORHENAME": "AL-WOROUD", "lon": 46.680971033957434, "lat": 24.718307405780948, "rating_range": "High (8–10)" }, "geometry": { "type": "Point", "coordinates": [ 46.680971033957434, 24.718307405780948 ] } },
{ "type": "Feature", "properties": { "name": "Basatin Al Rumen Restuarant", "categories": "Turkish Restaurant", "address": "المملكة العربية السعودية", "price": "Moderate", "likes": 23.0, "photos": "27", "tips": "3", "rating": 7.6, "ratingSignals": 30.0, "NEIGHBORHANAME": "الورود", "NEIGHBORHENAME": "AL-WOROUD", "lon": 46.681399206061926, "lat": 24.717623906259423, "rating_range": "High (8–10)" }, "geometry": { "type": "Point", "coordinates": [ 46.681399206061926, 24.717623906259423 ] } },
{ "type": "Feature", "properties": { "name": "2R Specialty Coffee", "categories": "Coffee Shop", "address": "الرياض 12251, المملكة العربية السعودية", "price": "Cheap", "likes": 2.0, "photos": "1", "tips": "1", "rating": null, "ratingSignals": null, "NEIGHBORHANAME": "الورود", "NEIGHBORHENAME": "AL-WOROUD", "lon": 46.676759, "lat": 24.714335, "rating_range": null }, "geometry": { "type": "Point", "coordinates": [ 46.676759, 24.714335 ] } },
{ "type": "Feature", "properties": { "name": "Anoosh (انوش)", "categories": "Dessert Shop", "address": "المملكة العربية السعودية", "price": "Cheap", "likes": 63.0, "photos": "25", "tips": "10", "rating": 8.9, "ratingSignals": 75.0, "NEIGHBORHANAME": "الورود", "NEIGHBORHENAME": "AL-WOROUD", "lon": 46.67970942666485, "lat": 24.715559192055082, "rating_range": "High (8–10)" }, "geometry": { "type": "Point", "coordinates": [ 46.67970942666485, 24.715559192055082 ] } },
{ "type": "Feature", "properties": { "name": "Al-Feshawy (الفيشاوي)", "categories": "Middle Eastern Restaurant", "address": "Orouba St (العروبه مع العليا), الرياض, المملكة العربية السعودية", "price": "Moderate", "likes": 53.0, "photos": "82", "tips": "36", "rating": 6.8, "ratingSignals": 82.0, "NEIGHBORHANAME": "الورود", "NEIGHBORHENAME": "AL-WOROUD", "lon": 46.675955548801298, "lat": 24.713980483190948, "rating_range": "Medium (4–7)" }, "geometry": { "type": "Point", "coordinates": [ 46.675955548801298, 24.713980483190948 ] } },
{ "type": "Feature", "properties": { "name": "Nan Stop Falafel (فلافل نان ستوب)", "categories": "Falafel Restaurant", "address": "شارع العروبه, الرياض, المملكة العربية السعودية", "price": "Cheap", "likes": 0.0, "photos": "3", "tips": "1", "rating": null, "ratingSignals": null, "NEIGHBORHANAME": "الورود", "NEIGHBORHENAME": "AL-WOROUD", "lon": 46.680144, "lat": 24.715684, "rating_range": null }, "geometry": { "type": "Point", "coordinates": [ 46.680144, 24.715684 ] } },
{ "type": "Feature", "properties": { "name": "Carmey", "categories": "Dessert Shop", "address": "العروبة (جنب ستاربكس), الرياض, المملكة العربية السعودية", "price": "Cheap", "likes": 15.0, "photos": "10", "tips": "2", "rating": 6.5, "ratingSignals": 24.0, "NEIGHBORHANAME": "الورود", "NEIGHBORHENAME": "AL-WOROUD", "lon": 46.677535256640923, "lat": 24.714615594888748, "rating_range": "Medium (4–7)" }, "geometry": { "type": "Point", "coordinates": [ 46.677535256640923, 24.714615594888748 ] } },
{ "type": "Feature", "properties": { "name": "The Real Burger", "categories": "Burger Joint", "address": "Alurobah (Sabeh), الرياض 12252, المملكة العربية السعودية", "price": "Cheap", "likes": 30.0, "photos": "62", "tips": "10", "rating": 7.7, "ratingSignals": 46.0, "NEIGHBORHANAME": "الورود", "NEIGHBORHENAME": "AL-WOROUD", "lon": 46.687571, "lat": 24.719115, "rating_range": "High (8–10)" }, "geometry": { "type": "Point", "coordinates": [ 46.687571, 24.719115 ] } },
{ "type": "Feature", "properties": { "name": "Domino's Pizza", "categories": "Pizza Place", "address": "Al Ueouba St., الرياض, المملكة العربية السعودية", "price": "Cheap", "likes": 67.0, "photos": "42", "tips": "10", "rating": 7.9, "ratingSignals": 91.0, "NEIGHBORHANAME": "الورود", "NEIGHBORHENAME": "AL-WOROUD", "lon": 46.686126728357706, "lat": 24.718427313465011, "rating_range": "High (8–10)" }, "geometry": { "type": "Point", "coordinates": [ 46.686126728357706, 24.718427313465011 ] } },
{ "type": "Feature", "properties": { "name": "مطعم كرم اليمن للمأكولات الشعبية", "categories": "Breakfast Spot", "address": "المملكة العربية السعودية", "price": "Cheap", "likes": 3.0, "photos": "1", "tips": "0", "rating": null, "ratingSignals": null, "NEIGHBORHANAME": "النسيم الشرقي", "NEIGHBORHENAME": "EAST AN-NASEEM", "lon": 46.849394, "lat": 24.714274, "rating_range": null }, "geometry": { "type": "Point", "coordinates": [ 46.849394, 24.714274 ] } },
{ "type": "Feature", "properties": { "name": "فلافل الشام", "categories": "Falafel Restaurant", "address": "المملكة العربية السعودية", "price": "Cheap", "likes": 45.0, "photos": "6", "tips": "0", "rating": 8.3, "ratingSignals": 57.0, "NEIGHBORHANAME": "النسيم الشرقي", "NEIGHBORHENAME": "EAST AN-NASEEM", "lon": 46.852968212398707, "lat": 24.716795953626072, "rating_range": "High (8–10)" }, "geometry": { "type": "Point", "coordinates": [ 46.852968212398707, 24.716795953626072 ] } },
{ "type": "Feature", "properties": { "name": "مطعم اضنا", "categories": "Turkish Restaurant", "address": "المملكة العربية السعودية", "price": "Moderate", "likes": 1.0, "photos": "1", "tips": "0", "rating": null, "ratingSignals": null, "NEIGHBORHANAME": "النسيم الشرقي", "NEIGHBORHENAME": "EAST AN-NASEEM", "lon": 46.853285288547617, "lat": 24.716524912747396, "rating_range": null }, "geometry": { "type": "Point", "coordinates": [ 46.853285288547617, 24.716524912747396 ] } },
{ "type": "Feature", "properties": { "name": "Noon", "categories": "Deli / Bodega", "address": "الرياض, المملكة العربية السعودية", "price": "Cheap", "likes": 6.0, "photos": "6", "tips": "7", "rating": 7.1, "ratingSignals": 8.0, "NEIGHBORHANAME": "جامعة الملك سعود", "NEIGHBORHENAME": "KING SAUD UNIVERSITY", "lon": 46.602540886408789, "lat": 24.724282425322297, "rating_range": "High (8–10)" }, "geometry": { "type": "Point", "coordinates": [ 46.602540886408789, 24.724282425322297 ] } },
{ "type": "Feature", "properties": { "name": "Guest Coffee", "categories": "Coffee Shop", "address": "الرياض 12372, المملكة العربية السعودية", "price": "Cheap", "likes": 0.0, "photos": "0", "tips": "0", "rating": null, "ratingSignals": null, "NEIGHBORHANAME": "جامعة الملك سعود", "NEIGHBORHENAME": "KING SAUD UNIVERSITY", "lon": 46.618789, "lat": 24.720028, "rating_range": null }, "geometry": { "type": "Point", "coordinates": [ 46.618789, 24.720028 ] } },
{ "type": "Feature", "properties": { "name": "Al Khafeef (عالخفيف)", "categories": "Sandwich Place", "address": "King Saud University, الرياض, المملكة العربية السعودية", "price": "Cheap", "likes": 3.0, "photos": "2", "tips": "0", "rating": null, "ratingSignals": null, "NEIGHBORHANAME": "جامعة الملك سعود", "NEIGHBORHENAME": "KING SAUD UNIVERSITY", "lon": 46.619330876831725, "lat": 24.720673192435644, "rating_range": null }, "geometry": { "type": "Point", "coordinates": [ 46.619330876831725, 24.720673192435644 ] } },
{ "type": "Feature", "properties": { "name": "SUB WAY (صب واي)", "categories": "Sandwich Place", "address": "المملكة العربية السعودية", "price": "Cheap", "likes": 0.0, "photos": "0", "tips": "0", "rating": null, "ratingSignals": null, "NEIGHBORHANAME": "جامعة الملك سعود", "NEIGHBORHENAME": "KING SAUD UNIVERSITY", "lon": 46.616867362771053, "lat": 24.723209340087816, "rating_range": null }, "geometry": { "type": "Point", "coordinates": [ 46.616867362771053, 24.723209340087816 ] } },
{ "type": "Feature", "properties": { "name": "dr. CAFE COFFEE", "categories": "Coffee Shop", "address": "2543, الرياض 12372, المملكة العربية السعودية", "price": "Cheap", "likes": 1.0, "photos": "0", "tips": "0", "rating": 7.4, "ratingSignals": 1.0, "NEIGHBORHANAME": "جامعة الملك سعود", "NEIGHBORHENAME": "KING SAUD UNIVERSITY", "lon": 46.616344, "lat": 24.723433, "rating_range": "High (8–10)" }, "geometry": { "type": "Point", "coordinates": [ 46.616344, 24.723433 ] } },
{ "type": "Feature", "properties": { "name": "Dr.cafe | College Of Engineering", "categories": "Coffee Shop", "address": "College Of Engineering, الرياض, المملكة العربية السعودية", "price": "Cheap", "likes": 14.0, "photos": "6", "tips": "25", "rating": 7.0, "ratingSignals": 21.0, "NEIGHBORHANAME": "جامعة الملك سعود", "NEIGHBORHENAME": "KING SAUD UNIVERSITY", "lon": 46.6172724446714, "lat": 24.723080410208965, "rating_range": "Medium (4–7)" }, "geometry": { "type": "Point", "coordinates": [ 46.6172724446714, 24.723080410208965 ] } },
{ "type": "Feature", "properties": { "name": "AL-Nafoura (النافورة)", "categories": "Afghan Restaurant", "address": "حي الضباط (طريق صلاح الدين الأيوبي (الستين)), المملكة العربية السعودية", "price": "Moderate", "likes": 0.0, "photos": "0", "tips": "0", "rating": null, "ratingSignals": null, "NEIGHBORHANAME": "جامعة الملك سعود", "NEIGHBORHENAME": "KING SAUD UNIVERSITY", "lon": 46.614799612282802, "lat": 24.723006339456948, "rating_range": null }, "geometry": { "type": "Point", "coordinates": [ 46.614799612282802, 24.723006339456948 ] } },
{ "type": "Feature", "properties": { "name": "Maken", "categories": "Fast Food Restaurant", "address": "المملكة العربية السعودية", "price": "Cheap", "likes": 1.0, "photos": "7", "tips": "0", "rating": null, "ratingSignals": null, "NEIGHBORHANAME": "جامعة الملك سعود", "NEIGHBORHENAME": "KING SAUD UNIVERSITY", "lon": 46.619019, "lat": 24.721998, "rating_range": null }, "geometry": { "type": "Point", "coordinates": [ 46.619019, 24.721998 ] } },
{ "type": "Feature", "properties": { "name": "صالة طعام", "categories": "Afghan Restaurant", "address": "جامعة الملك سعود (المسعى), الرياض, المملكة العربية السعودية", "price": "Moderate", "likes": 1.0, "photos": "6", "tips": "0", "rating": null, "ratingSignals": null, "NEIGHBORHANAME": "جامعة الملك سعود", "NEIGHBORHENAME": "KING SAUD UNIVERSITY", "lon": 46.619377981537504, "lat": 24.721246048673134, "rating_range": null }, "geometry": { "type": "Point", "coordinates": [ 46.619377981537504, 24.721246048673134 ] } },
{ "type": "Feature", "properties": { "name": "alkhafeef | عالخفيف | الجامعه", "categories": "Bakery", "address": "المملكة العربية السعودية", "price": "Cheap", "likes": 1.0, "photos": "0", "tips": "1", "rating": null, "ratingSignals": null, "NEIGHBORHANAME": "جامعة الملك سعود", "NEIGHBORHENAME": "KING SAUD UNIVERSITY", "lon": 46.619283, "lat": 24.720341, "rating_range": null }, "geometry": { "type": "Point", "coordinates": [ 46.619283, 24.720341 ] } },
{ "type": "Feature", "properties": { "name": "dr.CAFE COFFEE | د. كيف", "categories": "Coffee Shop, Café, Sandwich Place", "address": "Science College - KSU (King Abdullah Road), الرياض 11566, المملكة العربية السعودية", "price": "Cheap", "likes": 18.0, "photos": "11", "tips": "15", "rating": 7.1, "ratingSignals": 24.0, "NEIGHBORHANAME": "جامعة الملك سعود", "NEIGHBORHENAME": "KING SAUD UNIVERSITY", "lon": 46.618325875010903, "lat": 24.721485524998041, "rating_range": "High (8–10)" }, "geometry": { "type": "Point", "coordinates": [ 46.618325875010903, 24.721485524998041 ] } },
{ "type": "Feature", "properties": { "name": "Guest Coffee | KSU Science Building 5 Branch", "categories": "Coffee Shop, College Cafeteria, Café", "address": "الرياض 12372, المملكة العربية السعودية", "price": "Cheap", "likes": 0.0, "photos": "0", "tips": "0", "rating": null, "ratingSignals": null, "NEIGHBORHANAME": "جامعة الملك سعود", "NEIGHBORHENAME": "KING SAUD UNIVERSITY", "lon": 46.618774, "lat": 24.720024, "rating_range": null }, "geometry": { "type": "Point", "coordinates": [ 46.618774, 24.720024 ] } },
{ "type": "Feature", "properties": { "name": "Kudu (كودو)", "categories": "Sandwich Place", "address": "King Saud University, الرياض, المملكة العربية السعودية", "price": "Cheap", "likes": 16.0, "photos": "7", "tips": "5", "rating": 5.2, "ratingSignals": 38.0, "NEIGHBORHANAME": "جامعة الملك سعود", "NEIGHBORHENAME": "KING SAUD UNIVERSITY", "lon": 46.619225442665005, "lat": 24.72066039722964, "rating_range": "Medium (4–7)" }, "geometry": { "type": "Point", "coordinates": [ 46.619225442665005, 24.72066039722964 ] } },
{ "type": "Feature", "properties": { "name": "Student restaurant (مطعم الطلاب)", "categories": "College Cafeteria, Diner", "address": "King Saud University, الرياض, المملكة العربية السعودية", "price": null, "likes": 6.0, "photos": "14", "tips": "8", "rating": 5.1, "ratingSignals": 18.0, "NEIGHBORHANAME": "جامعة الملك سعود", "NEIGHBORHENAME": "KING SAUD UNIVERSITY", "lon": 46.621348044911031, "lat": 24.721047952627174, "rating_range": "Medium (4–7)" }, "geometry": { "type": "Point", "coordinates": [ 46.621348044911031, 24.721047952627174 ] } },
{ "type": "Feature", "properties": { "name": "Starbucks - KSU", "categories": "Coffee Shop", "address": "الرياض 12372, المملكة العربية السعودية", "price": "Cheap", "likes": 20.0, "photos": "57", "tips": "2", "rating": 5.9, "ratingSignals": 33.0, "NEIGHBORHANAME": "جامعة الملك سعود", "NEIGHBORHENAME": "KING SAUD UNIVERSITY", "lon": 46.619226363962795, "lat": 24.722495365489443, "rating_range": "Medium (4–7)" }, "geometry": { "type": "Point", "coordinates": [ 46.619226363962795, 24.722495365489443 ] } },
{ "type": "Feature", "properties": { "name": "làvenir", "categories": "Coffee Shop", "address": "الرياض 12372, المملكة العربية السعودية", "price": "Cheap", "likes": 1.0, "photos": "0", "tips": "0", "rating": null, "ratingSignals": null, "NEIGHBORHANAME": "جامعة الملك سعود", "NEIGHBORHENAME": "KING SAUD UNIVERSITY", "lon": 46.619356, "lat": 24.722303, "rating_range": null }, "geometry": { "type": "Point", "coordinates": [ 46.619356, 24.722303 ] } },
{ "type": "Feature", "properties": { "name": "ماكن", "categories": "Cafeteria", "address": "المملكة العربية السعودية", "price": null, "likes": 0.0, "photos": "0", "tips": "0", "rating": null, "ratingSignals": null, "NEIGHBORHANAME": "جامعة الملك سعود", "NEIGHBORHENAME": "KING SAUD UNIVERSITY", "lon": 46.619269640780757, "lat": 24.721988431556021, "rating_range": null }, "geometry": { "type": "Point", "coordinates": [ 46.619269640780757, 24.721988431556021 ] } },
{ "type": "Feature", "properties": { "name": "dr.CAFE COFFEE | د. كيف", "categories": "Coffee Shop, Café, Sandwich Place", "address": "Computer College - KSU (King Abdullah Road), الرياض 11566, المملكة العربية السعودية", "price": "Cheap", "likes": 30.0, "photos": "18", "tips": "20", "rating": 8.5, "ratingSignals": 39.0, "NEIGHBORHANAME": "جامعة الملك سعود", "NEIGHBORHENAME": "KING SAUD UNIVERSITY", "lon": 46.6197535812301, "lat": 24.723008060499659, "rating_range": "High (8–10)" }, "geometry": { "type": "Point", "coordinates": [ 46.6197535812301, 24.723008060499659 ] } },
{ "type": "Feature", "properties": { "name": "KSU Restaurant Bldg #30 (مطعم الجامعة 30)", "categories": "Restaurant", "address": "مطعم مبنى 30 (Building #30), الرياض, المملكة العربية السعودية", "price": "Moderate", "likes": 1.0, "photos": "7", "tips": "3", "rating": null, "ratingSignals": null, "NEIGHBORHANAME": "جامعة الملك سعود", "NEIGHBORHENAME": "KING SAUD UNIVERSITY", "lon": 46.6212716275774, "lat": 24.720939912065372, "rating_range": null }, "geometry": { "type": "Point", "coordinates": [ 46.6212716275774, 24.720939912065372 ] } },
{ "type": "Feature", "properties": { "name": "Pizza Hut Delivery (PHD) بيتزا هت", "categories": "Pizza Place", "address": "King Abdullah Rd., الرياض, المملكة العربية السعودية", "price": "Cheap", "likes": 9.0, "photos": "10", "tips": "1", "rating": 6.8, "ratingSignals": 12.0, "NEIGHBORHANAME": "جامعة الملك سعود", "NEIGHBORHENAME": "KING SAUD UNIVERSITY", "lon": 46.621322409888641, "lat": 24.721030471236489, "rating_range": "Medium (4–7)" }, "geometry": { "type": "Point", "coordinates": [ 46.621322409888641, 24.721030471236489 ] } },
{ "type": "Feature", "properties": { "name": "جوفريز", "categories": "Coffee Shop", "address": "كلية العلوم - مبنى 5 (المدخل المقابل لعمادة القبول والتسجيل), الرياض, المملكة العربية السعودية", "price": "Cheap", "likes": 2.0, "photos": "1", "tips": "0", "rating": null, "ratingSignals": null, "NEIGHBORHANAME": "جامعة الملك سعود", "NEIGHBORHENAME": "KING SAUD UNIVERSITY", "lon": 46.619801925892972, "lat": 24.72127048299814, "rating_range": null }, "geometry": { "type": "Point", "coordinates": [ 46.619801925892972, 24.72127048299814 ] } },
{ "type": "Feature", "properties": { "name": "D.cafe | College of since and computer", "categories": "Coffee Shop", "address": "المملكة العربية السعودية", "price": "Cheap", "likes": 0.0, "photos": "0", "tips": "1", "rating": null, "ratingSignals": null, "NEIGHBORHANAME": "جامعة الملك سعود", "NEIGHBORHENAME": "KING SAUD UNIVERSITY", "lon": 46.619787794356355, "lat": 24.723002653524709, "rating_range": null }, "geometry": { "type": "Point", "coordinates": [ 46.619787794356355, 24.723002653524709 ] } },
{ "type": "Feature", "properties": { "name": "Starbucks", "categories": "Coffee Shop", "address": "ممر الجامعة (قبل كلية الحاسب يسار), الرياض 12372, المملكة العربية السعودية", "price": "Cheap", "likes": 0.0, "photos": "1", "tips": "0", "rating": 8.3, "ratingSignals": 0.0, "NEIGHBORHANAME": "جامعة الملك سعود", "NEIGHBORHENAME": "KING SAUD UNIVERSITY", "lon": 46.61939, "lat": 24.722693, "rating_range": "High (8–10)" }, "geometry": { "type": "Point", "coordinates": [ 46.61939, 24.722693 ] } },
{ "type": "Feature", "properties": { "name": "مجمع المطاعم | التحضيريه", "categories": "Fast Food Restaurant", "address": "المملكة العربية السعودية", "price": "Moderate", "likes": 0.0, "photos": "0", "tips": "0", "rating": null, "ratingSignals": null, "NEIGHBORHANAME": "جامعة الملك سعود", "NEIGHBORHENAME": "KING SAUD UNIVERSITY", "lon": 46.621799, "lat": 24.718796, "rating_range": null }, "geometry": { "type": "Point", "coordinates": [ 46.621799, 24.718796 ] } },
{ "type": "Feature", "properties": { "name": "وقت الشاي كافيه", "categories": "Coffee Shop", "address": "الرياض 12372, المملكة العربية السعودية", "price": "Cheap", "likes": 1.0, "photos": "0", "tips": "0", "rating": null, "ratingSignals": null, "NEIGHBORHANAME": "جامعة الملك سعود", "NEIGHBORHENAME": "KING SAUD UNIVERSITY", "lon": 46.618133, "lat": 24.723038, "rating_range": null }, "geometry": { "type": "Point", "coordinates": [ 46.618133, 24.723038 ] } },
{ "type": "Feature", "properties": { "name": "Quiznos Sub A&P Collage", "categories": "Deli / Bodega", "address": "المملكة العربية السعودية", "price": "Cheap", "likes": 0.0, "photos": "0", "tips": "0", "rating": null, "ratingSignals": null, "NEIGHBORHANAME": "جامعة الملك سعود", "NEIGHBORHENAME": "KING SAUD UNIVERSITY", "lon": 46.621290470188036, "lat": 24.721025735345226, "rating_range": null }, "geometry": { "type": "Point", "coordinates": [ 46.621290470188036, 24.721025735345226 ] } },
{ "type": "Feature", "properties": { "name": "Road al riyadh", "categories": "Middle Eastern Restaurant", "address": "المملكة العربية السعودية", "price": "Moderate", "likes": 0.0, "photos": "2", "tips": "0", "rating": null, "ratingSignals": null, "NEIGHBORHANAME": "جامعة الملك سعود", "NEIGHBORHENAME": "KING SAUD UNIVERSITY", "lon": 46.621238653025905, "lat": 24.72096062937063, "rating_range": null }, "geometry": { "type": "Point", "coordinates": [ 46.621238653025905, 24.72096062937063 ] } },
{ "type": "Feature", "properties": { "name": "Novels Bakery", "categories": "Bakery", "address": "المملكة العربية السعودية", "price": "Cheap", "likes": 2.0, "photos": "1", "tips": "0", "rating": null, "ratingSignals": null, "NEIGHBORHANAME": "جامعة الملك سعود", "NEIGHBORHENAME": "KING SAUD UNIVERSITY", "lon": 46.624171, "lat": 24.723708, "rating_range": null }, "geometry": { "type": "Point", "coordinates": [ 46.624171, 24.723708 ] } },
{ "type": "Feature", "properties": { "name": "Novels Bakery", "categories": "Bakery", "address": "المملكة العربية السعودية", "price": "Cheap", "likes": 0.0, "photos": "0", "tips": "0", "rating": null, "ratingSignals": null, "NEIGHBORHANAME": "جامعة الملك سعود", "NEIGHBORHENAME": "KING SAUD UNIVERSITY", "lon": 46.624477, "lat": 24.724083, "rating_range": null }, "geometry": { "type": "Point", "coordinates": [ 46.624477, 24.724083 ] } },
{ "type": "Feature", "properties": { "name": "Croissant Cafe", "categories": "Coffee Shop", "address": "جامعه الملك سعود (جوار مكتبة الامير سلمان), الرياض, المملكة العربية السعودية", "price": "Cheap", "likes": 6.0, "photos": "12", "tips": "3", "rating": 6.8, "ratingSignals": 9.0, "NEIGHBORHANAME": "جامعة الملك سعود", "NEIGHBORHENAME": "KING SAUD UNIVERSITY", "lon": 46.621294031013022, "lat": 24.721052371900093, "rating_range": "Medium (4–7)" }, "geometry": { "type": "Point", "coordinates": [ 46.621294031013022, 24.721052371900093 ] } },
{ "type": "Feature", "properties": { "name": "4 U café", "categories": "Coffee Shop", "address": "المملكة العربية السعودية", "price": "Cheap", "likes": 0.0, "photos": "1", "tips": "0", "rating": null, "ratingSignals": null, "NEIGHBORHANAME": "جامعة الملك سعود", "NEIGHBORHENAME": "KING SAUD UNIVERSITY", "lon": 46.621431789994936, "lat": 24.721053210871485, "rating_range": null }, "geometry": { "type": "Point", "coordinates": [ 46.621431789994936, 24.721053210871485 ] } },
{ "type": "Feature", "properties": { "name": "مطاعم المقصوره", "categories": "Afghan Restaurant, Middle Eastern Restaurant", "address": "King Abdullah Road, الرياض, المملكة العربية السعودية", "price": "Moderate", "likes": 1.0, "photos": "1", "tips": "1", "rating": null, "ratingSignals": null, "NEIGHBORHANAME": "جامعة الملك سعود", "NEIGHBORHENAME": "KING SAUD UNIVERSITY", "lon": 46.626034324030421, "lat": 24.716237299023565, "rating_range": null }, "geometry": { "type": "Point", "coordinates": [ 46.626034324030421, 24.716237299023565 ] } },
{ "type": "Feature", "properties": { "name": "So soufflé", "categories": "Coffee Shop", "address": "المملكة العربية السعودية", "price": "Cheap", "likes": 3.0, "photos": "0", "tips": "0", "rating": null, "ratingSignals": null, "NEIGHBORHANAME": "جامعة الملك سعود", "NEIGHBORHENAME": "KING SAUD UNIVERSITY", "lon": 46.622579, "lat": 24.722374, "rating_range": null }, "geometry": { "type": "Point", "coordinates": [ 46.622579, 24.722374 ] } },
{ "type": "Feature", "properties": { "name": "Forestway", "categories": "Coffee Shop, Forest", "address": "حي الرائد سكن هيئة اعضاء تدريس جامعة الملك سعود (شارع ١٢), الرياض 12372, المملكة العربية السعودية", "price": "Cheap", "likes": 7.0, "photos": "6", "tips": "2", "rating": 6.6, "ratingSignals": 12.0, "NEIGHBORHANAME": "جامعة الملك سعود", "NEIGHBORHENAME": "KING SAUD UNIVERSITY", "lon": 46.63294, "lat": 24.721167, "rating_range": "Medium (4–7)" }, "geometry": { "type": "Point", "coordinates": [ 46.63294, 24.721167 ] } },
{ "type": "Feature", "properties": { "name": "Forest Way", "categories": "Coffee Shop", "address": "الرياض, المملكة العربية السعودية", "price": "Cheap", "likes": 0.0, "photos": "3", "tips": "0", "rating": null, "ratingSignals": null, "NEIGHBORHANAME": "جامعة الملك سعود", "NEIGHBORHENAME": "KING SAUD UNIVERSITY", "lon": 46.632695, "lat": 24.721306, "rating_range": null }, "geometry": { "type": "Point", "coordinates": [ 46.632695, 24.721306 ] } },
{ "type": "Feature", "properties": { "name": "سوشي", "categories": "Sushi Restaurant", "address": "المملكة العربية السعودية", "price": "Moderate", "likes": 0.0, "photos": "0", "tips": "0", "rating": null, "ratingSignals": null, "NEIGHBORHANAME": "جامعة الملك سعود", "NEIGHBORHENAME": "KING SAUD UNIVERSITY", "lon": 46.631871720888242, "lat": 24.714676895161645, "rating_range": null }, "geometry": { "type": "Point", "coordinates": [ 46.631871720888242, 24.714676895161645 ] } },
{ "type": "Feature", "properties": { "name": "Bunch Coffee", "categories": "Coffee Shop", "address": "King Saud University (Girls Campus , Building 6), الرياض 12371, المملكة العربية السعودية", "price": "Cheap", "likes": 6.0, "photos": "7", "tips": "6", "rating": 7.7, "ratingSignals": 9.0, "NEIGHBORHANAME": "جامعة الملك سعود", "NEIGHBORHENAME": "KING SAUD UNIVERSITY", "lon": 46.636783, "lat": 24.723376, "rating_range": "High (8–10)" }, "geometry": { "type": "Point", "coordinates": [ 46.636783, 24.723376 ] } },
{ "type": "Feature", "properties": { "name": "Caribou Coffee", "categories": "Coffee Shop", "address": "KSU (College of Medicine), المملكة العربية السعودية", "price": "Cheap", "likes": 119.0, "photos": "102", "tips": "31", "rating": 7.4, "ratingSignals": 163.0, "NEIGHBORHANAME": "جامعة الملك سعود", "NEIGHBORHENAME": "KING SAUD UNIVERSITY", "lon": 46.638017857008009, "lat": 24.724057405841432, "rating_range": "High (8–10)" }, "geometry": { "type": "Point", "coordinates": [ 46.638017857008009, 24.724057405841432 ] } },
{ "type": "Feature", "properties": { "name": "كاريبو كافي", "categories": "Coffee Shop", "address": "الرياض 12371, المملكة العربية السعودية", "price": "Cheap", "likes": 0.0, "photos": "0", "tips": "0", "rating": null, "ratingSignals": null, "NEIGHBORHANAME": "جامعة الملك سعود", "NEIGHBORHENAME": "KING SAUD UNIVERSITY", "lon": 46.638026, "lat": 24.724062, "rating_range": null }, "geometry": { "type": "Point", "coordinates": [ 46.638026, 24.724062 ] } },
{ "type": "Feature", "properties": { "name": "جافا كافيه", "categories": "Coffee Shop", "address": "الرياض 12371, المملكة العربية السعودية", "price": "Cheap", "likes": 1.0, "photos": "6", "tips": "0", "rating": null, "ratingSignals": null, "NEIGHBORHANAME": "جامعة الملك سعود", "NEIGHBORHENAME": "KING SAUD UNIVERSITY", "lon": 46.637991, "lat": 24.723437, "rating_range": null }, "geometry": { "type": "Point", "coordinates": [ 46.637991, 24.723437 ] } },
{ "type": "Feature", "properties": { "name": "مُستطاب", "categories": "Coffee Shop", "address": "جامعة الملك سعود-كلية الحاسب والمعلومات, الرياض 12371, المملكة العربية السعودية", "price": "Cheap", "likes": 1.0, "photos": "7", "tips": "0", "rating": null, "ratingSignals": null, "NEIGHBORHANAME": "جامعة الملك سعود", "NEIGHBORHENAME": "KING SAUD UNIVERSITY", "lon": 46.637177, "lat": 24.723229, "rating_range": null }, "geometry": { "type": "Point", "coordinates": [ 46.637177, 24.723229 ] } },
{ "type": "Feature", "properties": { "name": "كاريبو", "categories": "Coffee Shop", "address": "الرياض 12371, المملكة العربية السعودية", "price": "Cheap", "likes": 1.0, "photos": "0", "tips": "0", "rating": 7.9, "ratingSignals": 1.0, "NEIGHBORHANAME": "جامعة الملك سعود", "NEIGHBORHENAME": "KING SAUD UNIVERSITY", "lon": 46.638075, "lat": 24.724151, "rating_range": "High (8–10)" }, "geometry": { "type": "Point", "coordinates": [ 46.638075, 24.724151 ] } },
{ "type": "Feature", "properties": { "name": "7ala Balqees (حلا بلقيس)", "categories": "Dessert Shop", "address": "King Abdullah Road, المملكة العربية السعودية", "price": "Cheap", "likes": 0.0, "photos": "0", "tips": "0", "rating": null, "ratingSignals": null, "NEIGHBORHANAME": "جامعة الملك سعود", "NEIGHBORHENAME": "KING SAUD UNIVERSITY", "lon": 46.637785196402064, "lat": 24.720432701659131, "rating_range": null }, "geometry": { "type": "Point", "coordinates": [ 46.637785196402064, 24.720432701659131 ] } },
{ "type": "Feature", "properties": { "name": "Senorita Kitchen", "categories": "Diner", "address": "الرياض, المملكة العربية السعودية", "price": "Cheap", "likes": 2.0, "photos": "2", "tips": "1", "rating": null, "ratingSignals": null, "NEIGHBORHANAME": "جامعة الملك سعود", "NEIGHBORHENAME": "KING SAUD UNIVERSITY", "lon": 46.638031, "lat": 24.723424, "rating_range": null }, "geometry": { "type": "Point", "coordinates": [ 46.638031, 24.723424 ] } },
{ "type": "Feature", "properties": { "name": "Gelateemo KSU", "categories": "Ice Cream Shop", "address": "المملكة العربية السعودية", "price": "Cheap", "likes": 1.0, "photos": "1", "tips": "0", "rating": null, "ratingSignals": null, "NEIGHBORHANAME": "جامعة الملك سعود", "NEIGHBORHENAME": "KING SAUD UNIVERSITY", "lon": 46.637365811298416, "lat": 24.723437500589643, "rating_range": null }, "geometry": { "type": "Point", "coordinates": [ 46.637365811298416, 24.723437500589643 ] } },
{ "type": "Feature", "properties": { "name": "Coffee Day يوم القهوة", "categories": "Coffee Shop", "address": "King Saud University CCIS, الرياض, المملكة العربية السعودية", "price": "Cheap", "likes": 7.0, "photos": "6", "tips": "0", "rating": 6.3, "ratingSignals": 11.0, "NEIGHBORHANAME": "جامعة الملك سعود", "NEIGHBORHENAME": "KING SAUD UNIVERSITY", "lon": 46.636739732687005, "lat": 24.723408831538467, "rating_range": "Medium (4–7)" }, "geometry": { "type": "Point", "coordinates": [ 46.636739732687005, 24.723408831538467 ] } },
{ "type": "Feature", "properties": { "name": "مُستطاب Mustatab", "categories": "Coffee Shop", "address": "الرياض 12371, المملكة العربية السعودية", "price": "Cheap", "likes": 3.0, "photos": "16", "tips": "2", "rating": null, "ratingSignals": null, "NEIGHBORHANAME": "جامعة الملك سعود", "NEIGHBORHENAME": "KING SAUD UNIVERSITY", "lon": 46.637337, "lat": 24.723598, "rating_range": null }, "geometry": { "type": "Point", "coordinates": [ 46.637337, 24.723598 ] } },
{ "type": "Feature", "properties": { "name": "Roastarita", "categories": "Coffee Shop", "address": "الرياض 12371, المملكة العربية السعودية", "price": "Cheap", "likes": 0.0, "photos": "1", "tips": "0", "rating": null, "ratingSignals": null, "NEIGHBORHANAME": "جامعة الملك سعود", "NEIGHBORHENAME": "KING SAUD UNIVERSITY", "lon": 46.63801, "lat": 24.723955, "rating_range": null }, "geometry": { "type": "Point", "coordinates": [ 46.63801, 24.723955 ] } },
{ "type": "Feature", "properties": { "name": "Java Cafe", "categories": "Coffee Shop", "address": "الرياض 12371, المملكة العربية السعودية", "price": "Cheap", "likes": 1.0, "photos": "2", "tips": "0", "rating": null, "ratingSignals": null, "NEIGHBORHANAME": "جامعة الملك سعود", "NEIGHBORHENAME": "KING SAUD UNIVERSITY", "lon": 46.637173, "lat": 24.723422, "rating_range": null }, "geometry": { "type": "Point", "coordinates": [ 46.637173, 24.723422 ] } },
{ "type": "Feature", "properties": { "name": "Broccoli pizza & Pasta", "categories": "Restaurant", "address": "الرياض, المملكة العربية السعودية", "price": "Moderate", "likes": 9.0, "photos": "4", "tips": "2", "rating": 5.6, "ratingSignals": 17.0, "NEIGHBORHANAME": "جامعة الملك سعود", "NEIGHBORHENAME": "KING SAUD UNIVERSITY", "lon": 46.636727, "lat": 24.723427, "rating_range": "Medium (4–7)" }, "geometry": { "type": "Point", "coordinates": [ 46.636727, 24.723427 ] } },
{ "type": "Feature", "properties": { "name": "Nutellaplus", "categories": "Food Truck, Dessert Shop, Food & Drink Shop", "address": "الرياض 13513, المملكة العربية السعودية", "price": "Cheap", "likes": 1.0, "photos": "6", "tips": "2", "rating": null, "ratingSignals": null, "NEIGHBORHANAME": "جامعة الملك سعود", "NEIGHBORHENAME": "KING SAUD UNIVERSITY", "lon": 46.643887884124425, "lat": 24.721455163949461, "rating_range": null }, "geometry": { "type": "Point", "coordinates": [ 46.643887884124425, 24.721455163949461 ] } },
{ "type": "Feature", "properties": { "name": "VOL 2", "categories": "Food Truck", "address": "المملكة العربية السعودية", "price": "Cheap", "likes": 2.0, "photos": "2", "tips": "0", "rating": null, "ratingSignals": null, "NEIGHBORHANAME": "جامعة الملك سعود", "NEIGHBORHENAME": "KING SAUD UNIVERSITY", "lon": 46.642299699721796, "lat": 24.722187957267174, "rating_range": null }, "geometry": { "type": "Point", "coordinates": [ 46.642299699721796, 24.722187957267174 ] } },
{ "type": "Feature", "properties": { "name": "مطعم الأندلسية", "categories": "Fast Food Restaurant", "address": "Riyadh, المملكة العربية السعودية", "price": "Moderate", "likes": 0.0, "photos": "1", "tips": "1", "rating": null, "ratingSignals": null, "NEIGHBORHANAME": "جامعة الملك سعود", "NEIGHBORHENAME": "KING SAUD UNIVERSITY", "lon": 46.639492, "lat": 24.720156, "rating_range": null }, "geometry": { "type": "Point", "coordinates": [ 46.639492, 24.720156 ] } },
{ "type": "Feature", "properties": { "name": "Java Time", "categories": "Coffee Shop", "address": "الرياض 12371, المملكة العربية السعودية", "price": "Cheap", "likes": 0.0, "photos": "0", "tips": "0", "rating": null, "ratingSignals": null, "NEIGHBORHANAME": "جامعة الملك سعود", "NEIGHBORHENAME": "KING SAUD UNIVERSITY", "lon": 46.638042, "lat": 24.723124, "rating_range": null }, "geometry": { "type": "Point", "coordinates": [ 46.638042, 24.723124 ] } },
{ "type": "Feature", "properties": { "name": "dr.CAFE COFFEE | د. كيف", "categories": "Coffee Shop", "address": "Al Wurud (King Fahad Road), Riyadh 12216, المملكة العربية السعودية", "price": "Cheap", "likes": 206.0, "photos": "156", "tips": "60", "rating": 8.6, "ratingSignals": 263.0, "NEIGHBORHANAME": "الورود", "NEIGHBORHENAME": "AL-WOROUD", "lon": 46.667537057140343, "lat": 24.722025388009076, "rating_range": "High (8–10)" }, "geometry": { "type": "Point", "coordinates": [ 46.667537057140343, 24.722025388009076 ] } },
{ "type": "Feature", "properties": { "name": "Foyah cafe", "categories": "Coffee Shop", "address": "المملكة العربية السعودية", "price": "Cheap", "likes": 4.0, "photos": "3", "tips": "4", "rating": null, "ratingSignals": null, "NEIGHBORHANAME": "الورود", "NEIGHBORHENAME": "AL-WOROUD", "lon": 46.671342, "lat": 24.718409, "rating_range": null }, "geometry": { "type": "Point", "coordinates": [ 46.671342, 24.718409 ] } },
{ "type": "Feature", "properties": { "name": "Gemini Cafe", "categories": "Coffee Shop", "address": "مجمع الأندلس ، الدور الثاني, المملكة العربية السعودية", "price": "Cheap", "likes": 5.0, "photos": "4", "tips": "5", "rating": null, "ratingSignals": null, "NEIGHBORHANAME": "الورود", "NEIGHBORHENAME": "AL-WOROUD", "lon": 46.671446449007092, "lat": 24.719047751170869, "rating_range": null }, "geometry": { "type": "Point", "coordinates": [ 46.671446449007092, 24.719047751170869 ] } },
{ "type": "Feature", "properties": { "name": "مطعم مراكش", "categories": "Moroccan Restaurant", "address": "King Fahad Rd, الرياض, المملكة العربية السعودية", "price": "Moderate", "likes": 15.0, "photos": "22", "tips": "17", "rating": 8.0, "ratingSignals": 23.0, "NEIGHBORHANAME": "الورود", "NEIGHBORHENAME": "AL-WOROUD", "lon": 46.667372518372048, "lat": 24.72175232355147, "rating_range": "High (8–10)" }, "geometry": { "type": "Point", "coordinates": [ 46.667372518372048, 24.72175232355147 ] } },
{ "type": "Feature", "properties": { "name": "Pizza Station (محطة البيتزا)", "categories": "Pizza Place, Fast Food Restaurant", "address": "المملكة العربية السعودية", "price": "Cheap", "likes": 0.0, "photos": "0", "tips": "0", "rating": null, "ratingSignals": null, "NEIGHBORHANAME": "الورود", "NEIGHBORHENAME": "AL-WOROUD", "lon": 46.671314, "lat": 24.718376, "rating_range": null }, "geometry": { "type": "Point", "coordinates": [ 46.671314, 24.718376 ] } },
{ "type": "Feature", "properties": { "name": "تحالف القهوة", "categories": "Coffee Shop", "address": "الرياض 12253, المملكة العربية السعودية", "price": "Cheap", "likes": 42.0, "photos": "235", "tips": "8", "rating": 7.3, "ratingSignals": 61.0, "NEIGHBORHANAME": "الورود", "NEIGHBORHENAME": "AL-WOROUD", "lon": 46.669937026550166, "lat": 24.724314339929528, "rating_range": "High (8–10)" }, "geometry": { "type": "Point", "coordinates": [ 46.669937026550166, 24.724314339929528 ] } },
{ "type": "Feature", "properties": { "name": "Dr.Cafe Coffee V12", "categories": "Coffee Shop", "address": "Olaya St.., الرياض 12216, المملكة العربية السعودية", "price": "Cheap", "likes": 5.0, "photos": "8", "tips": "2", "rating": null, "ratingSignals": null, "NEIGHBORHANAME": "الورود", "NEIGHBORHENAME": "AL-WOROUD", "lon": 46.670097, "lat": 24.723132, "rating_range": null }, "geometry": { "type": "Point", "coordinates": [ 46.670097, 24.723132 ] } },
{ "type": "Feature", "properties": { "name": "ابو نعمان", "categories": "Breakfast Spot", "address": "المملكة العربية السعودية", "price": "Cheap", "likes": 14.0, "photos": "6", "tips": "0", "rating": 8.0, "ratingSignals": 16.0, "NEIGHBORHANAME": "الورود", "NEIGHBORHENAME": "AL-WOROUD", "lon": 46.673356684395578, "lat": 24.722773298617192, "rating_range": "High (8–10)" }, "geometry": { "type": "Point", "coordinates": [ 46.673356684395578, 24.722773298617192 ] } },
{ "type": "Feature", "properties": { "name": "Signature Lounge (سقنتشر لونج)", "categories": "Lounge, Café", "address": "مجمع العليا افينيو, الرياض, المملكة العربية السعودية", "price": "Expensive", "likes": 232.0, "photos": "243", "tips": "125", "rating": 5.6, "ratingSignals": 442.0, "NEIGHBORHANAME": "الورود", "NEIGHBORHENAME": "AL-WOROUD", "lon": 46.672323222905035, "lat": 24.715025317416448, "rating_range": "Medium (4–7)" }, "geometry": { "type": "Point", "coordinates": [ 46.672323222905035, 24.715025317416448 ] } },
{ "type": "Feature", "properties": { "name": "LAONG 25", "categories": "Coffee Shop", "address": "الرياض 12215, المملكة العربية السعودية", "price": "Cheap", "likes": 3.0, "photos": "7", "tips": "0", "rating": null, "ratingSignals": null, "NEIGHBORHANAME": "الورود", "NEIGHBORHENAME": "AL-WOROUD", "lon": 46.672189, "lat": 24.712847, "rating_range": null }, "geometry": { "type": "Point", "coordinates": [ 46.672189, 24.712847 ] } },
{ "type": "Feature", "properties": { "name": "كون زون cone zone", "categories": "Ice Cream Shop", "address": "المملكة العربية السعودية", "price": "Cheap", "likes": 3.0, "photos": "2", "tips": "5", "rating": null, "ratingSignals": null, "NEIGHBORHANAME": "الورود", "NEIGHBORHENAME": "AL-WOROUD", "lon": 46.671663357403681, "lat": 24.719614054018503, "rating_range": null }, "geometry": { "type": "Point", "coordinates": [ 46.671663357403681, 24.719614054018503 ] } },
{ "type": "Feature", "properties": { "name": "باسلات", "categories": "Coffee Shop", "address": "المملكة العربية السعودية", "price": "Cheap", "likes": 1.0, "photos": "2", "tips": "1", "rating": null, "ratingSignals": null, "NEIGHBORHANAME": "الورود", "NEIGHBORHENAME": "AL-WOROUD", "lon": 46.67273, "lat": 24.722679, "rating_range": null }, "geometry": { "type": "Point", "coordinates": [ 46.67273, 24.722679 ] } },
{ "type": "Feature", "properties": { "name": "كنز الشوايه", "categories": "Restaurant", "address": "2654 Prince Sultan Bin Salman Bin Abdulaziz Street, Al Wurud, الرياض 12253, المملكة العربية السعودية", "price": "Moderate", "likes": 0.0, "photos": "2", "tips": "0", "rating": null, "ratingSignals": null, "NEIGHBORHANAME": "الورود", "NEIGHBORHENAME": "AL-WOROUD", "lon": 46.673706, "lat": 24.723198, "rating_range": null }, "geometry": { "type": "Point", "coordinates": [ 46.673706, 24.723198 ] } },
{ "type": "Feature", "properties": { "name": "باسلات للخدمات الذاتيه", "categories": "Coffee Shop", "address": "المملكة العربية السعودية", "price": "Cheap", "likes": 1.0, "photos": "7", "tips": "0", "rating": null, "ratingSignals": null, "NEIGHBORHANAME": "الورود", "NEIGHBORHENAME": "AL-WOROUD", "lon": 46.672818, "lat": 24.72248, "rating_range": null }, "geometry": { "type": "Point", "coordinates": [ 46.672818, 24.72248 ] } },
{ "type": "Feature", "properties": { "name": "Gizemin TATLISIII", "categories": "Restaurant", "address": "Suudi Arabistan, الرياض, المملكة العربية السعودية", "price": "Moderate", "likes": 0.0, "photos": "0", "tips": "0", "rating": null, "ratingSignals": null, "NEIGHBORHANAME": "الورود", "NEIGHBORHENAME": "AL-WOROUD", "lon": 46.67468, "lat": 24.714045, "rating_range": null }, "geometry": { "type": "Point", "coordinates": [ 46.67468, 24.714045 ] } },
{ "type": "Feature", "properties": { "name": "أسماك ومٲكولات بحرية", "categories": "Seafood Restaurant", "address": "الرياض, المملكة العربية السعودية", "price": "Expensive", "likes": 3.0, "photos": "2", "tips": "1", "rating": null, "ratingSignals": null, "NEIGHBORHANAME": "الورود", "NEIGHBORHENAME": "AL-WOROUD", "lon": 46.6715, "lat": 24.7219, "rating_range": null }, "geometry": { "type": "Point", "coordinates": [ 46.6715, 24.7219 ] } },
{ "type": "Feature", "properties": { "name": "Trieste At Alnemer Alnakeel Center", "categories": "Coffee Shop", "address": "الرياض 12251, المملكة العربية السعودية", "price": "Cheap", "likes": 0.0, "photos": "1", "tips": "0", "rating": null, "ratingSignals": null, "NEIGHBORHANAME": "الورود", "NEIGHBORHENAME": "AL-WOROUD", "lon": 46.675297, "lat": 24.713552, "rating_range": null }, "geometry": { "type": "Point", "coordinates": [ 46.675297, 24.713552 ] } },
{ "type": "Feature", "properties": { "name": "Bahrya (بحرية)", "categories": "Seafood Restaurant", "address": "الرياض, المملكة العربية السعودية", "price": "Expensive", "likes": 148.0, "photos": "111", "tips": "41", "rating": 7.8, "ratingSignals": 202.0, "NEIGHBORHANAME": "الورود", "NEIGHBORHENAME": "AL-WOROUD", "lon": 46.674301007063931, "lat": 24.723484107121767, "rating_range": "High (8–10)" }, "geometry": { "type": "Point", "coordinates": [ 46.674301007063931, 24.723484107121767 ] } },
{ "type": "Feature", "properties": { "name": "Colony Coffee (مستعمرة القهوة)", "categories": "Coffee Shop", "address": "Al-Wrood District | حي الورود (Prince Sultan bin Salman St.), الرياض 11588, المملكة العربية السعودية", "price": "Cheap", "likes": 78.0, "photos": "268", "tips": "26", "rating": 7.5, "ratingSignals": 112.0, "NEIGHBORHANAME": "الورود", "NEIGHBORHENAME": "AL-WOROUD", "lon": 46.6751802869248, "lat": 24.724107336468659, "rating_range": "High (8–10)" }, "geometry": { "type": "Point", "coordinates": [ 46.6751802869248, 24.724107336468659 ] } },
{ "type": "Feature", "properties": { "name": "كوخ الفطيرة الدمشقية", "categories": "Middle Eastern Restaurant, Shawarma Place", "address": "حي الورود شارع المهندس مساعد العنقري, الرياض 12252, المملكة العربية السعودية", "price": "Moderate", "likes": 9.0, "photos": "4", "tips": "1", "rating": 6.6, "ratingSignals": 16.0, "NEIGHBORHANAME": "الورود", "NEIGHBORHENAME": "AL-WOROUD", "lon": 46.678854, "lat": 24.722239, "rating_range": "Medium (4–7)" }, "geometry": { "type": "Point", "coordinates": [ 46.678854, 24.722239 ] } },
{ "type": "Feature", "properties": { "name": "سكاليني", "categories": "Italian Restaurant", "address": "Diplomatic Quarter, الرياض, المملكة العربية السعودية", "price": "Moderate", "likes": 11.0, "photos": "18", "tips": "2", "rating": 7.7, "ratingSignals": 14.0, "NEIGHBORHANAME": "الورود", "NEIGHBORHENAME": "AL-WOROUD", "lon": 46.681543707587693, "lat": 24.719395494785807, "rating_range": "High (8–10)" }, "geometry": { "type": "Point", "coordinates": [ 46.681543707587693, 24.719395494785807 ] } },
{ "type": "Feature", "properties": { "name": "Rural India (الريف الهندي)", "categories": "Indian Restaurant", "address": "الرياض, المملكة العربية السعودية", "price": "Moderate", "likes": 46.0, "photos": "94", "tips": "42", "rating": 6.6, "ratingSignals": 78.0, "NEIGHBORHANAME": "الورود", "NEIGHBORHENAME": "AL-WOROUD", "lon": 46.674612737057174, "lat": 24.724071279234931, "rating_range": "Medium (4–7)" }, "geometry": { "type": "Point", "coordinates": [ 46.674612737057174, 24.724071279234931 ] } },
{ "type": "Feature", "properties": { "name": "بوظة وعصيرات شامية", "categories": "Ice Cream Shop", "address": "شارع المهندس مساعد العنقري, الرياض, المملكة العربية السعودية", "price": "Cheap", "likes": 9.0, "photos": "7", "tips": "2", "rating": 8.3, "ratingSignals": 9.0, "NEIGHBORHANAME": "الورود", "NEIGHBORHENAME": "AL-WOROUD", "lon": 46.678664, "lat": 24.722604, "rating_range": "High (8–10)" }, "geometry": { "type": "Point", "coordinates": [ 46.678664, 24.722604 ] } },
{ "type": "Feature", "properties": { "name": "Al Khafeef (عالخفيف)", "categories": "Breakfast Spot", "address": "Riyadh, Riyadh, المملكة العربية السعودية", "price": "Cheap", "likes": 80.0, "photos": "34", "tips": "17", "rating": 7.2, "ratingSignals": 117.0, "NEIGHBORHANAME": "الورود", "NEIGHBORHENAME": "AL-WOROUD", "lon": 46.674825124122755, "lat": 24.723975943794176, "rating_range": "High (8–10)" }, "geometry": { "type": "Point", "coordinates": [ 46.674825124122755, 24.723975943794176 ] } },
{ "type": "Feature", "properties": { "name": "Business Coffee", "categories": "Coffee Shop", "address": "Alworood (109), الرياض 12253, المملكة العربية السعودية", "price": "Cheap", "likes": 3.0, "photos": "5", "tips": "3", "rating": null, "ratingSignals": null, "NEIGHBORHANAME": "الورود", "NEIGHBORHENAME": "AL-WOROUD", "lon": 46.675534, "lat": 24.724303, "rating_range": null }, "geometry": { "type": "Point", "coordinates": [ 46.675534, 24.724303 ] } },
{ "type": "Feature", "properties": { "name": "تنور الفطيرة الدمشقية", "categories": "Middle Eastern Restaurant, Falafel Restaurant", "address": "المملكة العربية السعودية", "price": "Moderate", "likes": 29.0, "photos": "7", "tips": "4", "rating": 6.2, "ratingSignals": 46.0, "NEIGHBORHANAME": "الورود", "NEIGHBORHENAME": "AL-WOROUD", "lon": 46.679667898267908, "lat": 24.720690181341574, "rating_range": "Medium (4–7)" }, "geometry": { "type": "Point", "coordinates": [ 46.679667898267908, 24.720690181341574 ] } },
{ "type": "Feature", "properties": { "name": "Day Cup", "categories": "Coffee Shop", "address": "Al Worod, الرياض 11522, المملكة العربية السعودية", "price": "Cheap", "likes": 34.0, "photos": "158", "tips": "21", "rating": 6.4, "ratingSignals": 64.0, "NEIGHBORHANAME": "الورود", "NEIGHBORHENAME": "AL-WOROUD", "lon": 46.679466201979224, "lat": 24.723660260191306, "rating_range": "Medium (4–7)" }, "geometry": { "type": "Point", "coordinates": [ 46.679466201979224, 24.723660260191306 ] } },
{ "type": "Feature", "properties": { "name": "دانكن دوناتس Dunkin Donutn", "categories": "Donut Shop", "address": "Al Worod (Prince Ahmed Bin Abdulaziz), الرياض, المملكة العربية السعودية", "price": "Cheap", "likes": 10.0, "photos": "9", "tips": "1", "rating": 7.6, "ratingSignals": 12.0, "NEIGHBORHANAME": "الورود", "NEIGHBORHENAME": "AL-WOROUD", "lon": 46.682867484439008, "lat": 24.720352203484907, "rating_range": "High (8–10)" }, "geometry": { "type": "Point", "coordinates": [ 46.682867484439008, 24.720352203484907 ] } },
{ "type": "Feature", "properties": { "name": "قهوة المنزل Home Cafe", "categories": "Coffee Shop", "address": "المملكة العربية السعودية", "price": "Cheap", "likes": 1.0, "photos": "0", "tips": "0", "rating": null, "ratingSignals": null, "NEIGHBORHANAME": "الورود", "NEIGHBORHENAME": "AL-WOROUD", "lon": 46.680648803710938, "lat": 24.723934173583977, "rating_range": null }, "geometry": { "type": "Point", "coordinates": [ 46.680648803710938, 24.723934173583977 ] } },
{ "type": "Feature", "properties": { "name": "Alriyadh", "categories": "Food Stand", "address": "الرياض 12252, المملكة العربية السعودية", "price": null, "likes": 1.0, "photos": "1", "tips": "0", "rating": null, "ratingSignals": null, "NEIGHBORHANAME": "الورود", "NEIGHBORHENAME": "AL-WOROUD", "lon": 46.686237, "lat": 24.719166, "rating_range": null }, "geometry": { "type": "Point", "coordinates": [ 46.686237, 24.719166 ] } },
{ "type": "Feature", "properties": { "name": "Xx", "categories": "Coffee Shop", "address": "الرياض 12251, المملكة العربية السعودية", "price": "Cheap", "likes": 1.0, "photos": "0", "tips": "0", "rating": null, "ratingSignals": null, "NEIGHBORHANAME": "الورود", "NEIGHBORHENAME": "AL-WOROUD", "lon": 46.677518, "lat": 24.714698, "rating_range": null }, "geometry": { "type": "Point", "coordinates": [ 46.677518, 24.714698 ] } },
{ "type": "Feature", "properties": { "name": "cone zone (كون زون)", "categories": "Ice Cream Shop", "address": "المملكة العربية السعودية", "price": "Cheap", "likes": 2.0, "photos": "0", "tips": "0", "rating": null, "ratingSignals": null, "NEIGHBORHANAME": "الورود", "NEIGHBORHENAME": "AL-WOROUD", "lon": 46.68381644657233, "lat": 24.719061737845465, "rating_range": null }, "geometry": { "type": "Point", "coordinates": [ 46.68381644657233, 24.719061737845465 ] } },
{ "type": "Feature", "properties": { "name": "Al saraya restaurant", "categories": "Turkish Restaurant", "address": "المملكة العربية السعودية", "price": "Moderate", "likes": 2.0, "photos": "0", "tips": "0", "rating": null, "ratingSignals": null, "NEIGHBORHANAME": "الورود", "NEIGHBORHENAME": "AL-WOROUD", "lon": 46.681363897297494, "lat": 24.717603628069263, "rating_range": null }, "geometry": { "type": "Point", "coordinates": [ 46.681363897297494, 24.717603628069263 ] } },
{ "type": "Feature", "properties": { "name": "Zaman Ya Ghwaa (زمان ياقهوة)", "categories": "Coffee Shop", "address": "شارع العروبة, الرياض, المملكة العربية السعودية", "price": "Cheap", "likes": 2.0, "photos": "8", "tips": "1", "rating": null, "ratingSignals": null, "NEIGHBORHANAME": "الورود", "NEIGHBORHENAME": "AL-WOROUD", "lon": 46.681062053392189, "lat": 24.716143950661216, "rating_range": null }, "geometry": { "type": "Point", "coordinates": [ 46.681062053392189, 24.716143950661216 ] } },
{ "type": "Feature", "properties": { "name": "Steaks & Hops", "categories": "Steakhouse", "address": "الرياض 12251, المملكة العربية السعودية", "price": "Very Expensive", "likes": 0.0, "photos": "1", "tips": "0", "rating": null, "ratingSignals": null, "NEIGHBORHANAME": "الورود", "NEIGHBORHENAME": "AL-WOROUD", "lon": 46.675986, "lat": 24.713996, "rating_range": null }, "geometry": { "type": "Point", "coordinates": [ 46.675986, 24.713996 ] } },
{ "type": "Feature", "properties": { "name": "Hadaeq Al-Roman", "categories": "Middle Eastern Restaurant", "address": "المملكة العربية السعودية", "price": "Moderate", "likes": 0.0, "photos": "2", "tips": "0", "rating": null, "ratingSignals": null, "NEIGHBORHANAME": "الورود", "NEIGHBORHENAME": "AL-WOROUD", "lon": 46.681439358558521, "lat": 24.717774124800755, "rating_range": null }, "geometry": { "type": "Point", "coordinates": [ 46.681439358558521, 24.717774124800755 ] } },
{ "type": "Feature", "properties": { "name": "Kebda W Sad2taha", "categories": "Egyptian Restaurant", "address": "الرياض 12251, المملكة العربية السعودية", "price": null, "likes": 0.0, "photos": "1", "tips": "0", "rating": null, "ratingSignals": null, "NEIGHBORHANAME": "الورود", "NEIGHBORHENAME": "AL-WOROUD", "lon": 46.678055, "lat": 24.723543, "rating_range": null }, "geometry": { "type": "Point", "coordinates": [ 46.678055, 24.723543 ] } },
{ "type": "Feature", "properties": { "name": "Turki Broasted", "categories": "Middle Eastern Restaurant", "address": "المملكة العربية السعودية", "price": "Moderate", "likes": 2.0, "photos": "1", "tips": "2", "rating": null, "ratingSignals": null, "NEIGHBORHANAME": "الورود", "NEIGHBORHENAME": "AL-WOROUD", "lon": 46.680312167826287, "lat": 24.717744847365257, "rating_range": null }, "geometry": { "type": "Point", "coordinates": [ 46.680312167826287, 24.717744847365257 ] } },
{ "type": "Feature", "properties": { "name": "Afran Lebanon", "categories": "Mediterranean Restaurant", "address": "Prince Sultan Bin Salman, الرياض, المملكة العربية السعودية", "price": "Moderate", "likes": 0.0, "photos": "0", "tips": "0", "rating": null, "ratingSignals": null, "NEIGHBORHANAME": "الورود", "NEIGHBORHENAME": "AL-WOROUD", "lon": 46.680099938104213, "lat": 24.72060773604175, "rating_range": null }, "geometry": { "type": "Point", "coordinates": [ 46.680099938104213, 24.72060773604175 ] } },
{ "type": "Feature", "properties": { "name": "بيت الشاورما.", "categories": "Restaurant", "address": "الرياض 12252, المملكة العربية السعودية", "price": "Moderate", "likes": 1.0, "photos": "1", "tips": "0", "rating": null, "ratingSignals": null, "NEIGHBORHANAME": "الورود", "NEIGHBORHENAME": "AL-WOROUD", "lon": 46.68884, "lat": 24.723862, "rating_range": null }, "geometry": { "type": "Point", "coordinates": [ 46.68884, 24.723862 ] } },
{ "type": "Feature", "properties": { "name": "assaray", "categories": "Turkish Restaurant", "address": "المملكة العربية السعودية", "price": "Moderate", "likes": 0.0, "photos": "0", "tips": "0", "rating": null, "ratingSignals": null, "NEIGHBORHANAME": "الورود", "NEIGHBORHENAME": "AL-WOROUD", "lon": 46.68045365480814, "lat": 24.717854909046213, "rating_range": null }, "geometry": { "type": "Point", "coordinates": [ 46.68045365480814, 24.717854909046213 ] } },
{ "type": "Feature", "properties": { "name": "فلافل ع الصاج", "categories": "Falafel Restaurant", "address": "المملكة العربية السعودية", "price": "Cheap", "likes": 0.0, "photos": "1", "tips": "0", "rating": null, "ratingSignals": null, "NEIGHBORHANAME": "الورود", "NEIGHBORHENAME": "AL-WOROUD", "lon": 46.683971, "lat": 24.7219282, "rating_range": null }, "geometry": { "type": "Point", "coordinates": [ 46.683971, 24.7219282 ] } },
{ "type": "Feature", "properties": { "name": "حدائق الرمان", "categories": "Turkish Restaurant", "address": "المملكة العربية السعودية", "price": "Moderate", "likes": 2.0, "photos": "0", "tips": "0", "rating": null, "ratingSignals": null, "NEIGHBORHANAME": "الورود", "NEIGHBORHENAME": "AL-WOROUD", "lon": 46.681076202284537, "lat": 24.717927924442407, "rating_range": null }, "geometry": { "type": "Point", "coordinates": [ 46.681076202284537, 24.717927924442407 ] } },
{ "type": "Feature", "properties": { "name": "Pinoy Sorbetes", "categories": "Ice Cream Shop", "address": "المملكة العربية السعودية", "price": "Cheap", "likes": 0.0, "photos": "0", "tips": "0", "rating": null, "ratingSignals": null, "NEIGHBORHANAME": "الورود", "NEIGHBORHENAME": "AL-WOROUD", "lon": 46.691232, "lat": 24.720988, "rating_range": null }, "geometry": { "type": "Point", "coordinates": [ 46.691232, 24.720988 ] } },
{ "type": "Feature", "properties": { "name": "Lenôtre", "categories": "Dessert Shop", "address": "King Fahd Rd. (Khurais Rd.), الرياض, المملكة العربية السعودية", "price": "Cheap", "likes": 6.0, "photos": "1", "tips": "2", "rating": null, "ratingSignals": null, "NEIGHBORHANAME": "الورود", "NEIGHBORHENAME": "AL-WOROUD", "lon": 46.686015129089355, "lat": 24.722353047399093, "rating_range": null }, "geometry": { "type": "Point", "coordinates": [ 46.686015129089355, 24.722353047399093 ] } },
{ "type": "Feature", "properties": { "name": "صدى التحلية", "categories": "Coffee Shop", "address": "المملكة العربية السعودية", "price": "Cheap", "likes": 0.0, "photos": "1", "tips": "0", "rating": null, "ratingSignals": null, "NEIGHBORHANAME": "الورود", "NEIGHBORHENAME": "AL-WOROUD", "lon": 46.682311887659843, "lat": 24.717260394459, "rating_range": null }, "geometry": { "type": "Point", "coordinates": [ 46.682311887659843, 24.717260394459 ] } },
{ "type": "Feature", "properties": { "name": "Maui Wowi", "categories": "Brazilian Restaurant", "address": "Tahliya (Tahliya St.), الرياض, المملكة العربية السعودية", "price": "Moderate", "likes": 0.0, "photos": "0", "tips": "0", "rating": null, "ratingSignals": null, "NEIGHBORHANAME": "الورود", "NEIGHBORHENAME": "AL-WOROUD", "lon": 46.6869757, "lat": 24.719347, "rating_range": null }, "geometry": { "type": "Point", "coordinates": [ 46.686975700000012, 24.719347 ] } },
{ "type": "Feature", "properties": { "name": "Heiu Couture", "categories": "Chinese Restaurant", "address": "Sulaimania, المملكة العربية السعودية", "price": "Cheap", "likes": 0.0, "photos": "1", "tips": "0", "rating": null, "ratingSignals": null, "NEIGHBORHANAME": "الورود", "NEIGHBORHENAME": "AL-WOROUD", "lon": 46.686099312053173, "lat": 24.718423894282093, "rating_range": null }, "geometry": { "type": "Point", "coordinates": [ 46.686099312053173, 24.718423894282093 ] } },
{ "type": "Feature", "properties": { "name": "Mankosha", "categories": "Bakery", "address": "Al Warood, المملكة العربية السعودية", "price": "Cheap", "likes": 0.0, "photos": "0", "tips": "0", "rating": null, "ratingSignals": null, "NEIGHBORHANAME": "الورود", "NEIGHBORHENAME": "AL-WOROUD", "lon": 46.689203044231789, "lat": 24.71994957808036, "rating_range": null }, "geometry": { "type": "Point", "coordinates": [ 46.689203044231789, 24.71994957808036 ] } },
{ "type": "Feature", "properties": { "name": "٦٠ نوع من الشاهي", "categories": "Food Truck", "address": "الرياض 13256, المملكة العربية السعودية", "price": "Cheap", "likes": 3.0, "photos": "17", "tips": "0", "rating": null, "ratingSignals": null, "NEIGHBORHANAME": "الرمال", "NEIGHBORHENAME": "AR-RIMAL", "lon": 46.781449913925456, "lat": 24.85725198328484, "rating_range": null }, "geometry": { "type": "Point", "coordinates": [ 46.781449913925456, 24.85725198328484 ] } },
{ "type": "Feature", "properties": { "name": "The Crep House", "categories": "Restaurant", "address": "الرياض, المملكة العربية السعودية", "price": "Moderate", "likes": 6.0, "photos": "3", "tips": "1", "rating": 6.8, "ratingSignals": 9.0, "NEIGHBORHANAME": "النسيم الشرقي", "NEIGHBORHENAME": "EAST AN-NASEEM", "lon": 46.843407, "lat": 24.720011, "rating_range": "Medium (4–7)" }, "geometry": { "type": "Point", "coordinates": [ 46.843407, 24.720011 ] } },
{ "type": "Feature", "properties": { "name": "مجبوس الدار", "categories": "Food Court", "address": "الرياض 14245, المملكة العربية السعودية", "price": null, "likes": 0.0, "photos": "0", "tips": "0", "rating": null, "ratingSignals": null, "NEIGHBORHANAME": "النسيم الشرقي", "NEIGHBORHENAME": "EAST AN-NASEEM", "lon": 46.841532, "lat": 24.722547, "rating_range": null }, "geometry": { "type": "Point", "coordinates": [ 46.841532, 24.722547 ] } },
{ "type": "Feature", "properties": { "name": "الفوال اللي يعرف الطلب بدون مانقوله", "categories": "Afghan Restaurant", "address": "الرياض 14245, المملكة العربية السعودية", "price": "Moderate", "likes": 0.0, "photos": "3", "tips": "0", "rating": null, "ratingSignals": null, "NEIGHBORHANAME": "النسيم الشرقي", "NEIGHBORHENAME": "EAST AN-NASEEM", "lon": 46.849321, "lat": 24.721318, "rating_range": null }, "geometry": { "type": "Point", "coordinates": [ 46.849321, 24.721318 ] } },
{ "type": "Feature", "properties": { "name": "هرفي herfy", "categories": "Burger Joint, Fast Food Restaurant", "address": "طريق ابو الأسود الدولي جي النسيم, الرياض, المملكة العربية السعودية", "price": "Cheap", "likes": 2.0, "photos": "2", "tips": "0", "rating": null, "ratingSignals": null, "NEIGHBORHANAME": "النسيم الشرقي", "NEIGHBORHENAME": "EAST AN-NASEEM", "lon": 46.848534087562591, "lat": 24.71902470375877, "rating_range": null }, "geometry": { "type": "Point", "coordinates": [ 46.848534087562591, 24.71902470375877 ] } },
{ "type": "Feature", "properties": { "name": "محطة الفرن", "categories": "Fast Food Restaurant", "address": "Abi Hurairah, Riyadh 14245, الرياض 14245, المملكة العربية السعودية", "price": "Cheap", "likes": 4.0, "photos": "20", "tips": "2", "rating": null, "ratingSignals": null, "NEIGHBORHANAME": "النسيم الشرقي", "NEIGHBORHENAME": "EAST AN-NASEEM", "lon": 46.848308, "lat": 24.722858, "rating_range": null }, "geometry": { "type": "Point", "coordinates": [ 46.848308, 24.722858 ] } },
{ "type": "Feature", "properties": { "name": "فوال الشام", "categories": "Diner", "address": "النسيم شارع سعد بن عبدالرحمن, المملكة العربية السعودية", "price": "Cheap", "likes": 1.0, "photos": "2", "tips": "0", "rating": null, "ratingSignals": null, "NEIGHBORHANAME": "النسيم الشرقي", "NEIGHBORHENAME": "EAST AN-NASEEM", "lon": 46.853834260919179, "lat": 24.720244999476886, "rating_range": null }, "geometry": { "type": "Point", "coordinates": [ 46.853834260919179, 24.720244999476886 ] } },
{ "type": "Feature", "properties": { "name": "dr.CAFE COFFEE", "categories": "Coffee Shop", "address": "College Of Engineering (KSU), الرياض, المملكة العربية السعودية", "price": "Cheap", "likes": 5.0, "photos": "0", "tips": "2", "rating": 7.4, "ratingSignals": 6.0, "NEIGHBORHANAME": "جامعة الملك سعود", "NEIGHBORHENAME": "KING SAUD UNIVERSITY", "lon": 46.610683207319795, "lat": 24.728233501116371, "rating_range": "High (8–10)" }, "geometry": { "type": "Point", "coordinates": [ 46.610683207319795, 24.728233501116371 ] } },
{ "type": "Feature", "properties": { "name": "Wayne's Coffee واينز كافي", "categories": "Coffee Shop", "address": "المملكة العربية السعودية", "price": "Cheap", "likes": 0.0, "photos": "6", "tips": "0", "rating": null, "ratingSignals": null, "NEIGHBORHANAME": "جامعة الملك سعود", "NEIGHBORHENAME": "KING SAUD UNIVERSITY", "lon": 46.618626, "lat": 24.726507, "rating_range": null }, "geometry": { "type": "Point", "coordinates": [ 46.618626, 24.726507 ] } },
{ "type": "Feature", "properties": { "name": "WAYNE’S COFFEE", "categories": "Coffee Shop", "address": "King Saudi University Colleges Of Business Administration, الرياض 12372, المملكة العربية السعودية", "price": "Cheap", "likes": 7.0, "photos": "15", "tips": "2", "rating": 6.8, "ratingSignals": 9.0, "NEIGHBORHANAME": "جامعة الملك سعود", "NEIGHBORHENAME": "KING SAUD UNIVERSITY", "lon": 46.618848, "lat": 24.72644, "rating_range": "Medium (4–7)" }, "geometry": { "type": "Point", "coordinates": [ 46.618848, 24.72644 ] } },
{ "type": "Feature", "properties": { "name": "college of architecture and planning - يوم القهوة", "categories": "Coffee Shop", "address": "الرياض 12372, المملكة العربية السعودية", "price": "Cheap", "likes": 4.0, "photos": "24", "tips": "0", "rating": null, "ratingSignals": null, "NEIGHBORHANAME": "جامعة الملك سعود", "NEIGHBORHENAME": "KING SAUD UNIVERSITY", "lon": 46.619789753376367, "lat": 24.72468330910355, "rating_range": null }, "geometry": { "type": "Point", "coordinates": [ 46.619789753376367, 24.72468330910355 ] } },
{ "type": "Feature", "properties": { "name": "Backery City CBA", "categories": "Cafeteria", "address": "King Saud University BA College, المملكة العربية السعودية", "price": null, "likes": 0.0, "photos": "0", "tips": "0", "rating": null, "ratingSignals": null, "NEIGHBORHANAME": "جامعة الملك سعود", "NEIGHBORHENAME": "KING SAUD UNIVERSITY", "lon": 46.618690257252972, "lat": 24.726424881598533, "rating_range": null }, "geometry": { "type": "Point", "coordinates": [ 46.618690257252972, 24.726424881598533 ] } },
{ "type": "Feature", "properties": { "name": "Coffee Day", "categories": "Coffee Shop", "address": "College of Architecture & Planning, الرياض, المملكة العربية السعودية", "price": "Cheap", "likes": 5.0, "photos": "2", "tips": "1", "rating": null, "ratingSignals": null, "NEIGHBORHANAME": "جامعة الملك سعود", "NEIGHBORHENAME": "KING SAUD UNIVERSITY", "lon": 46.619944595378492, "lat": 24.724703345916144, "rating_range": null }, "geometry": { "type": "Point", "coordinates": [ 46.619944595378492, 24.724703345916144 ] } },
{ "type": "Feature", "properties": { "name": "Auntie Anne’s", "categories": "Snack Place, Hot Dog Joint", "address": "الرياض 12372, المملكة العربية السعودية", "price": "Cheap", "likes": 0.0, "photos": "2", "tips": "0", "rating": null, "ratingSignals": null, "NEIGHBORHANAME": "جامعة الملك سعود", "NEIGHBORHENAME": "KING SAUD UNIVERSITY", "lon": 46.617696, "lat": 24.726423, "rating_range": null }, "geometry": { "type": "Point", "coordinates": [ 46.617696, 24.726423 ] } },
{ "type": "Feature", "properties": { "name": "Auntie Anne’s CBA", "categories": "Bakery", "address": "College Of Business Administration KSU, الرياض 12372, المملكة العربية السعودية", "price": "Cheap", "likes": 1.0, "photos": "1", "tips": "0", "rating": null, "ratingSignals": null, "NEIGHBORHANAME": "جامعة الملك سعود", "NEIGHBORHENAME": "KING SAUD UNIVERSITY", "lon": 46.617599, "lat": 24.726314, "rating_range": null }, "geometry": { "type": "Point", "coordinates": [ 46.617599, 24.726314 ] } },
{ "type": "Feature", "properties": { "name": "Otti", "categories": "Food Court", "address": "College of Business Administration, King Saud University, Riyadh 12372, الرياض 12372, المملكة العربية السعودية", "price": null, "likes": 1.0, "photos": "0", "tips": "0", "rating": null, "ratingSignals": null, "NEIGHBORHANAME": "جامعة الملك سعود", "NEIGHBORHENAME": "KING SAUD UNIVERSITY", "lon": 46.617800904043037, "lat": 24.726430422250296, "rating_range": null }, "geometry": { "type": "Point", "coordinates": [ 46.617800904043037, 24.726430422250296 ] } },
{ "type": "Feature", "properties": { "name": "Ko Coffee", "categories": "Coffee Shop", "address": "الرياض 12372, المملكة العربية السعودية", "price": "Cheap", "likes": 0.0, "photos": "0", "tips": "0", "rating": null, "ratingSignals": null, "NEIGHBORHANAME": "جامعة الملك سعود", "NEIGHBORHENAME": "KING SAUD UNIVERSITY", "lon": 46.618241, "lat": 24.726375, "rating_range": null }, "geometry": { "type": "Point", "coordinates": [ 46.618241, 24.726375 ] } },
{ "type": "Feature", "properties": { "name": "Sratbucks", "categories": "Coffee Shop", "address": "الرياض 12372, المملكة العربية السعودية", "price": "Cheap", "likes": 2.0, "photos": "3", "tips": "0", "rating": null, "ratingSignals": null, "NEIGHBORHANAME": "جامعة الملك سعود", "NEIGHBORHENAME": "KING SAUD UNIVERSITY", "lon": 46.61915, "lat": 24.722549, "rating_range": null }, "geometry": { "type": "Point", "coordinates": [ 46.61915, 24.722549 ] } },
{ "type": "Feature", "properties": { "name": "كرك الهندسة", "categories": "Coffee Shop", "address": "الرياض 12372, المملكة العربية السعودية", "price": "Cheap", "likes": 10.0, "photos": "10", "tips": "3", "rating": 7.5, "ratingSignals": 11.0, "NEIGHBORHANAME": "جامعة الملك سعود", "NEIGHBORHENAME": "KING SAUD UNIVERSITY", "lon": 46.618258271270768, "lat": 24.723056964175793, "rating_range": "High (8–10)" }, "geometry": { "type": "Point", "coordinates": [ 46.618258271270768, 24.723056964175793 ] } },
{ "type": "Feature", "properties": { "name": "Starbucks", "categories": "Coffee Shop", "address": "الرياض 12372, المملكة العربية السعودية", "price": "Cheap", "likes": 0.0, "photos": "2", "tips": "0", "rating": 8.3, "ratingSignals": 0.0, "NEIGHBORHANAME": "جامعة الملك سعود", "NEIGHBORHENAME": "KING SAUD UNIVERSITY", "lon": 46.619003, "lat": 24.722232, "rating_range": "High (8–10)" }, "geometry": { "type": "Point", "coordinates": [ 46.619003, 24.722232 ] } },
{ "type": "Feature", "properties": { "name": "يامال الشام - كلية علوم الحاسب والمعلومات", "categories": "Middle Eastern Restaurant", "address": "المملكة العربية السعودية", "price": "Moderate", "likes": 3.0, "photos": "6", "tips": "4", "rating": null, "ratingSignals": null, "NEIGHBORHANAME": "جامعة الملك سعود", "NEIGHBORHENAME": "KING SAUD UNIVERSITY", "lon": 46.619786713943093, "lat": 24.722964566258351, "rating_range": null }, "geometry": { "type": "Point", "coordinates": [ 46.619786713943093, 24.722964566258351 ] } },
{ "type": "Feature", "properties": { "name": "Caribou Coffee", "categories": "Coffee Shop", "address": "الرياض 12372, المملكة العربية السعودية", "price": "Cheap", "likes": 13.0, "photos": "12", "tips": "1", "rating": 7.7, "ratingSignals": 15.0, "NEIGHBORHANAME": "جامعة الملك سعود", "NEIGHBORHENAME": "KING SAUD UNIVERSITY", "lon": 46.62368, "lat": 24.728973, "rating_range": "High (8–10)" }, "geometry": { "type": "Point", "coordinates": [ 46.62368, 24.728973 ] } },
{ "type": "Feature", "properties": { "name": "Sultan Al Gahwa", "categories": "Coffee Shop", "address": "المملكة العربية السعودية", "price": "Cheap", "likes": 0.0, "photos": "2", "tips": "0", "rating": null, "ratingSignals": null, "NEIGHBORHANAME": "جامعة الملك سعود", "NEIGHBORHENAME": "KING SAUD UNIVERSITY", "lon": 46.622775, "lat": 24.720669, "rating_range": null }, "geometry": { "type": "Point", "coordinates": [ 46.622775, 24.720669 ] } },
{ "type": "Feature", "properties": { "name": "Herfy", "categories": "Burger Joint", "address": "طريق الملك عبدالله (شارع التخصصي), الرياض, المملكة العربية السعودية", "price": "Cheap", "likes": 2.0, "photos": "0", "tips": "1", "rating": null, "ratingSignals": null, "NEIGHBORHANAME": "جامعة الملك سعود", "NEIGHBORHENAME": "KING SAUD UNIVERSITY", "lon": 46.624837718522961, "lat": 24.72102470552209, "rating_range": null }, "geometry": { "type": "Point", "coordinates": [ 46.624837718522961, 24.72102470552209 ] } },
{ "type": "Feature", "properties": { "name": "مطبخي الصغير", "categories": "Sandwich Place", "address": "الرياض, المملكة العربية السعودية", "price": "Cheap", "likes": 1.0, "photos": "9", "tips": "0", "rating": null, "ratingSignals": null, "NEIGHBORHANAME": "جامعة الملك سعود", "NEIGHBORHENAME": "KING SAUD UNIVERSITY", "lon": 46.623519659042358, "lat": 24.720345461194213, "rating_range": null }, "geometry": { "type": "Point", "coordinates": [ 46.623519659042358, 24.720345461194213 ] } },
{ "type": "Feature", "properties": { "name": "New Night Café (New Night Café | مقهى المساء الجديد)", "categories": "Coffee Shop", "address": "جامعة الملك سعود (سكن الطلاب), الرياض, المملكة العربية السعودية", "price": "Cheap", "likes": 3.0, "photos": "3", "tips": "0", "rating": null, "ratingSignals": null, "NEIGHBORHANAME": "جامعة الملك سعود", "NEIGHBORHENAME": "KING SAUD UNIVERSITY", "lon": 46.622657629250163, "lat": 24.720622012681947, "rating_range": null }, "geometry": { "type": "Point", "coordinates": [ 46.622657629250163, 24.720622012681947 ] } },
{ "type": "Feature", "properties": { "name": "Momo", "categories": "Café, Residential Building (Apartment / Condo)", "address": "الرياض 12372, المملكة العربية السعودية", "price": "Cheap", "likes": 0.0, "photos": "0", "tips": "0", "rating": null, "ratingSignals": null, "NEIGHBORHANAME": "جامعة الملك سعود", "NEIGHBORHENAME": "KING SAUD UNIVERSITY", "lon": 46.62376, "lat": 24.728916, "rating_range": null }, "geometry": { "type": "Point", "coordinates": [ 46.62376, 24.728916 ] } },
{ "type": "Feature", "properties": { "name": "Fatburger", "categories": "Burger Joint", "address": "المملكة العربية السعودية", "price": "Cheap", "likes": 0.0, "photos": "0", "tips": "0", "rating": 6.6, "ratingSignals": 0.0, "NEIGHBORHANAME": "جامعة الملك سعود", "NEIGHBORHENAME": "KING SAUD UNIVERSITY", "lon": 46.633355913783817, "lat": 24.725716814137154, "rating_range": "Medium (4–7)" }, "geometry": { "type": "Point", "coordinates": [ 46.633355913783817, 24.725716814137154 ] } },
{ "type": "Feature", "properties": { "name": "Dunkin' Donuts دانكن دونتس", "categories": "Donut Shop", "address": "الرياض, المملكة العربية السعودية", "price": "Cheap", "likes": 6.0, "photos": "15", "tips": "0", "rating": null, "ratingSignals": null, "NEIGHBORHANAME": "جامعة الملك سعود", "NEIGHBORHENAME": "KING SAUD UNIVERSITY", "lon": 46.634257781698722, "lat": 24.727766393670006, "rating_range": null }, "geometry": { "type": "Point", "coordinates": [ 46.634257781698722, 24.727766393670006 ] } },
{ "type": "Feature", "properties": { "name": "Gelateemo", "categories": "Ice Cream Shop", "address": "المملكة العربية السعودية", "price": "Cheap", "likes": 1.0, "photos": "1", "tips": "0", "rating": null, "ratingSignals": null, "NEIGHBORHANAME": "جامعة الملك سعود", "NEIGHBORHENAME": "KING SAUD UNIVERSITY", "lon": 46.631782199554529, "lat": 24.728730847912935, "rating_range": null }, "geometry": { "type": "Point", "coordinates": [ 46.631782199554529, 24.728730847912935 ] } },
{ "type": "Feature", "properties": { "name": "Artista Bakery", "categories": "Bakery, Coffee Shop", "address": "الرياض, المملكة العربية السعودية", "price": "Cheap", "likes": 4.0, "photos": "2", "tips": "0", "rating": null, "ratingSignals": null, "NEIGHBORHANAME": "جامعة الملك سعود", "NEIGHBORHENAME": "KING SAUD UNIVERSITY", "lon": 46.636531, "lat": 24.724457, "rating_range": null }, "geometry": { "type": "Point", "coordinates": [ 46.636531, 24.724457 ] } },
{ "type": "Feature", "properties": { "name": "Dunkin’ Donuts - College Of Science", "categories": "Donut Shop", "address": "الرياض 12371, المملكة العربية السعودية", "price": "Cheap", "likes": 0.0, "photos": "0", "tips": "0", "rating": 8.3, "ratingSignals": 0.0, "NEIGHBORHANAME": "جامعة الملك سعود", "NEIGHBORHENAME": "KING SAUD UNIVERSITY", "lon": 46.63654, "lat": 24.724515, "rating_range": "High (8–10)" }, "geometry": { "type": "Point", "coordinates": [ 46.63654, 24.724515 ] } },
{ "type": "Feature", "properties": { "name": "Le-Moulin Bakery (مخبز لومولا)", "categories": "Bakery", "address": "King Saud University (كلية الآداب), الرياض 13213, المملكة العربية السعودية", "price": "Cheap", "likes": 2.0, "photos": "0", "tips": "0", "rating": null, "ratingSignals": null, "NEIGHBORHANAME": "جامعة الملك سعود", "NEIGHBORHENAME": "KING SAUD UNIVERSITY", "lon": 46.633648, "lat": 24.728184, "rating_range": null }, "geometry": { "type": "Point", "coordinates": [ 46.633648, 24.728184 ] } },
{ "type": "Feature", "properties": { "name": "Java Cafe (جاڤا كافيه)", "categories": "Coffee Shop", "address": "الرياض, المملكة العربية السعودية", "price": "Cheap", "likes": 1.0, "photos": "3", "tips": "0", "rating": null, "ratingSignals": null, "NEIGHBORHANAME": "جامعة الملك سعود", "NEIGHBORHENAME": "KING SAUD UNIVERSITY", "lon": 46.634564, "lat": 24.727791, "rating_range": null }, "geometry": { "type": "Point", "coordinates": [ 46.634564, 24.727791 ] } },
{ "type": "Feature", "properties": { "name": "Just Falafel", "categories": "Falafel Restaurant", "address": "الرياض 12371, المملكة العربية السعودية", "price": "Cheap", "likes": 1.0, "photos": "2", "tips": "0", "rating": null, "ratingSignals": null, "NEIGHBORHANAME": "جامعة الملك سعود", "NEIGHBORHENAME": "KING SAUD UNIVERSITY", "lon": 46.636568, "lat": 24.724491, "rating_range": null }, "geometry": { "type": "Point", "coordinates": [ 46.636568, 24.724491 ] } },
{ "type": "Feature", "properties": { "name": "Stick House | ستِك هاوس", "categories": "Ice Cream Shop", "address": "King Saud University, المملكة العربية السعودية", "price": "Cheap", "likes": 5.0, "photos": "4", "tips": "1", "rating": null, "ratingSignals": null, "NEIGHBORHANAME": "جامعة الملك سعود", "NEIGHBORHENAME": "KING SAUD UNIVERSITY", "lon": 46.637299840928868, "lat": 24.725136666144323, "rating_range": null }, "geometry": { "type": "Point", "coordinates": [ 46.637299840928868, 24.725136666144323 ] } },
{ "type": "Feature", "properties": { "name": "Saldwich", "categories": "Salad Place", "address": "Collage Of Arts, الرياض, المملكة العربية السعودية", "price": "Cheap", "likes": 2.0, "photos": "0", "tips": "1", "rating": null, "ratingSignals": null, "NEIGHBORHANAME": "جامعة الملك سعود", "NEIGHBORHENAME": "KING SAUD UNIVERSITY", "lon": 46.633265, "lat": 24.72836, "rating_range": null }, "geometry": { "type": "Point", "coordinates": [ 46.633265, 24.72836 ] } },
{ "type": "Feature", "properties": { "name": "Aunti Anne’s (آنتي آنز)", "categories": "Bakery", "address": "الرياض 12371, المملكة العربية السعودية", "price": "Cheap", "likes": 0.0, "photos": "0", "tips": "0", "rating": null, "ratingSignals": null, "NEIGHBORHANAME": "جامعة الملك سعود", "NEIGHBORHENAME": "KING SAUD UNIVERSITY", "lon": 46.632366, "lat": 24.729324, "rating_range": null }, "geometry": { "type": "Point", "coordinates": [ 46.632366, 24.729324 ] } },
{ "type": "Feature", "properties": { "name": "Sandwich panini", "categories": "Deli / Bodega", "address": "المملكة العربية السعودية", "price": "Cheap", "likes": 0.0, "photos": "0", "tips": "0", "rating": null, "ratingSignals": null, "NEIGHBORHANAME": "جامعة الملك سعود", "NEIGHBORHENAME": "KING SAUD UNIVERSITY", "lon": 46.63238, "lat": 24.729331, "rating_range": null }, "geometry": { "type": "Point", "coordinates": [ 46.63238, 24.729331 ] } },
{ "type": "Feature", "properties": { "name": "الصاج الريفي", "categories": "Sandwich Place", "address": "الرياض 12371, المملكة العربية السعودية", "price": "Cheap", "likes": 0.0, "photos": "0", "tips": "0", "rating": null, "ratingSignals": null, "NEIGHBORHANAME": "جامعة الملك سعود", "NEIGHBORHENAME": "KING SAUD UNIVERSITY", "lon": 46.63351, "lat": 24.72813, "rating_range": null }, "geometry": { "type": "Point", "coordinates": [ 46.63351, 24.72813 ] } },
{ "type": "Feature", "properties": { "name": "الصاج الذهبي", "categories": "Sandwich Place", "address": "الرياض 12371, المملكة العربية السعودية", "price": "Cheap", "likes": 0.0, "photos": "0", "tips": "0", "rating": null, "ratingSignals": null, "NEIGHBORHANAME": "جامعة الملك سعود", "NEIGHBORHENAME": "KING SAUD UNIVERSITY", "lon": 46.633488, "lat": 24.72798, "rating_range": null }, "geometry": { "type": "Point", "coordinates": [ 46.633488, 24.72798 ] } },
{ "type": "Feature", "properties": { "name": "Dr. CAFE COFFEE (د.كيف)", "categories": "Coffee Shop", "address": "College Of Arts, المملكة العربية السعودية", "price": "Cheap", "likes": 18.0, "photos": "19", "tips": "5", "rating": 6.5, "ratingSignals": 30.0, "NEIGHBORHANAME": "جامعة الملك سعود", "NEIGHBORHENAME": "KING SAUD UNIVERSITY", "lon": 46.633484383963463, "lat": 24.72799395477141, "rating_range": "Medium (4–7)" }, "geometry": { "type": "Point", "coordinates": [ 46.633484383963463, 24.72799395477141 ] } },
{ "type": "Feature", "properties": { "name": "Rotiboy (روتي بوي)", "categories": "Coffee Shop", "address": "College of Arts | كلية الاداب, المملكة العربية السعودية", "price": "Cheap", "likes": 0.0, "photos": "0", "tips": "0", "rating": null, "ratingSignals": null, "NEIGHBORHANAME": "جامعة الملك سعود", "NEIGHBORHENAME": "KING SAUD UNIVERSITY", "lon": 46.632013, "lat": 24.728893, "rating_range": null }, "geometry": { "type": "Point", "coordinates": [ 46.632013, 24.728893 ] } },
{ "type": "Feature", "properties": { "name": "Gava Cafe", "categories": "Coffee Shop", "address": "الرياض 12371, المملكة العربية السعودية", "price": "Cheap", "likes": 0.0, "photos": "1", "tips": "0", "rating": null, "ratingSignals": null, "NEIGHBORHANAME": "جامعة الملك سعود", "NEIGHBORHENAME": "KING SAUD UNIVERSITY", "lon": 46.633083, "lat": 24.728347, "rating_range": null }, "geometry": { "type": "Point", "coordinates": [ 46.633083, 24.728347 ] } },
{ "type": "Feature", "properties": { "name": "baskin robbins", "categories": "Ice Cream Shop", "address": "الرياض 12371, المملكة العربية السعودية", "price": "Cheap", "likes": 1.0, "photos": "1", "tips": "0", "rating": null, "ratingSignals": null, "NEIGHBORHANAME": "جامعة الملك سعود", "NEIGHBORHENAME": "KING SAUD UNIVERSITY", "lon": 46.63673, "lat": 24.724461, "rating_range": null }, "geometry": { "type": "Point", "coordinates": [ 46.63673, 24.724461 ] } },
{ "type": "Feature", "properties": { "name": "Java Time", "categories": "Coffee Shop", "address": "College Of Law And Political Science (KSU), الرياض 12371, المملكة العربية السعودية", "price": "Cheap", "likes": 0.0, "photos": "2", "tips": "0", "rating": 8.2, "ratingSignals": 0.0, "NEIGHBORHANAME": "جامعة الملك سعود", "NEIGHBORHENAME": "KING SAUD UNIVERSITY", "lon": 46.631967, "lat": 24.729342, "rating_range": "High (8–10)" }, "geometry": { "type": "Point", "coordinates": [ 46.631967, 24.729342 ] } },
{ "type": "Feature", "properties": { "name": "Auntie Anne’s", "categories": "German Restaurant, Bakery, Snack Place", "address": "الرياض 12371, المملكة العربية السعودية", "price": "Moderate", "likes": 1.0, "photos": "6", "tips": "1", "rating": null, "ratingSignals": null, "NEIGHBORHANAME": "جامعة الملك سعود", "NEIGHBORHENAME": "KING SAUD UNIVERSITY", "lon": 46.632376, "lat": 24.729316, "rating_range": null }, "geometry": { "type": "Point", "coordinates": [ 46.632376, 24.729316 ] } },
{ "type": "Feature", "properties": { "name": "dr. CAFE COFFEE", "categories": "Coffee Shop", "address": "College of Law and Political Science, المملكة العربية السعودية", "price": "Cheap", "likes": 30.0, "photos": "15", "tips": "12", "rating": 8.0, "ratingSignals": 36.0, "NEIGHBORHANAME": "جامعة الملك سعود", "NEIGHBORHENAME": "KING SAUD UNIVERSITY", "lon": 46.632349119766594, "lat": 24.729258907709504, "rating_range": "High (8–10)" }, "geometry": { "type": "Point", "coordinates": [ 46.632349119766594, 24.729258907709504 ] } },
{ "type": "Feature", "properties": { "name": "COZ CAFE", "categories": "Coffee Shop", "address": "الرياض 12371, المملكة العربية السعودية", "price": "Cheap", "likes": 4.0, "photos": "4", "tips": "0", "rating": null, "ratingSignals": null, "NEIGHBORHANAME": "جامعة الملك سعود", "NEIGHBORHENAME": "KING SAUD UNIVERSITY", "lon": 46.632281, "lat": 24.729044, "rating_range": null }, "geometry": { "type": "Point", "coordinates": [ 46.632281, 24.729044 ] } },
{ "type": "Feature", "properties": { "name": "Sugar Sprinkles", "categories": "Cupcake Shop", "address": "King Saud University (Turki Alawal), الرياض 11564, المملكة العربية السعودية", "price": "Moderate", "likes": 9.0, "photos": "9", "tips": "0", "rating": 7.9, "ratingSignals": 9.0, "NEIGHBORHANAME": "جامعة الملك سعود", "NEIGHBORHENAME": "KING SAUD UNIVERSITY", "lon": 46.635136, "lat": 24.728077, "rating_range": "High (8–10)" }, "geometry": { "type": "Point", "coordinates": [ 46.635136, 24.728077 ] } },
{ "type": "Feature", "properties": { "name": "مطعم السجناء", "categories": "Food Court", "address": "الرياض, المملكة العربية السعودية", "price": null, "likes": 0.0, "photos": "0", "tips": "0", "rating": null, "ratingSignals": null, "NEIGHBORHANAME": "جامعة الملك سعود", "NEIGHBORHENAME": "KING SAUD UNIVERSITY", "lon": 46.632379, "lat": 24.729317, "rating_range": null }, "geometry": { "type": "Point", "coordinates": [ 46.632379, 24.729317 ] } },
{ "type": "Feature", "properties": { "name": "مستطاب", "categories": "Coffee Shop", "address": "الرياض 12371, المملكة العربية السعودية", "price": "Cheap", "likes": 0.0, "photos": "0", "tips": "0", "rating": null, "ratingSignals": null, "NEIGHBORHANAME": "جامعة الملك سعود", "NEIGHBORHENAME": "KING SAUD UNIVERSITY", "lon": 46.636842, "lat": 24.723417, "rating_range": null }, "geometry": { "type": "Point", "coordinates": [ 46.636842, 24.723417 ] } },
{ "type": "Feature", "properties": { "name": "Dunkin'", "categories": "Donut Shop", "address": "King Saud University, الرياض, المملكة العربية السعودية", "price": "Cheap", "likes": 71.0, "photos": "149", "tips": "14", "rating": 7.4, "ratingSignals": 89.0, "NEIGHBORHANAME": "جامعة الملك سعود", "NEIGHBORHENAME": "KING SAUD UNIVERSITY", "lon": 46.634245907691707, "lat": 24.727726381986162, "rating_range": "High (8–10)" }, "geometry": { "type": "Point", "coordinates": [ 46.634245907691707, 24.727726381986162 ] } },
{ "type": "Feature", "properties": { "name": "Caribou Coffee", "categories": "Coffee Shop, Corporate Coffee Shop", "address": "Building 20 - مبنى إدارة الجامعة, الرياض 12371, المملكة العربية السعودية", "price": "Cheap", "likes": 8.0, "photos": "44", "tips": "0", "rating": 8.3, "ratingSignals": 11.0, "NEIGHBORHANAME": "جامعة الملك سعود", "NEIGHBORHENAME": "KING SAUD UNIVERSITY", "lon": 46.637706, "lat": 24.728127, "rating_range": "High (8–10)" }, "geometry": { "type": "Point", "coordinates": [ 46.637706, 24.728127 ] } },
{ "type": "Feature", "properties": { "name": "Starbucks", "categories": "Coffee Shop", "address": "KSU, الرياض 12371, المملكة العربية السعودية", "price": "Cheap", "likes": 12.0, "photos": "91", "tips": "10", "rating": 5.3, "ratingSignals": 29.0, "NEIGHBORHANAME": "جامعة الملك سعود", "NEIGHBORHENAME": "KING SAUD UNIVERSITY", "lon": 46.635845, "lat": 24.728353, "rating_range": "Medium (4–7)" }, "geometry": { "type": "Point", "coordinates": [ 46.635845, 24.728353 ] } },
{ "type": "Feature", "properties": { "name": "66 CUPS", "categories": "Coffee Shop", "address": "الرياض 12371, المملكة العربية السعودية", "price": "Cheap", "likes": 2.0, "photos": "6", "tips": "0", "rating": null, "ratingSignals": null, "NEIGHBORHANAME": "جامعة الملك سعود", "NEIGHBORHENAME": "KING SAUD UNIVERSITY", "lon": 46.642108, "lat": 24.726083, "rating_range": null }, "geometry": { "type": "Point", "coordinates": [ 46.642108, 24.726083 ] } },
{ "type": "Feature", "properties": { "name": "Camel Step Coffee Roasters (خطوة جمل)", "categories": "Coffee Shop", "address": "الرياض, المملكة العربية السعودية", "price": "Cheap", "likes": 239.0, "photos": "574", "tips": "40", "rating": 8.0, "ratingSignals": 302.0, "NEIGHBORHANAME": "جامعة الملك سعود", "NEIGHBORHENAME": "KING SAUD UNIVERSITY", "lon": 46.636427539849102, "lat": 24.727720305151998, "rating_range": "High (8–10)" }, "geometry": { "type": "Point", "coordinates": [ 46.636427539849102, 24.727720305151998 ] } },
{ "type": "Feature", "properties": { "name": "خطوه جمل", "categories": "Coffee Shop", "address": "الرياض 12371, المملكة العربية السعودية", "price": "Cheap", "likes": 0.0, "photos": "4", "tips": "0", "rating": null, "ratingSignals": null, "NEIGHBORHANAME": "جامعة الملك سعود", "NEIGHBORHENAME": "KING SAUD UNIVERSITY", "lon": 46.637031, "lat": 24.728558, "rating_range": null }, "geometry": { "type": "Point", "coordinates": [ 46.637031, 24.728558 ] } },
{ "type": "Feature", "properties": { "name": "Chimney cake", "categories": "Coffee Shop", "address": "المملكة العربية السعودية", "price": "Cheap", "likes": 1.0, "photos": "2", "tips": "1", "rating": null, "ratingSignals": null, "NEIGHBORHANAME": "جامعة الملك سعود", "NEIGHBORHENAME": "KING SAUD UNIVERSITY", "lon": 46.638032, "lat": 24.726662, "rating_range": null }, "geometry": { "type": "Point", "coordinates": [ 46.638032, 24.726662 ] } },
{ "type": "Feature", "properties": { "name": "Coffee Cave", "categories": "Coffee Shop", "address": "Inside The Library, King Saud Uni, المملكة العربية السعودية", "price": "Cheap", "likes": 0.0, "photos": "0", "tips": "0", "rating": null, "ratingSignals": null, "NEIGHBORHANAME": "جامعة الملك سعود", "NEIGHBORHENAME": "KING SAUD UNIVERSITY", "lon": 46.636341, "lat": 24.727584, "rating_range": null }, "geometry": { "type": "Point", "coordinates": [ 46.636341, 24.727584 ] } },
{ "type": "Feature", "properties": { "name": "So Souffle Applied Medical Sciences King Saud University", "categories": "Coffee Shop", "address": "الرياض, المملكة العربية السعودية", "price": "Cheap", "likes": 0.0, "photos": "2", "tips": "0", "rating": null, "ratingSignals": null, "NEIGHBORHANAME": "جامعة الملك سعود", "NEIGHBORHENAME": "KING SAUD UNIVERSITY", "lon": 46.638045, "lat": 24.724905, "rating_range": null }, "geometry": { "type": "Point", "coordinates": [ 46.638045, 24.724905 ] } },
{ "type": "Feature", "properties": { "name": "OnlineenilnO", "categories": "Buffet", "address": "KSU (Turki Alawal), Riydha, المملكة العربية السعودية", "price": null, "likes": 0.0, "photos": "0", "tips": "0", "rating": null, "ratingSignals": null, "NEIGHBORHANAME": "جامعة الملك سعود", "NEIGHBORHENAME": "KING SAUD UNIVERSITY", "lon": 46.637992, "lat": 24.724912, "rating_range": null }, "geometry": { "type": "Point", "coordinates": [ 46.637992, 24.724912 ] } },
{ "type": "Feature", "properties": { "name": "Diplomat (الدبلوماسي)", "categories": "Dessert Shop", "address": "الرياض 12371, المملكة العربية السعودية", "price": "Cheap", "likes": 0.0, "photos": "0", "tips": "0", "rating": null, "ratingSignals": null, "NEIGHBORHANAME": "جامعة الملك سعود", "NEIGHBORHENAME": "KING SAUD UNIVERSITY", "lon": 46.63774, "lat": 24.726748, "rating_range": null }, "geometry": { "type": "Point", "coordinates": [ 46.63774, 24.726748 ] } },
{ "type": "Feature", "properties": { "name": "مطعم الجامعه  تاج راس كل المطاعم", "categories": "Diner", "address": "الرياض 12371, المملكة العربية السعودية", "price": "Cheap", "likes": 6.0, "photos": "0", "tips": "0", "rating": null, "ratingSignals": null, "NEIGHBORHANAME": "جامعة الملك سعود", "NEIGHBORHENAME": "KING SAUD UNIVERSITY", "lon": 46.635936, "lat": 24.728752, "rating_range": null }, "geometry": { "type": "Point", "coordinates": [ 46.635936, 24.728752 ] } },
{ "type": "Feature", "properties": { "name": "canton (كانتون)", "categories": "Cantonese Restaurant", "address": "المملكة العربية السعودية", "price": null, "likes": 1.0, "photos": "0", "tips": "0", "rating": null, "ratingSignals": null, "NEIGHBORHANAME": "جامعة الملك سعود", "NEIGHBORHENAME": "KING SAUD UNIVERSITY", "lon": 46.639088, "lat": 24.725425, "rating_range": null }, "geometry": { "type": "Point", "coordinates": [ 46.639088, 24.725425 ] } },
{ "type": "Feature", "properties": { "name": "Dr. CAFE (د.كيف)", "categories": "Coffee Shop", "address": "المملكة العربية السعودية", "price": "Cheap", "likes": 59.0, "photos": "54", "tips": "15", "rating": 6.3, "ratingSignals": 95.0, "NEIGHBORHANAME": "جامعة الملك سعود", "NEIGHBORHENAME": "KING SAUD UNIVERSITY", "lon": 46.635894870096642, "lat": 24.728307508665857, "rating_range": "Medium (4–7)" }, "geometry": { "type": "Point", "coordinates": [ 46.635894870096642, 24.728307508665857 ] } },
{ "type": "Feature", "properties": { "name": "Torta And More (تورتا أند مور)", "categories": "Sandwich Place", "address": "المملكة العربية السعودية", "price": "Cheap", "likes": 2.0, "photos": "0", "tips": "1", "rating": null, "ratingSignals": null, "NEIGHBORHANAME": "جامعة الملك سعود", "NEIGHBORHENAME": "KING SAUD UNIVERSITY", "lon": 46.635104, "lat": 24.728139, "rating_range": null }, "geometry": { "type": "Point", "coordinates": [ 46.635104, 24.728139 ] } },
{ "type": "Feature", "properties": { "name": "Bakery City (بيكري سيتي)", "categories": "Bakery", "address": "الرياض, المملكة العربية السعودية", "price": "Cheap", "likes": 2.0, "photos": "0", "tips": "0", "rating": null, "ratingSignals": null, "NEIGHBORHANAME": "جامعة الملك سعود", "NEIGHBORHENAME": "KING SAUD UNIVERSITY", "lon": 46.638256, "lat": 24.724996, "rating_range": null }, "geometry": { "type": "Point", "coordinates": [ 46.638256, 24.724996 ] } },
{ "type": "Feature", "properties": { "name": "باني بياتو", "categories": "Donut Shop", "address": "كلية اللغات والترجمة, المملكة العربية السعودية", "price": "Cheap", "likes": 1.0, "photos": "0", "tips": "0", "rating": null, "ratingSignals": null, "NEIGHBORHANAME": "جامعة الملك سعود", "NEIGHBORHENAME": "KING SAUD UNIVERSITY", "lon": 46.635071, "lat": 24.728171, "rating_range": null }, "geometry": { "type": "Point", "coordinates": [ 46.635071, 24.728171 ] } },
{ "type": "Feature", "properties": { "name": "Diet Center (دايت سنتر)", "categories": "Restaurant, Deli / Bodega, Sandwich Place", "address": "College Of Business Administration, الرياض, المملكة العربية السعودية", "price": "Moderate", "likes": 5.0, "photos": "6", "tips": "0", "rating": 5.9, "ratingSignals": 10.0, "NEIGHBORHANAME": "جامعة الملك سعود", "NEIGHBORHENAME": "KING SAUD UNIVERSITY", "lon": 46.635052265952865, "lat": 24.729383394214107, "rating_range": "Medium (4–7)" }, "geometry": { "type": "Point", "coordinates": [ 46.635052265952865, 24.729383394214107 ] } },
{ "type": "Feature", "properties": { "name": "Copper Code", "categories": "Coffee Shop", "address": "الرياض, المملكة العربية السعودية", "price": "Cheap", "likes": 7.0, "photos": "26", "tips": "3", "rating": 6.4, "ratingSignals": 10.0, "NEIGHBORHANAME": "جامعة الملك سعود", "NEIGHBORHENAME": "KING SAUD UNIVERSITY", "lon": 46.63603, "lat": 24.727419, "rating_range": "Medium (4–7)" }, "geometry": { "type": "Point", "coordinates": [ 46.63603, 24.727419 ] } },
{ "type": "Feature", "properties": { "name": "باسكن روبنز جامعة سعودي", "categories": "Ice Cream Shop", "address": "الرياض 12371, المملكة العربية السعودية", "price": "Cheap", "likes": 0.0, "photos": "0", "tips": "0", "rating": null, "ratingSignals": null, "NEIGHBORHANAME": "جامعة الملك سعود", "NEIGHBORHENAME": "KING SAUD UNIVERSITY", "lon": 46.635976, "lat": 24.728795, "rating_range": null }, "geometry": { "type": "Point", "coordinates": [ 46.635976, 24.728795 ] } },
{ "type": "Feature", "properties": { "name": "Burgy", "categories": "Burger Joint", "address": "الرياض, المملكة العربية السعودية", "price": "Cheap", "likes": 7.0, "photos": "2", "tips": "2", "rating": 5.7, "ratingSignals": 13.0, "NEIGHBORHANAME": "جامعة الملك سعود", "NEIGHBORHENAME": "KING SAUD UNIVERSITY", "lon": 46.638046, "lat": 24.725836, "rating_range": "Medium (4–7)" }, "geometry": { "type": "Point", "coordinates": [ 46.638046, 24.725836 ] } },
{ "type": "Feature", "properties": { "name": "subway | KSU", "categories": "Sandwich Place", "address": "المملكة العربية السعودية", "price": "Cheap", "likes": 2.0, "photos": "4", "tips": "0", "rating": null, "ratingSignals": null, "NEIGHBORHANAME": "جامعة الملك سعود", "NEIGHBORHENAME": "KING SAUD UNIVERSITY", "lon": 46.637343, "lat": 24.726666, "rating_range": null }, "geometry": { "type": "Point", "coordinates": [ 46.637343, 24.726666 ] } },
{ "type": "Feature", "properties": { "name": "caribou  KSU 21", "categories": "Coffee Shop", "address": "الرياض, المملكة العربية السعودية", "price": "Cheap", "likes": 9.0, "photos": "1", "tips": "0", "rating": 7.7, "ratingSignals": 10.0, "NEIGHBORHANAME": "جامعة الملك سعود", "NEIGHBORHENAME": "KING SAUD UNIVERSITY", "lon": 46.637522, "lat": 24.728288, "rating_range": "High (8–10)" }, "geometry": { "type": "Point", "coordinates": [ 46.637522, 24.728288 ] } },
{ "type": "Feature", "properties": { "name": "Coca vintage coffee", "categories": "Coffee Shop", "address": "King Saud university, الرياض, المملكة العربية السعودية", "price": "Cheap", "likes": 1.0, "photos": "3", "tips": "0", "rating": null, "ratingSignals": null, "NEIGHBORHANAME": "جامعة الملك سعود", "NEIGHBORHENAME": "KING SAUD UNIVERSITY", "lon": 46.635466841977603, "lat": 24.729227424922524, "rating_range": null }, "geometry": { "type": "Point", "coordinates": [ 46.635466841977603, 24.729227424922524 ] } },
{ "type": "Feature", "properties": { "name": "T.j Cafè", "categories": "Coffee Shop", "address": "الرياض, المملكة العربية السعودية", "price": "Cheap", "likes": 0.0, "photos": "2", "tips": "0", "rating": null, "ratingSignals": null, "NEIGHBORHANAME": "جامعة الملك سعود", "NEIGHBORHENAME": "KING SAUD UNIVERSITY", "lon": 46.636738, "lat": 24.72788, "rating_range": null }, "geometry": { "type": "Point", "coordinates": [ 46.636738, 24.72788 ] } },
{ "type": "Feature", "properties": { "name": "AuntieAnne’s", "categories": "Snack Place", "address": "الرياض 12371, المملكة العربية السعودية", "price": "Cheap", "likes": 0.0, "photos": "0", "tips": "0", "rating": null, "ratingSignals": null, "NEIGHBORHANAME": "جامعة الملك سعود", "NEIGHBORHENAME": "KING SAUD UNIVERSITY", "lon": 46.638031, "lat": 24.724936, "rating_range": null }, "geometry": { "type": "Point", "coordinates": [ 46.638031, 24.724936 ] } },
{ "type": "Feature", "properties": { "name": "Artista", "categories": "Coffee Shop", "address": "King Saud University (Girls New Campus) (Dur3ya /1st Turky Across King Abdullah Street), Riyadh, المملكة العربية السعودية", "price": "Cheap", "likes": 3.0, "photos": "7", "tips": "1", "rating": 5.1, "ratingSignals": 10.0, "NEIGHBORHANAME": "جامعة الملك سعود", "NEIGHBORHENAME": "KING SAUD UNIVERSITY", "lon": 46.635094381784562, "lat": 24.728163322001446, "rating_range": "Medium (4–7)" }, "geometry": { "type": "Point", "coordinates": [ 46.635094381784562, 24.728163322001446 ] } },
{ "type": "Feature", "properties": { "name": "Latitude 24 - Le Meridien Lobby", "categories": "Coffee Shop", "address": "olaya (olaya street), الرياض 12253, المملكة العربية السعودية", "price": "Cheap", "likes": 20.0, "photos": "201", "tips": "10", "rating": 8.3, "ratingSignals": 18.0, "NEIGHBORHANAME": "الورود", "NEIGHBORHENAME": "AL-WOROUD", "lon": 46.667649, "lat": 24.728854, "rating_range": "High (8–10)" }, "geometry": { "type": "Point", "coordinates": [ 46.667649, 24.728854 ] } },
{ "type": "Feature", "properties": { "name": "La Piazza", "categories": "Italian Restaurant", "address": "Sheraton Riyadh Hotel & Towers, الرياض 11623, المملكة العربية السعودية", "price": "Moderate", "likes": 54.0, "photos": "84", "tips": "34", "rating": 7.7, "ratingSignals": 85.0, "NEIGHBORHANAME": "الورود", "NEIGHBORHENAME": "AL-WOROUD", "lon": 46.664880660754548, "lat": 24.727489384612745, "rating_range": "High (8–10)" }, "geometry": { "type": "Point", "coordinates": [ 46.664880660754548, 24.727489384612745 ] } },
{ "type": "Feature", "properties": { "name": "Dunkin’ Donuts", "categories": "Donut Shop", "address": "الرياض 12253, المملكة العربية السعودية", "price": "Cheap", "likes": 3.0, "photos": "5", "tips": "0", "rating": 7.9, "ratingSignals": 3.0, "NEIGHBORHANAME": "الورود", "NEIGHBORHENAME": "AL-WOROUD", "lon": 46.669502, "lat": 24.725604, "rating_range": "High (8–10)" }, "geometry": { "type": "Point", "coordinates": [ 46.669502, 24.725604 ] } },
{ "type": "Feature", "properties": { "name": "Sheraton 3rd Floor Lounge", "categories": "Breakfast Spot", "address": "المملكة العربية السعودية", "price": "Cheap", "likes": 0.0, "photos": "6", "tips": "2", "rating": null, "ratingSignals": null, "NEIGHBORHANAME": "الورود", "NEIGHBORHENAME": "AL-WOROUD", "lon": 46.665114081879722, "lat": 24.727516811717692, "rating_range": null }, "geometry": { "type": "Point", "coordinates": [ 46.665114081879722, 24.727516811717692 ] } },
{ "type": "Feature", "properties": { "name": "The Lounge", "categories": "Restaurant", "address": "Sheraton Riyadh Hotel & Towers, الرياض, المملكة العربية السعودية", "price": "Moderate", "likes": 23.0, "photos": "52", "tips": "4", "rating": 7.8, "ratingSignals": 29.0, "NEIGHBORHANAME": "الورود", "NEIGHBORHENAME": "AL-WOROUD", "lon": 46.665072956321119, "lat": 24.727500960902578, "rating_range": "High (8–10)" }, "geometry": { "type": "Point", "coordinates": [ 46.665072956321119, 24.727500960902578 ] } },
{ "type": "Feature", "properties": { "name": "المقصف", "categories": "School, Cafeteria", "address": "الرياض 12216, المملكة العربية السعودية", "price": null, "likes": 0.0, "photos": "0", "tips": "0", "rating": null, "ratingSignals": null, "NEIGHBORHANAME": "الورود", "NEIGHBORHENAME": "AL-WOROUD", "lon": 46.668557, "lat": 24.72543, "rating_range": null }, "geometry": { "type": "Point", "coordinates": [ 46.668557, 24.72543 ] } },
{ "type": "Feature", "properties": { "name": "BOURSA CAFE", "categories": "Coffee Shop", "address": "الرياض Al Olaya St, المملكة العربية السعودية", "price": "Cheap", "likes": 1.0, "photos": "1", "tips": "1", "rating": null, "ratingSignals": null, "NEIGHBORHANAME": "الورود", "NEIGHBORHENAME": "AL-WOROUD", "lon": 46.666858585438369, "lat": 24.727505222609892, "rating_range": null }, "geometry": { "type": "Point", "coordinates": [ 46.666858585438369, 24.727505222609892 ] } },
{ "type": "Feature", "properties": { "name": "Turkish food festival Sheraton Hotel", "categories": "Mediterranean Restaurant", "address": "المملكة العربية السعودية", "price": "Moderate", "likes": 2.0, "photos": "4", "tips": "2", "rating": null, "ratingSignals": null, "NEIGHBORHANAME": "الورود", "NEIGHBORHENAME": "AL-WOROUD", "lon": 46.665651571078328, "lat": 24.727830958896398, "rating_range": null }, "geometry": { "type": "Point", "coordinates": [ 46.665651571078328, 24.727830958896398 ] } },
{ "type": "Feature", "properties": { "name": "BOURSE CAFE", "categories": "Coffee Shop", "address": "Al-woroud (Olaya St.), الرياض, المملكة العربية السعودية", "price": "Cheap", "likes": 0.0, "photos": "0", "tips": "0", "rating": null, "ratingSignals": null, "NEIGHBORHANAME": "الورود", "NEIGHBORHENAME": "AL-WOROUD", "lon": 46.668150500301593, "lat": 24.727949703307317, "rating_range": null }, "geometry": { "type": "Point", "coordinates": [ 46.668150500301593, 24.727949703307317 ] } },
{ "type": "Feature", "properties": { "name": "Al Bustan", "categories": "Middle Eastern Restaurant", "address": "Sheraton Riyadh Hotel & Towers, الرياض, المملكة العربية السعودية", "price": "Moderate", "likes": 8.0, "photos": "25", "tips": "2", "rating": 6.4, "ratingSignals": 16.0, "NEIGHBORHANAME": "الورود", "NEIGHBORHENAME": "AL-WOROUD", "lon": 46.664870286003897, "lat": 24.72749581458957, "rating_range": "Medium (4–7)" }, "geometry": { "type": "Point", "coordinates": [ 46.664870286003897, 24.72749581458957 ] } },
{ "type": "Feature", "properties": { "name": "Breakfast", "categories": "Breakfast Spot", "address": "طريق الملك فهد, الرياض 12343, المملكة العربية السعودية", "price": "Cheap", "likes": 0.0, "photos": "1", "tips": "0", "rating": null, "ratingSignals": null, "NEIGHBORHANAME": "الورود", "NEIGHBORHENAME": "AL-WOROUD", "lon": 46.666542, "lat": 24.724234, "rating_range": null }, "geometry": { "type": "Point", "coordinates": [ 46.666542, 24.724234 ] } },
{ "type": "Feature", "properties": { "name": "Dunkin' Donuts", "categories": "Donut Shop", "address": "King Abdullah Rd (at Olaya St), الرياض, المملكة العربية السعودية", "price": "Cheap", "likes": 23.0, "photos": "21", "tips": "4", "rating": 7.0, "ratingSignals": 33.0, "NEIGHBORHANAME": "الورود", "NEIGHBORHENAME": "AL-WOROUD", "lon": 46.66886719740414, "lat": 24.728509440388635, "rating_range": "Medium (4–7)" }, "geometry": { "type": "Point", "coordinates": [ 46.66886719740414, 24.728509440388635 ] } },
{ "type": "Feature", "properties": { "name": "Coffee Alliance", "categories": "Coffee Shop", "address": "Coffee Alliance شارع العليا،، Riyadh 12253 059 399 1999 https://goo.gl/maps/yEE3mvDQj1qFbKdM9, الرياض 12253, المملكة العربية السعودية", "price": "Cheap", "likes": 1.0, "photos": "6", "tips": "0", "rating": null, "ratingSignals": null, "NEIGHBORHANAME": "الورود", "NEIGHBORHENAME": "AL-WOROUD", "lon": 46.673397, "lat": 24.722125, "rating_range": null }, "geometry": { "type": "Point", "coordinates": [ 46.673397, 24.722125 ] } },
{ "type": "Feature", "properties": { "name": "Papa Roti", "categories": "Coffee Shop", "address": "المملكة العربية السعودية", "price": "Cheap", "likes": 2.0, "photos": "8", "tips": "1", "rating": null, "ratingSignals": null, "NEIGHBORHANAME": "الورود", "NEIGHBORHENAME": "AL-WOROUD", "lon": 46.671719942357626, "lat": 24.716877334745046, "rating_range": null }, "geometry": { "type": "Point", "coordinates": [ 46.671719942357626, 24.716877334745046 ] } },
{ "type": "Feature", "properties": { "name": "Alkhafif", "categories": "Middle Eastern Restaurant", "address": "المملكة العربية السعودية", "price": "Moderate", "likes": 12.0, "photos": "9", "tips": "2", "rating": 7.4, "ratingSignals": 15.0, "NEIGHBORHANAME": "الورود", "NEIGHBORHENAME": "AL-WOROUD", "lon": 46.674825255936248, "lat": 24.723924721713981, "rating_range": "High (8–10)" }, "geometry": { "type": "Point", "coordinates": [ 46.674825255936248, 24.723924721713981 ] } },
{ "type": "Feature", "properties": { "name": "Mthag Alshahy", "categories": "Coffee Shop", "address": "Prince Sultan bin Salman bin Abdulaziz, الرياض 12251, المملكة العربية السعودية", "price": "Cheap", "likes": 0.0, "photos": "0", "tips": "0", "rating": null, "ratingSignals": null, "NEIGHBORHANAME": "الورود", "NEIGHBORHENAME": "AL-WOROUD", "lon": 46.676879, "lat": 24.724609, "rating_range": null }, "geometry": { "type": "Point", "coordinates": [ 46.676879, 24.724609 ] } },
{ "type": "Feature", "properties": { "name": "طيور الحباري", "categories": "Fried Chicken Joint", "address": "المملكة العربية السعودية", "price": "Cheap", "likes": 1.0, "photos": "1", "tips": "1", "rating": null, "ratingSignals": null, "NEIGHBORHANAME": "الورود", "NEIGHBORHENAME": "AL-WOROUD", "lon": 46.67573763783534, "lat": 24.724112501640583, "rating_range": null }, "geometry": { "type": "Point", "coordinates": [ 46.67573763783534, 24.724112501640583 ] } },
{ "type": "Feature", "properties": { "name": "Pink Guava", "categories": "Juice Bar", "address": "المملكة العربية السعودية", "price": "Cheap", "likes": 0.0, "photos": "0", "tips": "0", "rating": null, "ratingSignals": null, "NEIGHBORHANAME": "الورود", "NEIGHBORHENAME": "AL-WOROUD", "lon": 46.677139282226562, "lat": 24.724481582641598, "rating_range": null }, "geometry": { "type": "Point", "coordinates": [ 46.677139282226562, 24.724481582641598 ] } },
{ "type": "Feature", "properties": { "name": "Java Cafe", "categories": "Coffee Shop", "address": "Riyadh, الرياض, المملكة العربية السعودية", "price": "Cheap", "likes": 1.0, "photos": "2", "tips": "0", "rating": null, "ratingSignals": null, "NEIGHBORHANAME": "الورود", "NEIGHBORHENAME": "AL-WOROUD", "lon": 46.669908463954926, "lat": 24.729398833922559, "rating_range": null }, "geometry": { "type": "Point", "coordinates": [ 46.669908463954926, 24.729398833922559 ] } },
{ "type": "Feature", "properties": { "name": "كنافنجي", "categories": "Dessert Shop", "address": "المملكة العربية السعودية", "price": "Cheap", "likes": 2.0, "photos": "3", "tips": "0", "rating": null, "ratingSignals": null, "NEIGHBORHANAME": "الورود", "NEIGHBORHENAME": "AL-WOROUD", "lon": 46.675567869520165, "lat": 24.724088898169263, "rating_range": null }, "geometry": { "type": "Point", "coordinates": [ 46.675567869520165, 24.724088898169263 ] } },
{ "type": "Feature", "properties": { "name": "Dunn Coffee Roasters (محمصة وقهوة دن)", "categories": "Coffee Shop", "address": "الرياض 12251, المملكة العربية السعودية", "price": "Cheap", "likes": 104.0, "photos": "560", "tips": "40", "rating": 8.9, "ratingSignals": 123.0, "NEIGHBORHANAME": "الورود", "NEIGHBORHENAME": "AL-WOROUD", "lon": 46.677422, "lat": 24.724746, "rating_range": "High (8–10)" }, "geometry": { "type": "Point", "coordinates": [ 46.677422, 24.724746 ] } },
{ "type": "Feature", "properties": { "name": "Dunkin' (دنكن دوناتس)", "categories": "Donut Shop", "address": "AlWorood (Ahmad Bin Abdulaziz), الرياض, المملكة العربية السعودية", "price": "Cheap", "likes": 318.0, "photos": "315", "tips": "43", "rating": 8.4, "ratingSignals": 400.0, "NEIGHBORHANAME": "الورود", "NEIGHBORHENAME": "AL-WOROUD", "lon": 46.681355343656293, "lat": 24.725719158368648, "rating_range": "High (8–10)" }, "geometry": { "type": "Point", "coordinates": [ 46.681355343656293, 24.725719158368648 ] } },
{ "type": "Feature", "properties": { "name": "One Way Caffè (ون واي كافيه)", "categories": "Coffee Shop", "address": "Abdullah Al-Anqari St. (Ahmad Bin Abdulaziz St.), الرياض, المملكة العربية السعودية", "price": "Cheap", "likes": 175.0, "photos": "366", "tips": "52", "rating": 6.6, "ratingSignals": 284.0, "NEIGHBORHANAME": "الورود", "NEIGHBORHENAME": "AL-WOROUD", "lon": 46.681299147489433, "lat": 24.724967281064174, "rating_range": "Medium (4–7)" }, "geometry": { "type": "Point", "coordinates": [ 46.681299147489433, 24.724967281064174 ] } },
{ "type": "Feature", "properties": { "name": "Coffee Secret", "categories": "Coffee Shop", "address": "حي حراء، شارع الامير سلطان بن سلمان بن عبدالعزيز (Woroud), الرياض, المملكة العربية السعودية", "price": "Cheap", "likes": 67.0, "photos": "34", "tips": "7", "rating": 7.2, "ratingSignals": 96.0, "NEIGHBORHANAME": "الورود", "NEIGHBORHENAME": "AL-WOROUD", "lon": 46.680587452688385, "lat": 24.726493894707371, "rating_range": "High (8–10)" }, "geometry": { "type": "Point", "coordinates": [ 46.680587452688385, 24.726493894707371 ] } },
{ "type": "Feature", "properties": { "name": "Coffee Hill (تل القهوة)", "categories": "Coffee Shop", "address": "الرياض, المملكة العربية السعودية", "price": "Cheap", "likes": 31.0, "photos": "45", "tips": "4", "rating": 7.1, "ratingSignals": 47.0, "NEIGHBORHANAME": "الورود", "NEIGHBORHENAME": "AL-WOROUD", "lon": 46.681873040601147, "lat": 24.724719615802588, "rating_range": "High (8–10)" }, "geometry": { "type": "Point", "coordinates": [ 46.681873040601147, 24.724719615802588 ] } },
{ "type": "Feature", "properties": { "name": "Makani Cafe", "categories": "Coffee Shop", "address": "Riyadh, الرياض 12254, المملكة العربية السعودية", "price": "Cheap", "likes": 6.0, "photos": "31", "tips": "2", "rating": null, "ratingSignals": null, "NEIGHBORHANAME": "الورود", "NEIGHBORHENAME": "AL-WOROUD", "lon": 46.68182, "lat": 24.725286, "rating_range": null }, "geometry": { "type": "Point", "coordinates": [ 46.68182, 24.725286 ] } },
{ "type": "Feature", "properties": { "name": "7 o'clock Cafe", "categories": "Coffee Shop", "address": "الرياض, المملكة العربية السعودية", "price": "Cheap", "likes": 11.0, "photos": "16", "tips": "5", "rating": 7.7, "ratingSignals": 13.0, "NEIGHBORHANAME": "الورود", "NEIGHBORHENAME": "AL-WOROUD", "lon": 46.680583048807534, "lat": 24.726579525217726, "rating_range": "High (8–10)" }, "geometry": { "type": "Point", "coordinates": [ 46.680583048807534, 24.726579525217726 ] } },
{ "type": "Feature", "properties": { "name": "Coffee Mont (كوفي مونت)", "categories": "Coffee Shop", "address": "مقابل ملاهي الخيمة, الرياض, المملكة العربية السعودية", "price": "Cheap", "likes": 121.0, "photos": "186", "tips": "41", "rating": 7.6, "ratingSignals": 170.0, "NEIGHBORHANAME": "الورود", "NEIGHBORHENAME": "AL-WOROUD", "lon": 46.680470410345904, "lat": 24.726727602787253, "rating_range": "High (8–10)" }, "geometry": { "type": "Point", "coordinates": [ 46.680470410345904, 24.726727602787253 ] } },
{ "type": "Feature", "properties": { "name": "Dutchee", "categories": "Coffee Shop", "address": "الرياض (حي الورود), الرياض 12254, المملكة العربية السعودية", "price": "Cheap", "likes": 10.0, "photos": "16", "tips": "2", "rating": 8.4, "ratingSignals": 17.0, "NEIGHBORHANAME": "الورود", "NEIGHBORHENAME": "AL-WOROUD", "lon": 46.681001, "lat": 24.726389, "rating_range": "High (8–10)" }, "geometry": { "type": "Point", "coordinates": [ 46.681001, 24.726389 ] } },
{ "type": "Feature", "properties": { "name": "وافلز", "categories": "Coffee Shop", "address": "الرياض 12254, المملكة العربية السعودية", "price": "Cheap", "likes": 0.0, "photos": "3", "tips": "0", "rating": null, "ratingSignals": null, "NEIGHBORHANAME": "الورود", "NEIGHBORHENAME": "AL-WOROUD", "lon": 46.680169, "lat": 24.724313, "rating_range": null }, "geometry": { "type": "Point", "coordinates": [ 46.680169, 24.724313 ] } },
{ "type": "Feature", "properties": { "name": "KitOut (كتاوت)", "categories": "Coffee Shop", "address": "الرياض 12253, المملكة العربية السعودية", "price": "Cheap", "likes": 2.0, "photos": "2", "tips": "1", "rating": null, "ratingSignals": null, "NEIGHBORHANAME": "الورود", "NEIGHBORHENAME": "AL-WOROUD", "lon": 46.677813894624968, "lat": 24.72876959618899, "rating_range": null }, "geometry": { "type": "Point", "coordinates": [ 46.677813894624968, 24.72876959618899 ] } },
{ "type": "Feature", "properties": { "name": "Melissa Caffe", "categories": "Coffee Shop", "address": "الرياض 12253, المملكة العربية السعودية", "price": "Cheap", "likes": 2.0, "photos": "7", "tips": "0", "rating": null, "ratingSignals": null, "NEIGHBORHANAME": "الورود", "NEIGHBORHENAME": "AL-WOROUD", "lon": 46.678993, "lat": 24.725752, "rating_range": null }, "geometry": { "type": "Point", "coordinates": [ 46.678993, 24.725752 ] } },
{ "type": "Feature", "properties": { "name": "JAHA CAFE", "categories": "Coffee Shop", "address": "الرياض 12254, المملكة العربية السعودية", "price": "Cheap", "likes": 0.0, "photos": "10", "tips": "0", "rating": null, "ratingSignals": null, "NEIGHBORHANAME": "الورود", "NEIGHBORHENAME": "AL-WOROUD", "lon": 46.680674, "lat": 24.726917, "rating_range": null }, "geometry": { "type": "Point", "coordinates": [ 46.680674, 24.726917 ] } },
{ "type": "Feature", "properties": { "name": "Urth Caffé @ Manarat Alriyadh School", "categories": "Food Truck", "address": "Manarat AlRiyadh International School, الرياض 12488, المملكة العربية السعودية", "price": "Cheap", "likes": 3.0, "photos": "1", "tips": "1", "rating": null, "ratingSignals": null, "NEIGHBORHANAME": "الناصرية", "NEIGHBORHENAME": "AN-NASIRIYAH", "lon": 46.684019258916081, "lat": 24.650056843760723, "rating_range": null }, "geometry": { "type": "Point", "coordinates": [ 46.684019258916081, 24.650056843760723 ] } },
{ "type": "Feature", "properties": { "name": "La Marzocco (مركز المنتج المميز)", "categories": "Coffee Shop, Corporate Coffee Shop", "address": "الرياض, المملكة العربية السعودية", "price": "Cheap", "likes": 0.0, "photos": "8", "tips": "0", "rating": null, "ratingSignals": null, "NEIGHBORHANAME": "الورود", "NEIGHBORHENAME": "AL-WOROUD", "lon": 46.677886, "lat": 24.723974, "rating_range": null }, "geometry": { "type": "Point", "coordinates": [ 46.677886, 24.723974 ] } },
{ "type": "Feature", "properties": { "name": "Kebda Wsadagnaha", "categories": "Middle Eastern Restaurant", "address": "الرياض 12254, المملكة العربية السعودية", "price": "Moderate", "likes": 6.0, "photos": "1", "tips": "2", "rating": 5.9, "ratingSignals": 10.0, "NEIGHBORHANAME": "الورود", "NEIGHBORHENAME": "AL-WOROUD", "lon": 46.681073, "lat": 24.726334, "rating_range": "Medium (4–7)" }, "geometry": { "type": "Point", "coordinates": [ 46.681073, 24.726334 ] } },
{ "type": "Feature", "properties": { "name": "ميليسا كافيه MELISSA CAFFE", "categories": "Coffee Shop", "address": "الرياض 12253, المملكة العربية السعودية", "price": "Cheap", "likes": 0.0, "photos": "1", "tips": "0", "rating": null, "ratingSignals": null, "NEIGHBORHANAME": "الورود", "NEIGHBORHENAME": "AL-WOROUD", "lon": 46.678715, "lat": 24.725618, "rating_range": null }, "geometry": { "type": "Point", "coordinates": [ 46.678715, 24.725618 ] } },
{ "type": "Feature", "properties": { "name": "فول وفلافل", "categories": "Breakfast Spot", "address": "المملكة العربية السعودية", "price": "Cheap", "likes": 1.0, "photos": "2", "tips": "0", "rating": null, "ratingSignals": null, "NEIGHBORHANAME": "الورود", "NEIGHBORHENAME": "AL-WOROUD", "lon": 46.679689, "lat": 24.72063, "rating_range": null }, "geometry": { "type": "Point", "coordinates": [ 46.679689, 24.72063 ] } },
{ "type": "Feature", "properties": { "name": "Fresh Juice", "categories": "Juice Bar", "address": "Alworrod Area (Musaed Alanqari), الرياض 12252, المملكة العربية السعودية", "price": "Cheap", "likes": 1.0, "photos": "0", "tips": "1", "rating": null, "ratingSignals": null, "NEIGHBORHANAME": "الورود", "NEIGHBORHENAME": "AL-WOROUD", "lon": 46.678914, "lat": 24.722555, "rating_range": null }, "geometry": { "type": "Point", "coordinates": [ 46.678914, 24.722555 ] } },
{ "type": "Feature", "properties": { "name": "حلا الدكان", "categories": "Dessert Shop", "address": "المملكة العربية السعودية", "price": "Cheap", "likes": 3.0, "photos": "1", "tips": "0", "rating": null, "ratingSignals": null, "NEIGHBORHANAME": "الورود", "NEIGHBORHENAME": "AL-WOROUD", "lon": 46.678449293238423, "lat": 24.723364705647629, "rating_range": null }, "geometry": { "type": "Point", "coordinates": [ 46.678449293238423, 24.723364705647629 ] } },
{ "type": "Feature", "properties": { "name": "961 Lounge", "categories": "Coffee Shop", "address": "المملكة العربية السعودية", "price": "Cheap", "likes": 1.0, "photos": "6", "tips": "2", "rating": null, "ratingSignals": null, "NEIGHBORHANAME": "الورود", "NEIGHBORHENAME": "AL-WOROUD", "lon": 46.681264854565221, "lat": 24.72350064978291, "rating_range": null }, "geometry": { "type": "Point", "coordinates": [ 46.681264854565221, 24.72350064978291 ] } },
{ "type": "Feature", "properties": { "name": "تشيكي تشيز", "categories": "Pizza Place", "address": "المملكة العربية السعودية", "price": "Cheap", "likes": 5.0, "photos": "14", "tips": "2", "rating": null, "ratingSignals": null, "NEIGHBORHANAME": "الورود", "NEIGHBORHENAME": "AL-WOROUD", "lon": 46.679647184374531, "lat": 24.722909592034306, "rating_range": null }, "geometry": { "type": "Point", "coordinates": [ 46.679647184374531, 24.722909592034306 ] } },
{ "type": "Feature", "properties": { "name": "مقهى مذاق الشاي", "categories": "Coffee Shop, Tea Room", "address": "Abdullah Alanqari St., الرياض 12254, المملكة العربية السعودية", "price": "Cheap", "likes": 30.0, "photos": "69", "tips": "11", "rating": 8.4, "ratingSignals": 35.0, "NEIGHBORHANAME": "الورود", "NEIGHBORHENAME": "AL-WOROUD", "lon": 46.683100957870906, "lat": 24.725328681808477, "rating_range": "High (8–10)" }, "geometry": { "type": "Point", "coordinates": [ 46.683100957870906, 24.725328681808477 ] } },
{ "type": "Feature", "properties": { "name": "شجرة الريف", "categories": "Coffee Shop", "address": "الرياض, المملكة العربية السعودية", "price": "Cheap", "likes": 56.0, "photos": "44", "tips": "10", "rating": 6.2, "ratingSignals": 102.0, "NEIGHBORHANAME": "الورود", "NEIGHBORHENAME": "AL-WOROUD", "lon": 46.685287232069342, "lat": 24.726031516667081, "rating_range": "Medium (4–7)" }, "geometry": { "type": "Point", "coordinates": [ 46.685287232069342, 24.726031516667081 ] } },
{ "type": "Feature", "properties": { "name": "خطوط الافكار مستلزمات مقاهي", "categories": "Coffee Shop", "address": "المملكة العربية السعودية", "price": "Cheap", "likes": 6.0, "photos": "19", "tips": "1", "rating": 7.1, "ratingSignals": 8.0, "NEIGHBORHANAME": "الورود", "NEIGHBORHENAME": "AL-WOROUD", "lon": 46.684067, "lat": 24.725624, "rating_range": "High (8–10)" }, "geometry": { "type": "Point", "coordinates": [ 46.684067, 24.725624 ] } },
{ "type": "Feature", "properties": { "name": "مخبز تميس الورود", "categories": "Bakery", "address": "عبدالله العنقزي, الرياض, المملكة العربية السعودية", "price": "Cheap", "likes": 10.0, "photos": "2", "tips": "0", "rating": 7.3, "ratingSignals": 13.0, "NEIGHBORHANAME": "الورود", "NEIGHBORHENAME": "AL-WOROUD", "lon": 46.684005109190977, "lat": 24.725628168437751, "rating_range": "High (8–10)" }, "geometry": { "type": "Point", "coordinates": [ 46.684005109190977, 24.725628168437751 ] } },
{ "type": "Feature", "properties": { "name": "مذاق الشاي ( حي الورود )", "categories": "Tea Room", "address": "المملكة العربية السعودية", "price": "Moderate", "likes": 3.0, "photos": "18", "tips": "0", "rating": null, "ratingSignals": null, "NEIGHBORHANAME": "الورود", "NEIGHBORHENAME": "AL-WOROUD", "lon": 46.68322, "lat": 24.725251, "rating_range": null }, "geometry": { "type": "Point", "coordinates": [ 46.68322, 24.725251 ] } },
{ "type": "Feature", "properties": { "name": "Lozee (لوزي)", "categories": "Dessert Shop", "address": "الرياض, المملكة العربية السعودية", "price": "Cheap", "likes": 1.0, "photos": "1", "tips": "0", "rating": null, "ratingSignals": null, "NEIGHBORHANAME": "الورود", "NEIGHBORHENAME": "AL-WOROUD", "lon": 46.687178, "lat": 24.726393, "rating_range": null }, "geometry": { "type": "Point", "coordinates": [ 46.687178, 24.726393 ] } },
{ "type": "Feature", "properties": { "name": "Warung Pojok, Indonesia Restaurant", "categories": "Asian Restaurant", "address": "الرياض, المملكة العربية السعودية", "price": "Moderate", "likes": 9.0, "photos": "7", "tips": "4", "rating": 7.4, "ratingSignals": 14.0, "NEIGHBORHANAME": "الورود", "NEIGHBORHENAME": "AL-WOROUD", "lon": 46.686858718088075, "lat": 24.726471588425518, "rating_range": "High (8–10)" }, "geometry": { "type": "Point", "coordinates": [ 46.686858718088075, 24.726471588425518 ] } },
{ "type": "Feature", "properties": { "name": "B77", "categories": "Coffee Shop", "address": "riyadh (abdullah al angari), الرياض 12254, المملكة العربية السعودية", "price": "Cheap", "likes": 1.0, "photos": "2", "tips": "1", "rating": null, "ratingSignals": null, "NEIGHBORHANAME": "الورود", "NEIGHBORHENAME": "AL-WOROUD", "lon": 46.682844, "lat": 24.725489, "rating_range": null }, "geometry": { "type": "Point", "coordinates": [ 46.682844, 24.725489 ] } },
{ "type": "Feature", "properties": { "name": "SAMAKIAT (سمكيات)", "categories": "Seafood Restaurant", "address": "King Abdulaziz Rd, الرياض, المملكة العربية السعودية", "price": "Moderate", "likes": 320.0, "photos": "232", "tips": "147", "rating": 7.9, "ratingSignals": 452.0, "NEIGHBORHANAME": "الورود", "NEIGHBORHENAME": "AL-WOROUD", "lon": 46.688933828181035, "lat": 24.727222424096471, "rating_range": "High (8–10)" }, "geometry": { "type": "Point", "coordinates": [ 46.688933828181035, 24.727222424096471 ] } },
{ "type": "Feature", "properties": { "name": "SEEN BA cafe", "categories": "Coffee Shop", "address": "الرياض 12254, المملكة العربية السعودية", "price": "Cheap", "likes": 9.0, "photos": "94", "tips": "7", "rating": 6.4, "ratingSignals": 20.0, "NEIGHBORHANAME": "الورود", "NEIGHBORHENAME": "AL-WOROUD", "lon": 46.687906, "lat": 24.727103, "rating_range": "Medium (4–7)" }, "geometry": { "type": "Point", "coordinates": [ 46.687906, 24.727103 ] } },
{ "type": "Feature", "properties": { "name": "جافا تايم", "categories": "Coffee Shop", "address": "المملكة العربية السعودية", "price": "Cheap", "likes": 3.0, "photos": "1", "tips": "1", "rating": null, "ratingSignals": null, "NEIGHBORHANAME": "الورود", "NEIGHBORHENAME": "AL-WOROUD", "lon": 46.687584, "lat": 24.728553, "rating_range": null }, "geometry": { "type": "Point", "coordinates": [ 46.687584, 24.728553 ] } },
{ "type": "Feature", "properties": { "name": "Velvet Cakes", "categories": "Cupcake Shop", "address": "Abdullah Alangari Street, المملكة العربية السعودية", "price": "Moderate", "likes": 3.0, "photos": "14", "tips": "3", "rating": null, "ratingSignals": null, "NEIGHBORHANAME": "الورود", "NEIGHBORHENAME": "AL-WOROUD", "lon": 46.685523, "lat": 24.725797, "rating_range": null }, "geometry": { "type": "Point", "coordinates": [ 46.685523, 24.725797 ] } },
{ "type": "Feature", "properties": { "name": "البوفيه اللي كان يبيع اطعم كبدة بس تغير", "categories": "Cafeteria", "address": "الرياض 12252, المملكة العربية السعودية", "price": null, "likes": 0.0, "photos": "1", "tips": "0", "rating": null, "ratingSignals": null, "NEIGHBORHANAME": "الورود", "NEIGHBORHENAME": "AL-WOROUD", "lon": 46.686954, "lat": 24.726365, "rating_range": null }, "geometry": { "type": "Point", "coordinates": [ 46.686954, 24.726365 ] } },
{ "type": "Feature", "properties": { "name": "Sanabel Al Salam (سنابل السلام)", "categories": "Dessert Shop", "address": "طريق الملك عبدالعزيز, الرياض, المملكة العربية السعودية", "price": "Cheap", "likes": 6.0, "photos": "17", "tips": "1", "rating": 5.7, "ratingSignals": 11.0, "NEIGHBORHANAME": "الورود", "NEIGHBORHENAME": "AL-WOROUD", "lon": 46.690825740752601, "lat": 24.725501780049893, "rating_range": "Medium (4–7)" }, "geometry": { "type": "Point", "coordinates": [ 46.690825740752601, 24.725501780049893 ] } },
{ "type": "Feature", "properties": { "name": "عالعود Alaoud", "categories": "Food Truck", "address": "الرياض 12432, المملكة العربية السعودية", "price": "Cheap", "likes": 4.0, "photos": "5", "tips": "1", "rating": null, "ratingSignals": null, "NEIGHBORHANAME": "الورود", "NEIGHBORHENAME": "AL-WOROUD", "lon": 46.689198327167475, "lat": 24.727645680623933, "rating_range": null }, "geometry": { "type": "Point", "coordinates": [ 46.689198327167475, 24.727645680623933 ] } },
{ "type": "Feature", "properties": { "name": "مطعم قصر الرياض", "categories": "Diner, Middle Eastern Restaurant", "address": "Abdullah Al-Angari (King Abdulziz Road), الرياض, المملكة العربية السعودية", "price": "Cheap", "likes": 9.0, "photos": "0", "tips": "0", "rating": 6.5, "ratingSignals": 13.0, "NEIGHBORHANAME": "الورود", "NEIGHBORHENAME": "AL-WOROUD", "lon": 46.688750208085139, "lat": 24.727190663553149, "rating_range": "Medium (4–7)" }, "geometry": { "type": "Point", "coordinates": [ 46.688750208085139, 24.727190663553149 ] } },
{ "type": "Feature", "properties": { "name": "Burger King", "categories": "Fast Food Restaurant", "address": "King Abdullah, المملكة العربية السعودية", "price": "Cheap", "likes": 0.0, "photos": "0", "tips": "0", "rating": null, "ratingSignals": null, "NEIGHBORHANAME": "الورود", "NEIGHBORHENAME": "AL-WOROUD", "lon": 46.691561632102974, "lat": 24.721692418915488, "rating_range": null }, "geometry": { "type": "Point", "coordinates": [ 46.691561632102974, 24.721692418915488 ] } },
{ "type": "Feature", "properties": { "name": "McDonald's", "categories": "Fast Food Restaurant", "address": "الرياض, المملكة العربية السعودية", "price": "Cheap", "likes": 41.0, "photos": "23", "tips": "3", "rating": 6.2, "ratingSignals": 79.0, "NEIGHBORHANAME": "النسيم الشرقي", "NEIGHBORHENAME": "EAST AN-NASEEM", "lon": 46.836902328801855, "lat": 24.728702420073308, "rating_range": "Medium (4–7)" }, "geometry": { "type": "Point", "coordinates": [ 46.836902328801855, 24.728702420073308 ] } },
{ "type": "Feature", "properties": { "name": "Krispy Chicken", "categories": "Fried Chicken Joint, Fast Food Restaurant", "address": "الرياض, المملكة العربية السعودية", "price": "Cheap", "likes": 0.0, "photos": "0", "tips": "0", "rating": null, "ratingSignals": null, "NEIGHBORHANAME": "النسيم الشرقي", "NEIGHBORHENAME": "EAST AN-NASEEM", "lon": 46.838417, "lat": 24.726553, "rating_range": null }, "geometry": { "type": "Point", "coordinates": [ 46.838417, 24.726553 ] } },
{ "type": "Feature", "properties": { "name": "AL TANNOUR RESTAURANT", "categories": "Bistro", "address": "المملكة العربية السعودية", "price": null, "likes": 29.0, "photos": "32", "tips": "2", "rating": 7.8, "ratingSignals": 39.0, "NEIGHBORHANAME": "النسيم الشرقي", "NEIGHBORHENAME": "EAST AN-NASEEM", "lon": 46.844058166254889, "lat": 24.728198078483352, "rating_range": "High (8–10)" }, "geometry": { "type": "Point", "coordinates": [ 46.844058166254889, 24.728198078483352 ] } },
{ "type": "Feature", "properties": { "name": "عيون القصر للمشويات", "categories": "Persian Restaurant", "address": "الرياض 14245, المملكة العربية السعودية", "price": null, "likes": 0.0, "photos": "2", "tips": "0", "rating": null, "ratingSignals": null, "NEIGHBORHANAME": "النسيم الشرقي", "NEIGHBORHENAME": "EAST AN-NASEEM", "lon": 46.844287, "lat": 24.727879, "rating_range": null }, "geometry": { "type": "Point", "coordinates": [ 46.844287, 24.727879 ] } },
{ "type": "Feature", "properties": { "name": "قهوة ابوصابر", "categories": "Coffee Shop", "address": "الرياض 14245, المملكة العربية السعودية", "price": "Cheap", "likes": 1.0, "photos": "0", "tips": "1", "rating": null, "ratingSignals": null, "NEIGHBORHANAME": "النسيم الشرقي", "NEIGHBORHENAME": "EAST AN-NASEEM", "lon": 46.8511, "lat": 24.728218, "rating_range": null }, "geometry": { "type": "Point", "coordinates": [ 46.8511, 24.728218 ] } },
{ "type": "Feature", "properties": { "name": "KPK Resturant", "categories": "Asian Restaurant", "address": "المملكة العربية السعودية", "price": "Moderate", "likes": 0.0, "photos": "0", "tips": "0", "rating": null, "ratingSignals": null, "NEIGHBORHANAME": "النسيم الشرقي", "NEIGHBORHENAME": "EAST AN-NASEEM", "lon": 46.855522155761719, "lat": 24.726169586181637, "rating_range": null }, "geometry": { "type": "Point", "coordinates": [ 46.855522155761719, 24.726169586181637 ] } },
{ "type": "Feature", "properties": { "name": "Croissant Cafe", "categories": "Bakery", "address": "المملكة العربية السعودية", "price": "Cheap", "likes": 0.0, "photos": "2", "tips": "0", "rating": null, "ratingSignals": null, "NEIGHBORHANAME": "جامعة الملك سعود", "NEIGHBORHENAME": "KING SAUD UNIVERSITY", "lon": 46.61363, "lat": 24.73133, "rating_range": null }, "geometry": { "type": "Point", "coordinates": [ 46.61363, 24.73133 ] } },
{ "type": "Feature", "properties": { "name": "which wich", "categories": "Sandwich Place", "address": "King Saud University,, الرياض 12372, المملكة العربية السعودية", "price": "Cheap", "likes": 0.0, "photos": "0", "tips": "0", "rating": null, "ratingSignals": null, "NEIGHBORHANAME": "جامعة الملك سعود", "NEIGHBORHENAME": "KING SAUD UNIVERSITY", "lon": 46.623120009899139, "lat": 24.730066360085907, "rating_range": null }, "geometry": { "type": "Point", "coordinates": [ 46.623120009899139, 24.730066360085907 ] } },
{ "type": "Feature", "properties": { "name": "Casa Guarana Antarctica", "categories": "Juice Bar", "address": "Alhilal Stadium, الرياض 12372, المملكة العربية السعودية", "price": "Cheap", "likes": 0.0, "photos": "2", "tips": "0", "rating": null, "ratingSignals": null, "NEIGHBORHANAME": "جامعة الملك سعود", "NEIGHBORHENAME": "KING SAUD UNIVERSITY", "lon": 46.623796, "lat": 24.729972, "rating_range": null }, "geometry": { "type": "Point", "coordinates": [ 46.623796, 24.729972 ] } },
{ "type": "Feature", "properties": { "name": "قهوة العمدة || alomdah coffee", "categories": "Food Truck", "address": "المملكة العربية السعودية", "price": "Cheap", "likes": 0.0, "photos": "0", "tips": "0", "rating": null, "ratingSignals": null, "NEIGHBORHANAME": "جامعة الملك سعود", "NEIGHBORHENAME": "KING SAUD UNIVERSITY", "lon": 46.62724038068842, "lat": 24.731579386495675, "rating_range": null }, "geometry": { "type": "Point", "coordinates": [ 46.62724038068842, 24.731579386495675 ] } },
{ "type": "Feature", "properties": { "name": "سلطان أحمد - Sultanahmet koftecisi", "categories": "Middle Eastern Restaurant", "address": "King Saud university, الرياض, المملكة العربية السعودية", "price": "Moderate", "likes": 0.0, "photos": "0", "tips": "0", "rating": null, "ratingSignals": null, "NEIGHBORHANAME": "جامعة الملك سعود", "NEIGHBORHENAME": "KING SAUD UNIVERSITY", "lon": 46.632367, "lat": 24.729567, "rating_range": null }, "geometry": { "type": "Point", "coordinates": [ 46.632367, 24.729567 ] } },
{ "type": "Feature", "properties": { "name": "Wayne's Coffee", "categories": "Coffee Shop", "address": "الرياض 12371, المملكة العربية السعودية", "price": "Cheap", "likes": 18.0, "photos": "50", "tips": "4", "rating": 6.9, "ratingSignals": 24.0, "NEIGHBORHANAME": "جامعة الملك سعود", "NEIGHBORHENAME": "KING SAUD UNIVERSITY", "lon": 46.633821, "lat": 24.729367, "rating_range": "Medium (4–7)" }, "geometry": { "type": "Point", "coordinates": [ 46.633821, 24.729367 ] } },
{ "type": "Feature", "properties": { "name": "ارتيستا", "categories": "Coffee Shop", "address": "كلية التربية, الرياض 12371, المملكة العربية السعودية", "price": "Cheap", "likes": 1.0, "photos": "0", "tips": "0", "rating": null, "ratingSignals": null, "NEIGHBORHANAME": "جامعة الملك سعود", "NEIGHBORHENAME": "KING SAUD UNIVERSITY", "lon": 46.633472, "lat": 24.729334, "rating_range": null }, "geometry": { "type": "Point", "coordinates": [ 46.633472, 24.729334 ] } },
{ "type": "Feature", "properties": { "name": "Caribou Coffee", "categories": "Coffee Shop", "address": "College of Education - KSU, الرياض, المملكة العربية السعودية", "price": "Cheap", "likes": 67.0, "photos": "75", "tips": "12", "rating": 6.6, "ratingSignals": 100.0, "NEIGHBORHANAME": "جامعة الملك سعود", "NEIGHBORHENAME": "KING SAUD UNIVERSITY", "lon": 46.633543021469535, "lat": 24.729453025081515, "rating_range": "Medium (4–7)" }, "geometry": { "type": "Point", "coordinates": [ 46.633543021469535, 24.729453025081515 ] } },
{ "type": "Feature", "properties": { "name": "Kabi Specialty Coffee", "categories": "Coffee Shop", "address": "King Saud University, الرياض 12371, المملكة العربية السعودية", "price": "Cheap", "likes": 5.0, "photos": "10", "tips": "1", "rating": 6.0, "ratingSignals": 8.0, "NEIGHBORHANAME": "جامعة الملك سعود", "NEIGHBORHENAME": "KING SAUD UNIVERSITY", "lon": 46.633471, "lat": 24.729459, "rating_range": "Medium (4–7)" }, "geometry": { "type": "Point", "coordinates": [ 46.633471, 24.729459 ] } },
{ "type": "Feature", "properties": { "name": "waffle's", "categories": "Breakfast Spot", "address": "king saud universty, الرياض, المملكة العربية السعودية", "price": "Cheap", "likes": 0.0, "photos": "0", "tips": "1", "rating": null, "ratingSignals": null, "NEIGHBORHANAME": "جامعة الملك سعود", "NEIGHBORHENAME": "KING SAUD UNIVERSITY", "lon": 46.633462, "lat": 24.729501, "rating_range": null }, "geometry": { "type": "Point", "coordinates": [ 46.633462, 24.729501 ] } },
{ "type": "Feature", "properties": { "name": "Green Bubble", "categories": "Juice Bar", "address": "King Saud Uiversity, الرياض, المملكة العربية السعودية", "price": "Cheap", "likes": 1.0, "photos": "1", "tips": "0", "rating": null, "ratingSignals": null, "NEIGHBORHANAME": "جامعة الملك سعود", "NEIGHBORHENAME": "KING SAUD UNIVERSITY", "lon": 46.633484, "lat": 24.729403, "rating_range": null }, "geometry": { "type": "Point", "coordinates": [ 46.633484, 24.729403 ] } },
{ "type": "Feature", "properties": { "name": "Coffee Day (يوم القهوة)", "categories": "Coffee Shop", "address": "المملكة العربية السعودية", "price": "Cheap", "likes": 0.0, "photos": "1", "tips": "0", "rating": null, "ratingSignals": null, "NEIGHBORHANAME": "جامعة الملك سعود", "NEIGHBORHENAME": "KING SAUD UNIVERSITY", "lon": 46.63456, "lat": 24.73064, "rating_range": null }, "geometry": { "type": "Point", "coordinates": [ 46.63456, 24.73064 ] } },
{ "type": "Feature", "properties": { "name": "جحر المطاعم", "categories": "Restaurant", "address": "الرياض, المملكة العربية السعودية", "price": "Moderate", "likes": 0.0, "photos": "0", "tips": "0", "rating": null, "ratingSignals": null, "NEIGHBORHANAME": "جامعة الملك سعود", "NEIGHBORHENAME": "KING SAUD UNIVERSITY", "lon": 46.636089, "lat": 24.728711, "rating_range": null }, "geometry": { "type": "Point", "coordinates": [ 46.636089, 24.728711 ] } },
{ "type": "Feature", "properties": { "name": "alqassim corner (ركن القصيم)", "categories": "Coffee Shop", "address": "Ksu Girls Campus (طريق تركي الأول تقاطع طريق الملك عبدالله), الرياض, المملكة العربية السعودية", "price": "Cheap", "likes": 0.0, "photos": "1", "tips": "0", "rating": null, "ratingSignals": null, "NEIGHBORHANAME": "جامعة الملك سعود", "NEIGHBORHENAME": "KING SAUD UNIVERSITY", "lon": 46.636286735496533, "lat": 24.729063739595485, "rating_range": null }, "geometry": { "type": "Point", "coordinates": [ 46.636286735496533, 24.729063739595485 ] } },
{ "type": "Feature", "properties": { "name": "BLVCK Food Truck", "categories": "Fast Food Restaurant", "address": "الرياض, المملكة العربية السعودية", "price": "Moderate", "likes": 2.0, "photos": "2", "tips": "0", "rating": null, "ratingSignals": null, "NEIGHBORHANAME": "جامعة الملك سعود", "NEIGHBORHENAME": "KING SAUD UNIVERSITY", "lon": 46.636747, "lat": 24.728023, "rating_range": null }, "geometry": { "type": "Point", "coordinates": [ 46.636747, 24.728023 ] } },
{ "type": "Feature", "properties": { "name": "Sugar Sprinkles | KSU", "categories": "Coffee Shop", "address": "King Saud University, COLT, المملكة العربية السعودية", "price": "Cheap", "likes": 1.0, "photos": "1", "tips": "0", "rating": null, "ratingSignals": null, "NEIGHBORHANAME": "جامعة الملك سعود", "NEIGHBORHENAME": "KING SAUD UNIVERSITY", "lon": 46.635094, "lat": 24.728198, "rating_range": null }, "geometry": { "type": "Point", "coordinates": [ 46.635094, 24.728198 ] } },
{ "type": "Feature", "properties": { "name": "منؤوشة Manosha", "categories": "Breakfast Spot", "address": "Prince Turkey Road, الرياض, المملكة العربية السعودية", "price": "Cheap", "likes": 4.0, "photos": "1", "tips": "1", "rating": null, "ratingSignals": null, "NEIGHBORHANAME": "جامعة الملك سعود", "NEIGHBORHENAME": "KING SAUD UNIVERSITY", "lon": 46.635532809923141, "lat": 24.728441879840108, "rating_range": null }, "geometry": { "type": "Point", "coordinates": [ 46.635532809923141, 24.728441879840108 ] } },
{ "type": "Feature", "properties": { "name": "VERSAI", "categories": "Coffee Shop", "address": "الرياض 12371, المملكة العربية السعودية", "price": "Cheap", "likes": 7.0, "photos": "27", "tips": "3", "rating": 5.2, "ratingSignals": 18.0, "NEIGHBORHANAME": "جامعة الملك سعود", "NEIGHBORHENAME": "KING SAUD UNIVERSITY", "lon": 46.635823, "lat": 24.728374, "rating_range": "Medium (4–7)" }, "geometry": { "type": "Point", "coordinates": [ 46.635823, 24.728374 ] } },
{ "type": "Feature", "properties": { "name": "Artsita", "categories": "Coffee Shop", "address": "كليه اللغات والترجمه - جامعه الملك سعود للطالبات, الرياض, المملكة العربية السعودية", "price": "Cheap", "likes": 0.0, "photos": "0", "tips": "0", "rating": null, "ratingSignals": null, "NEIGHBORHANAME": "جامعة الملك سعود", "NEIGHBORHENAME": "KING SAUD UNIVERSITY", "lon": 46.635089, "lat": 24.728168, "rating_range": null }, "geometry": { "type": "Point", "coordinates": [ 46.635089, 24.728168 ] } },
{ "type": "Feature", "properties": { "name": "So Soufflè (سو سوفليه)", "categories": "Café, Dessert Shop", "address": "الرياض, المملكة العربية السعودية", "price": "Cheap", "likes": 20.0, "photos": "32", "tips": "3", "rating": 6.9, "ratingSignals": 26.0, "NEIGHBORHANAME": "جامعة الملك سعود", "NEIGHBORHENAME": "KING SAUD UNIVERSITY", "lon": 46.633500926509974, "lat": 24.729486437404475, "rating_range": "Medium (4–7)" }, "geometry": { "type": "Point", "coordinates": [ 46.633500926509974, 24.729486437404475 ] } },
{ "type": "Feature", "properties": { "name": "Tasti D.lite", "categories": "Dessert Shop, Ice Cream Shop", "address": "KSU (Central Library), الرياض, المملكة العربية السعودية", "price": "Cheap", "likes": 1.0, "photos": "3", "tips": "1", "rating": null, "ratingSignals": null, "NEIGHBORHANAME": "جامعة الملك سعود", "NEIGHBORHENAME": "KING SAUD UNIVERSITY", "lon": 46.636569460524214, "lat": 24.727625613644534, "rating_range": null }, "geometry": { "type": "Point", "coordinates": [ 46.636569460524214, 24.727625613644534 ] } },
{ "type": "Feature", "properties": { "name": "Subway Girls campus", "categories": "Sandwich Place", "address": "المملكة العربية السعودية", "price": "Cheap", "likes": 0.0, "photos": "0", "tips": "0", "rating": null, "ratingSignals": null, "NEIGHBORHANAME": "جامعة الملك سعود", "NEIGHBORHENAME": "KING SAUD UNIVERSITY", "lon": 46.635163, "lat": 24.728666, "rating_range": null }, "geometry": { "type": "Point", "coordinates": [ 46.635163, 24.728666 ] } },
{ "type": "Feature", "properties": { "name": "توينز كافيه", "categories": "Food Truck", "address": "تركي الاول (تركي الاول), الرياض 12364, المملكة العربية السعودية", "price": "Cheap", "likes": 0.0, "photos": "1", "tips": "0", "rating": null, "ratingSignals": null, "NEIGHBORHANAME": "جامعة الملك سعود", "NEIGHBORHENAME": "KING SAUD UNIVERSITY", "lon": 46.640645591071156, "lat": 24.729325451786078, "rating_range": null }, "geometry": { "type": "Point", "coordinates": [ 46.640645591071156, 24.729325451786078 ] } },
{ "type": "Feature", "properties": { "name": "Dankin Dounts", "categories": "Coffee Shop", "address": "King Abdullah Branch Rd (Alwurud), الرياض 12253, المملكة العربية السعودية", "price": "Cheap", "likes": 4.0, "photos": "16", "tips": "0", "rating": null, "ratingSignals": null, "NEIGHBORHANAME": "الورود", "NEIGHBORHENAME": "AL-WOROUD", "lon": 46.671316, "lat": 24.730216, "rating_range": null }, "geometry": { "type": "Point", "coordinates": [ 46.671316, 24.730216 ] } },
{ "type": "Feature", "properties": { "name": "Maestro Pizza (مايسترو بيتزا)", "categories": "Pizza Place", "address": "King Adbullah Rd. (King Abdullah Roud), الرياض, المملكة العربية السعودية", "price": "Cheap", "likes": 137.0, "photos": "72", "tips": "45", "rating": 7.6, "ratingSignals": 201.0, "NEIGHBORHANAME": "الورود", "NEIGHBORHENAME": "AL-WOROUD", "lon": 46.669939708129299, "lat": 24.729941616533104, "rating_range": "High (8–10)" }, "geometry": { "type": "Point", "coordinates": [ 46.669939708129299, 24.729941616533104 ] } },
{ "type": "Feature", "properties": { "name": "Ramesses (رمسيس)", "categories": "Middle Eastern Restaurant", "address": "King Abdullah, الرياض, المملكة العربية السعودية", "price": "Moderate", "likes": 105.0, "photos": "121", "tips": "57", "rating": 5.9, "ratingSignals": 183.0, "NEIGHBORHANAME": "الورود", "NEIGHBORHENAME": "AL-WOROUD", "lon": 46.670225836755094, "lat": 24.729761537744867, "rating_range": "Medium (4–7)" }, "geometry": { "type": "Point", "coordinates": [ 46.670225836755094, 24.729761537744867 ] } },
{ "type": "Feature", "properties": { "name": "Texas Chicken", "categories": "Fast Food Restaurant, Fried Chicken Joint", "address": "King Abdullah Rd., الرياض, المملكة العربية السعودية", "price": "Cheap", "likes": 31.0, "photos": "19", "tips": "13", "rating": 6.4, "ratingSignals": 52.0, "NEIGHBORHANAME": "الورود", "NEIGHBORHENAME": "AL-WOROUD", "lon": 46.671299013606131, "lat": 24.73038816484846, "rating_range": "Medium (4–7)" }, "geometry": { "type": "Point", "coordinates": [ 46.671299013606131, 24.73038816484846 ] } },
{ "type": "Feature", "properties": { "name": "ستاربكس فرع الاشكال الغريبه", "categories": "Coffee Shop", "address": "المملكة العربية السعودية", "price": "Cheap", "likes": 0.0, "photos": "0", "tips": "0", "rating": null, "ratingSignals": null, "NEIGHBORHANAME": "الورود", "NEIGHBORHENAME": "AL-WOROUD", "lon": 46.670122, "lat": 24.729846, "rating_range": null }, "geometry": { "type": "Point", "coordinates": [ 46.670122, 24.729846 ] } },
{ "type": "Feature", "properties": { "name": "Starbucks", "categories": "Coffee Shop", "address": "King Abdullah Rd. (Al-woroud), الرياض, المملكة العربية السعودية", "price": "Expensive", "likes": 4720.0, "photos": "8225", "tips": "473", "rating": 9.0, "ratingSignals": 5584.0, "NEIGHBORHANAME": "الورود", "NEIGHBORHENAME": "AL-WOROUD", "lon": 46.671754548312684, "lat": 24.730512227284105, "rating_range": "High (8–10)" }, "geometry": { "type": "Point", "coordinates": [ 46.671754548312684, 24.730512227284105 ] } },
{ "type": "Feature", "properties": { "name": "Dunkin' Donuts", "categories": "Donut Shop", "address": "King Abdullah Rd., الرياض, المملكة العربية السعودية", "price": "Cheap", "likes": 289.0, "photos": "526", "tips": "44", "rating": 8.3, "ratingSignals": 366.0, "NEIGHBORHANAME": "الورود", "NEIGHBORHENAME": "AL-WOROUD", "lon": 46.671582238087645, "lat": 24.730468641087011, "rating_range": "High (8–10)" }, "geometry": { "type": "Point", "coordinates": [ 46.671582238087645, 24.730468641087011 ] } },
{ "type": "Feature", "properties": { "name": "Baskin-Robbins", "categories": "Ice Cream Shop", "address": "Al Wurud, الرياض 12271, المملكة العربية السعودية", "price": "Cheap", "likes": 151.0, "photos": "86", "tips": "19", "rating": 9.2, "ratingSignals": 172.0, "NEIGHBORHANAME": "الورود", "NEIGHBORHENAME": "AL-WOROUD", "lon": 46.674210777720567, "lat": 24.731528189453766, "rating_range": "High (8–10)" }, "geometry": { "type": "Point", "coordinates": [ 46.674210777720567, 24.731528189453766 ] } },
{ "type": "Feature", "properties": { "name": "Superano", "categories": "Ice Cream Shop", "address": "الرياض 12253, المملكة العربية السعودية", "price": "Cheap", "likes": 3.0, "photos": "9", "tips": "0", "rating": null, "ratingSignals": null, "NEIGHBORHANAME": "الورود", "NEIGHBORHENAME": "AL-WOROUD", "lon": 46.674646, "lat": 24.731817, "rating_range": null }, "geometry": { "type": "Point", "coordinates": [ 46.674646, 24.731817 ] } },
{ "type": "Feature", "properties": { "name": "House of Donuts (بيت الدونات)", "categories": "Donut Shop, Coffee Shop", "address": "King Abdullah Rd, الرياض, المملكة العربية السعودية", "price": "Cheap", "likes": 33.0, "photos": "19", "tips": "9", "rating": 8.4, "ratingSignals": 41.0, "NEIGHBORHANAME": "الورود", "NEIGHBORHENAME": "AL-WOROUD", "lon": 46.674901672034615, "lat": 24.731809059275459, "rating_range": "High (8–10)" }, "geometry": { "type": "Point", "coordinates": [ 46.674901672034615, 24.731809059275459 ] } },
{ "type": "Feature", "properties": { "name": "McDonald's", "categories": "Fast Food Restaurant", "address": "King Abdullah Rd. (Ahmad Bin Abdulaziz St.), الرياض, المملكة العربية السعودية", "price": "Cheap", "likes": 320.0, "photos": "172", "tips": "30", "rating": 7.3, "ratingSignals": 487.0, "NEIGHBORHANAME": "الورود", "NEIGHBORHENAME": "AL-WOROUD", "lon": 46.676767263621436, "lat": 24.732722578470995, "rating_range": "High (8–10)" }, "geometry": { "type": "Point", "coordinates": [ 46.676767263621436, 24.732722578470995 ] } },
{ "type": "Feature", "properties": { "name": "Een (ايين)", "categories": "Bakery", "address": "الرياض 12254, المملكة العربية السعودية", "price": "Cheap", "likes": 89.0, "photos": "157", "tips": "30", "rating": 8.2, "ratingSignals": 122.0, "NEIGHBORHANAME": "الورود", "NEIGHBORHENAME": "AL-WOROUD", "lon": 46.678746, "lat": 24.730943, "rating_range": "High (8–10)" }, "geometry": { "type": "Point", "coordinates": [ 46.678746, 24.730943 ] } },
{ "type": "Feature", "properties": { "name": "Shake It (شيك إت)", "categories": "Snack Place", "address": "Ahmad Ibn Abdulaziz St., الرياض, المملكة العربية السعودية", "price": "Moderate", "likes": 719.0, "photos": "580", "tips": "240", "rating": 8.8, "ratingSignals": 955.0, "NEIGHBORHANAME": "الورود", "NEIGHBORHENAME": "AL-WOROUD", "lon": 46.677874779187448, "lat": 24.732268689385997, "rating_range": "High (8–10)" }, "geometry": { "type": "Point", "coordinates": [ 46.677874779187448, 24.732268689385997 ] } },
{ "type": "Feature", "properties": { "name": "Avocado (أڤوكادو)", "categories": "Spanish Restaurant", "address": "King Abdullah Rd, الرياض, المملكة العربية السعودية", "price": "Expensive", "likes": 478.0, "photos": "514", "tips": "218", "rating": 7.8, "ratingSignals": 724.0, "NEIGHBORHANAME": "الورود", "NEIGHBORHENAME": "AL-WOROUD", "lon": 46.679117132807065, "lat": 24.734016549290676, "rating_range": "High (8–10)" }, "geometry": { "type": "Point", "coordinates": [ 46.679117132807065, 24.734016549290676 ] } },
{ "type": "Feature", "properties": { "name": "Delish Bakery (مخبز ديلش)", "categories": "Bakery, Dessert Shop", "address": "8023 ahmad bin abdulaziz street (king abdullah road), الرياض 11467, المملكة العربية السعودية", "price": "Moderate", "likes": 313.0, "photos": "220", "tips": "134", "rating": 8.9, "ratingSignals": 420.0, "NEIGHBORHANAME": "الورود", "NEIGHBORHENAME": "AL-WOROUD", "lon": 46.678000639886072, "lat": 24.732148546919809, "rating_range": "High (8–10)" }, "geometry": { "type": "Point", "coordinates": [ 46.678000639886072, 24.732148546919809 ] } },
{ "type": "Feature", "properties": { "name": "كشري التحرير", "categories": "Egyptian Restaurant", "address": "Befor Riyad Capital (King Abdullah Road), الرياض 12254, المملكة العربية السعودية", "price": null, "likes": 39.0, "photos": "48", "tips": "13", "rating": 8.5, "ratingSignals": 46.0, "NEIGHBORHANAME": "الورود", "NEIGHBORHENAME": "AL-WOROUD", "lon": 46.678654, "lat": 24.733608, "rating_range": "High (8–10)" }, "geometry": { "type": "Point", "coordinates": [ 46.678654, 24.733608 ] } },
{ "type": "Feature", "properties": { "name": "Kudu (كودو)", "categories": "Fast Food Restaurant", "address": "King Abdullah Rd., الرياض, المملكة العربية السعودية", "price": "Cheap", "likes": 77.0, "photos": "50", "tips": "21", "rating": 7.6, "ratingSignals": 112.0, "NEIGHBORHANAME": "الورود", "NEIGHBORHENAME": "AL-WOROUD", "lon": 46.677922047221941, "lat": 24.733469845654394, "rating_range": "High (8–10)" }, "geometry": { "type": "Point", "coordinates": [ 46.677922047221941, 24.733469845654394 ] } },
{ "type": "Feature", "properties": { "name": "Pizza Hut (بيتزا هت)", "categories": "Pizza Place", "address": "King Abdullah Rd. (Ahmed Bin Abdulaziz St.), الرياض, المملكة العربية السعودية", "price": "Cheap", "likes": 72.0, "photos": "103", "tips": "27", "rating": 5.8, "ratingSignals": 149.0, "NEIGHBORHANAME": "الورود", "NEIGHBORHENAME": "AL-WOROUD", "lon": 46.677770706217935, "lat": 24.733057933139591, "rating_range": "Medium (4–7)" }, "geometry": { "type": "Point", "coordinates": [ 46.677770706217935, 24.733057933139591 ] } },
{ "type": "Feature", "properties": { "name": "Juhaina (جهينة)", "categories": "Dessert Shop, Chocolate Shop", "address": "طريق الملك عبدالله, الرياض, المملكة العربية السعودية", "price": "Cheap", "likes": 18.0, "photos": "14", "tips": "10", "rating": 6.2, "ratingSignals": 31.0, "NEIGHBORHANAME": "الورود", "NEIGHBORHENAME": "AL-WOROUD", "lon": 46.676228568117139, "lat": 24.73271756727349, "rating_range": "Medium (4–7)" }, "geometry": { "type": "Point", "coordinates": [ 46.676228568117139, 24.73271756727349 ] } },
{ "type": "Feature", "properties": { "name": "Entercôte de Paris", "categories": "Steakhouse", "address": "الرياض, المملكة العربية السعودية", "price": "Very Expensive", "likes": 14.0, "photos": "16", "tips": "7", "rating": 6.2, "ratingSignals": 24.0, "NEIGHBORHANAME": "الورود", "NEIGHBORHENAME": "AL-WOROUD", "lon": 46.678920900496543, "lat": 24.733992311449324, "rating_range": "Medium (4–7)" }, "geometry": { "type": "Point", "coordinates": [ 46.678920900496543, 24.733992311449324 ] } },
{ "type": "Feature", "properties": { "name": "SMILE CAFE (ابتسامة قهوة)", "categories": "Café, Food Service", "address": "طريق الأمير احمد بن عبد العزيز (طريق الملك عبدالله بن عبدالعزيز), الرياض 12254, المملكة العربية السعودية", "price": "Cheap", "likes": 49.0, "photos": "61", "tips": "33", "rating": 7.4, "ratingSignals": 67.0, "NEIGHBORHANAME": "الورود", "NEIGHBORHENAME": "AL-WOROUD", "lon": 46.677523, "lat": 24.73245, "rating_range": "High (8–10)" }, "geometry": { "type": "Point", "coordinates": [ 46.677523, 24.73245 ] } },
{ "type": "Feature", "properties": { "name": "Saadeddin Pastry حلويات سعد الدين", "categories": "Dessert Shop", "address": "King Abdullah Rd. (Ahmad Bin Abdulaziz St.), الرياض, المملكة العربية السعودية", "price": "Cheap", "likes": 89.0, "photos": "64", "tips": "29", "rating": 6.7, "ratingSignals": 142.0, "NEIGHBORHANAME": "الورود", "NEIGHBORHENAME": "AL-WOROUD", "lon": 46.678063918610242, "lat": 24.733385809598179, "rating_range": "Medium (4–7)" }, "geometry": { "type": "Point", "coordinates": [ 46.678063918610242, 24.733385809598179 ] } },
{ "type": "Feature", "properties": { "name": "Torta and more (تورتا اند مور)", "categories": "Bakery, Sandwich Place", "address": "الرياض, المملكة العربية السعودية", "price": "Cheap", "likes": 424.0, "photos": "234", "tips": "98", "rating": 8.0, "ratingSignals": 540.0, "NEIGHBORHANAME": "الورود", "NEIGHBORHENAME": "AL-WOROUD", "lon": 46.678588238787043, "lat": 24.731120416957953, "rating_range": "High (8–10)" }, "geometry": { "type": "Point", "coordinates": [ 46.678588238787043, 24.731120416957953 ] } },
{ "type": "Feature", "properties": { "name": "Oval Lounge (اوفال لاونج)", "categories": "Restaurant", "address": "الرياض, المملكة العربية السعودية", "price": "Moderate", "likes": 98.0, "photos": "158", "tips": "60", "rating": 6.1, "ratingSignals": 178.0, "NEIGHBORHANAME": "الورود", "NEIGHBORHENAME": "AL-WOROUD", "lon": 46.680339075178644, "lat": 24.73434301100119, "rating_range": "Medium (4–7)" }, "geometry": { "type": "Point", "coordinates": [ 46.680339075178644, 24.73434301100119 ] } },
{ "type": "Feature", "properties": { "name": "Cake & Co. كيك & كو", "categories": "Cupcake Shop", "address": "الرياض 12254, المملكة العربية السعودية", "price": "Moderate", "likes": 13.0, "photos": "9", "tips": "8", "rating": 6.6, "ratingSignals": 27.0, "NEIGHBORHANAME": "الورود", "NEIGHBORHENAME": "AL-WOROUD", "lon": 46.678346589458869, "lat": 24.731522512894333, "rating_range": "Medium (4–7)" }, "geometry": { "type": "Point", "coordinates": [ 46.678346589458869, 24.731522512894333 ] } },
{ "type": "Feature", "properties": { "name": "SaadAl-Din سعد الدين", "categories": "Bakery", "address": "طريق الملك عبدالله, الرياض, المملكة العربية السعودية", "price": "Cheap", "likes": 4.0, "photos": "3", "tips": "0", "rating": null, "ratingSignals": null, "NEIGHBORHANAME": "الورود", "NEIGHBORHENAME": "AL-WOROUD", "lon": 46.678171047042724, "lat": 24.733528133799723, "rating_range": null }, "geometry": { "type": "Point", "coordinates": [ 46.678171047042724, 24.733528133799723 ] } },
{ "type": "Feature", "properties": { "name": "House Of Donuts", "categories": "Coffee Shop", "address": "Al Sadhan supermarket, musa bin Nusair streey, الرياض, المملكة العربية السعودية", "price": "Cheap", "likes": 5.0, "photos": "5", "tips": "6", "rating": null, "ratingSignals": null, "NEIGHBORHANAME": "الورود", "NEIGHBORHENAME": "AL-WOROUD", "lon": 46.676279957149212, "lat": 24.731999196122448, "rating_range": null }, "geometry": { "type": "Point", "coordinates": [ 46.676279957149212, 24.731999196122448 ] } },
{ "type": "Feature", "properties": { "name": "Shami (شامي)", "categories": "Middle Eastern Restaurant, Kebab Restaurant", "address": "King Abduallah Rd, المملكة العربية السعودية", "price": "Moderate", "likes": 73.0, "photos": "156", "tips": "70", "rating": 5.1, "ratingSignals": 173.0, "NEIGHBORHANAME": "الورود", "NEIGHBORHENAME": "AL-WOROUD", "lon": 46.6801974720183, "lat": 24.734293001536354, "rating_range": "Medium (4–7)" }, "geometry": { "type": "Point", "coordinates": [ 46.6801974720183, 24.734293001536354 ] } },
{ "type": "Feature", "properties": { "name": "ستاربكس", "categories": "Coffee Shop", "address": "الرياض, الرياض 12253, المملكة العربية السعودية", "price": "Cheap", "likes": 1.0, "photos": "0", "tips": "0", "rating": null, "ratingSignals": null, "NEIGHBORHANAME": "الورود", "NEIGHBORHENAME": "AL-WOROUD", "lon": 46.67693, "lat": 24.732088, "rating_range": null }, "geometry": { "type": "Point", "coordinates": [ 46.67693, 24.732088 ] } },
{ "type": "Feature", "properties": { "name": "Re: Juice", "categories": "Juice Bar", "address": "الرياض 12254, المملكة العربية السعودية", "price": "Cheap", "likes": 8.0, "photos": "15", "tips": "4", "rating": 6.6, "ratingSignals": 11.0, "NEIGHBORHANAME": "الورود", "NEIGHBORHENAME": "AL-WOROUD", "lon": 46.678026, "lat": 24.731985, "rating_range": "Medium (4–7)" }, "geometry": { "type": "Point", "coordinates": [ 46.678026, 24.731985 ] } },
{ "type": "Feature", "properties": { "name": "Pizza Hut #9 Wurud", "categories": "Pizza Place, American Restaurant", "address": "المملكة العربية السعودية", "price": "Cheap", "likes": 0.0, "photos": "0", "tips": "0", "rating": null, "ratingSignals": null, "NEIGHBORHANAME": "الورود", "NEIGHBORHENAME": "AL-WOROUD", "lon": 46.677704162837685, "lat": 24.733135644767099, "rating_range": null }, "geometry": { "type": "Point", "coordinates": [ 46.677704162837685, 24.733135644767099 ] } },
{ "type": "Feature", "properties": { "name": "Al Jalab BBQ (مشاوي الجلاب)", "categories": "Restaurant", "address": "King Abdulaziz Road (Salaheldine Area), الرياض 12254, المملكة العربية السعودية", "price": "Moderate", "likes": 3.0, "photos": "9", "tips": "3", "rating": null, "ratingSignals": null, "NEIGHBORHANAME": "الورود", "NEIGHBORHENAME": "AL-WOROUD", "lon": 46.686232, "lat": 24.733823, "rating_range": null }, "geometry": { "type": "Point", "coordinates": [ 46.686232, 24.733823 ] } },
{ "type": "Feature", "properties": { "name": "بوفية خرصان صالح مانع السالم", "categories": "Breakfast Spot", "address": "الرياض, المملكة العربية السعودية", "price": "Cheap", "likes": 0.0, "photos": "0", "tips": "0", "rating": null, "ratingSignals": null, "NEIGHBORHANAME": "الورود", "NEIGHBORHENAME": "AL-WOROUD", "lon": 46.683686, "lat": 24.725191, "rating_range": null }, "geometry": { "type": "Point", "coordinates": [ 46.683686, 24.725191 ] } },
{ "type": "Feature", "properties": { "name": "بوفية اجمل تميس بالدنيا", "categories": "Afghan Restaurant", "address": "الرياض 12254, المملكة العربية السعودية", "price": "Moderate", "likes": 0.0, "photos": "0", "tips": "0", "rating": null, "ratingSignals": null, "NEIGHBORHANAME": "الورود", "NEIGHBORHENAME": "AL-WOROUD", "lon": 46.683336, "lat": 24.725529, "rating_range": null }, "geometry": { "type": "Point", "coordinates": [ 46.683336, 24.725529 ] } },
{ "type": "Feature", "properties": { "name": "Al Saa'a Bakery (مخابز الساعة)", "categories": "Bakery", "address": "alworoud branch (king abdulaziz road), الرياض, المملكة العربية السعودية", "price": "Cheap", "likes": 4.0, "photos": "1", "tips": "2", "rating": null, "ratingSignals": null, "NEIGHBORHANAME": "الورود", "NEIGHBORHENAME": "AL-WOROUD", "lon": 46.689028513148109, "lat": 24.728697166130413, "rating_range": null }, "geometry": { "type": "Point", "coordinates": [ 46.689028513148109, 24.728697166130413 ] } },
{ "type": "Feature", "properties": { "name": "مطعم قصر السلطان التركي", "categories": "Fast Food Restaurant", "address": "المملكة العربية السعودية", "price": "Cheap", "likes": 1.0, "photos": "2", "tips": "0", "rating": null, "ratingSignals": null, "NEIGHBORHANAME": "الورود", "NEIGHBORHENAME": "AL-WOROUD", "lon": 46.684698450428378, "lat": 24.725307826225812, "rating_range": null }, "geometry": { "type": "Point", "coordinates": [ 46.684698450428378, 24.725307826225812 ] } },
{ "type": "Feature", "properties": { "name": "حلويات دفين", "categories": "Dessert Shop", "address": "طريق الملك عبدالعزيز, الرياض 12254, المملكة العربية السعودية", "price": "Cheap", "likes": 1.0, "photos": "7", "tips": "0", "rating": null, "ratingSignals": null, "NEIGHBORHANAME": "الورود", "NEIGHBORHENAME": "AL-WOROUD", "lon": 46.686509, "lat": 24.733297, "rating_range": null }, "geometry": { "type": "Point", "coordinates": [ 46.686509, 24.733297 ] } },
{ "type": "Feature", "properties": { "name": "Al Almou3d", "categories": "Coffee Shop", "address": "الرياض 14243, المملكة العربية السعودية", "price": "Cheap", "likes": 0.0, "photos": "0", "tips": "0", "rating": null, "ratingSignals": null, "NEIGHBORHANAME": "النسيم الشرقي", "NEIGHBORHENAME": "EAST AN-NASEEM", "lon": 46.83449, "lat": 24.732101, "rating_range": null }, "geometry": { "type": "Point", "coordinates": [ 46.83449, 24.732101 ] } },
{ "type": "Feature", "properties": { "name": "McDonald's", "categories": "Fast Food Restaurant", "address": "Al Nassem (Hassan Ibn Thabit), الرياض, المملكة العربية السعودية", "price": "Cheap", "likes": 0.0, "photos": "0", "tips": "0", "rating": 7.3, "ratingSignals": 0.0, "NEIGHBORHANAME": "النسيم الشرقي", "NEIGHBORHENAME": "EAST AN-NASEEM", "lon": 46.835375975528464, "lat": 24.731138644762488, "rating_range": "High (8–10)" }, "geometry": { "type": "Point", "coordinates": [ 46.835375975528464, 24.731138644762488 ] } },
{ "type": "Feature", "properties": { "name": "KFC", "categories": "Fast Food Restaurant, Fried Chicken Joint", "address": "المملكة العربية السعودية", "price": "Cheap", "likes": 4.0, "photos": "4", "tips": "2", "rating": 6.5, "ratingSignals": 7.0, "NEIGHBORHANAME": "النسيم الشرقي", "NEIGHBORHENAME": "EAST AN-NASEEM", "lon": 46.836568154908029, "lat": 24.729485447754133, "rating_range": "Medium (4–7)" }, "geometry": { "type": "Point", "coordinates": [ 46.836568154908029, 24.729485447754133 ] } },
{ "type": "Feature", "properties": { "name": "karam alreef (كرم الريف)", "categories": "Soup Place", "address": "Riyadh, Alnassim (Abu huraira), الرياض 14243, المملكة العربية السعودية", "price": "Cheap", "likes": 8.0, "photos": "9", "tips": "1", "rating": 8.3, "ratingSignals": 8.0, "NEIGHBORHANAME": "النسيم الشرقي", "NEIGHBORHENAME": "EAST AN-NASEEM", "lon": 46.842026, "lat": 24.731355, "rating_range": "High (8–10)" }, "geometry": { "type": "Point", "coordinates": [ 46.842026, 24.731355 ] } },
{ "type": "Feature", "properties": { "name": "Moroccan Taste (المذاق المغربي)", "categories": "Tea Room, Coffee Shop", "address": "Abu Hurairah St, الرياض, المملكة العربية السعودية", "price": "Moderate", "likes": 35.0, "photos": "14", "tips": "5", "rating": 8.4, "ratingSignals": 45.0, "NEIGHBORHANAME": "النسيم الشرقي", "NEIGHBORHENAME": "EAST AN-NASEEM", "lon": 46.840187000683251, "lat": 24.734113596216446, "rating_range": "High (8–10)" }, "geometry": { "type": "Point", "coordinates": [ 46.840187000683251, 24.734113596216446 ] } },
{ "type": "Feature", "properties": { "name": "Safwa Time Coffee", "categories": "Coffee Shop", "address": "المملكة العربية السعودية", "price": "Cheap", "likes": 17.0, "photos": "6", "tips": "2", "rating": 7.9, "ratingSignals": 21.0, "NEIGHBORHANAME": "النسيم الشرقي", "NEIGHBORHENAME": "EAST AN-NASEEM", "lon": 46.840535858261134, "lat": 24.732460596305064, "rating_range": "High (8–10)" }, "geometry": { "type": "Point", "coordinates": [ 46.840535858261134, 24.732460596305064 ] } },
{ "type": "Feature", "properties": { "name": "مخابز المشيطي الأوتوماتيكية", "categories": "Bakery", "address": "Abu Huraira St., الرياض, المملكة العربية السعودية", "price": "Cheap", "likes": 2.0, "photos": "0", "tips": "0", "rating": null, "ratingSignals": null, "NEIGHBORHANAME": "النسيم الشرقي", "NEIGHBORHENAME": "EAST AN-NASEEM", "lon": 46.842838287353523, "lat": 24.729774475097649, "rating_range": null }, "geometry": { "type": "Point", "coordinates": [ 46.842838287353523, 24.729774475097649 ] } },
{ "type": "Feature", "properties": { "name": "مطاعم ومطابخ الكندي", "categories": "Yemeni Restaurant", "address": "الرياض 14243, المملكة العربية السعودية", "price": null, "likes": 2.0, "photos": "1", "tips": "0", "rating": null, "ratingSignals": null, "NEIGHBORHANAME": "النسيم الشرقي", "NEIGHBORHENAME": "EAST AN-NASEEM", "lon": 46.840826, "lat": 24.732508, "rating_range": null }, "geometry": { "type": "Point", "coordinates": [ 46.840826, 24.732508 ] } },
{ "type": "Feature", "properties": { "name": "الغيث", "categories": "Snack Place", "address": "المملكة العربية السعودية", "price": "Cheap", "likes": 0.0, "photos": "0", "tips": "0", "rating": null, "ratingSignals": null, "NEIGHBORHANAME": "النسيم الشرقي", "NEIGHBORHENAME": "EAST AN-NASEEM", "lon": 46.842666625976562, "lat": 24.734170913696289, "rating_range": null }, "geometry": { "type": "Point", "coordinates": [ 46.842666625976562, 24.734170913696289 ] } },
{ "type": "Feature", "properties": { "name": "المشيطي للحلويات", "categories": "Dessert Shop", "address": "الرياض, المملكة العربية السعودية", "price": "Cheap", "likes": 0.0, "photos": "2", "tips": "0", "rating": null, "ratingSignals": null, "NEIGHBORHANAME": "النسيم الشرقي", "NEIGHBORHENAME": "EAST AN-NASEEM", "lon": 46.842903, "lat": 24.729915, "rating_range": null }, "geometry": { "type": "Point", "coordinates": [ 46.842903, 24.729915 ] } },
{ "type": "Feature", "properties": { "name": "Krispy Kreme", "categories": "Donut Shop, Coffee Shop", "address": "Al Othaim Mall (Khurais Rd.), الرياض, المملكة العربية السعودية", "price": "Cheap", "likes": 0.0, "photos": "0", "tips": "0", "rating": null, "ratingSignals": null, "NEIGHBORHANAME": "النسيم الشرقي", "NEIGHBORHENAME": "EAST AN-NASEEM", "lon": 46.843366954605429, "lat": 24.730622315792967, "rating_range": null }, "geometry": { "type": "Point", "coordinates": [ 46.843366954605429, 24.730622315792967 ] } },
{ "type": "Feature", "properties": { "name": "Kanafani", "categories": "Dessert Shop", "address": "الرياض 14243, المملكة العربية السعودية", "price": "Cheap", "likes": 1.0, "photos": "0", "tips": "0", "rating": null, "ratingSignals": null, "NEIGHBORHANAME": "النسيم الشرقي", "NEIGHBORHENAME": "EAST AN-NASEEM", "lon": 46.847486, "lat": 24.733168, "rating_range": null }, "geometry": { "type": "Point", "coordinates": [ 46.847486, 24.733168 ] } },
{ "type": "Feature", "properties": { "name": "Burger King", "categories": "Fast Food Restaurant", "address": "أبو الأسود, المملكة العربية السعودية", "price": "Moderate", "likes": 1.0, "photos": "2", "tips": "0", "rating": null, "ratingSignals": null, "NEIGHBORHANAME": "النسيم الشرقي", "NEIGHBORHENAME": "EAST AN-NASEEM", "lon": 46.850232921786954, "lat": 24.733514007232102, "rating_range": null }, "geometry": { "type": "Point", "coordinates": [ 46.850232921786954, 24.733514007232102 ] } },
{ "type": "Feature", "properties": { "name": "Burger King - Naseem", "categories": "Burger Joint", "address": "Abi Al Aswad Ad Duali Rd, Opposite Abu Bakr Al Seddik Mosque, An Nasim Ash Sharqi, الرياض 14243, المملكة العربية السعودية", "price": "Cheap", "likes": 0.0, "photos": "0", "tips": "0", "rating": null, "ratingSignals": null, "NEIGHBORHANAME": "النسيم الشرقي", "NEIGHBORHENAME": "EAST AN-NASEEM", "lon": 46.848132, "lat": 24.732091, "rating_range": null }, "geometry": { "type": "Point", "coordinates": [ 46.848132, 24.732091 ] } },
{ "type": "Feature", "properties": { "name": "مطعم كودو ، طلبات السيارة  , kudu", "categories": "Fast Food Restaurant", "address": "المملكة العربية السعودية", "price": "Cheap", "likes": 0.0, "photos": "0", "tips": "0", "rating": null, "ratingSignals": null, "NEIGHBORHANAME": "جامعة الملك سعود", "NEIGHBORHENAME": "KING SAUD UNIVERSITY", "lon": 46.620880645013827, "lat": 24.735255764935751, "rating_range": null }, "geometry": { "type": "Point", "coordinates": [ 46.620880645013827, 24.735255764935751 ] } },
{ "type": "Feature", "properties": { "name": "Sultan Coffee (سلطان القهوة)", "categories": "Coffee Shop", "address": "المملكة العربية السعودية", "price": "Cheap", "likes": 0.0, "photos": "0", "tips": "0", "rating": null, "ratingSignals": null, "NEIGHBORHANAME": "جامعة الملك سعود", "NEIGHBORHENAME": "KING SAUD UNIVERSITY", "lon": 46.622868564108295, "lat": 24.73698054365709, "rating_range": null }, "geometry": { "type": "Point", "coordinates": [ 46.622868564108295, 24.73698054365709 ] } },
{ "type": "Feature", "properties": { "name": "66 Cups", "categories": "Coffee Shop", "address": "Prince Turki Al Awwal Rd., الرياض 12373, المملكة العربية السعودية", "price": "Cheap", "likes": 6064.0, "photos": "17997", "tips": "423", "rating": 8.7, "ratingSignals": 3704.0, "NEIGHBORHANAME": "جامعة الملك سعود", "NEIGHBORHENAME": "KING SAUD UNIVERSITY", "lon": 46.631424501337712, "lat": 24.735953457299118, "rating_range": "High (8–10)" }, "geometry": { "type": "Point", "coordinates": [ 46.631424501337712, 24.735953457299118 ] } },
{ "type": "Feature", "properties": { "name": "OVER DOSE", "categories": "Coffee Shop", "address": "Prince Turki Al Awwal Rd., الرياض 12373, المملكة العربية السعودية", "price": "Cheap", "likes": 999.0, "photos": "14167", "tips": "158", "rating": 8.2, "ratingSignals": 1327.0, "NEIGHBORHANAME": "جامعة الملك سعود", "NEIGHBORHENAME": "KING SAUD UNIVERSITY", "lon": 46.630697, "lat": 24.736811, "rating_range": "High (8–10)" }, "geometry": { "type": "Point", "coordinates": [ 46.630697, 24.736811 ] } },
{ "type": "Feature", "properties": { "name": "Falla", "categories": "Burger Joint", "address": "Prince Turki Bin Abdulaziz Alawwal Rd, الرياض, المملكة العربية السعودية", "price": "Cheap", "likes": 356.0, "photos": "3936", "tips": "96", "rating": 8.2, "ratingSignals": 472.0, "NEIGHBORHANAME": "جامعة الملك سعود", "NEIGHBORHENAME": "KING SAUD UNIVERSITY", "lon": 46.628952, "lat": 24.737893, "rating_range": "High (8–10)" }, "geometry": { "type": "Point", "coordinates": [ 46.628952, 24.737893 ] } },
{ "type": "Feature", "properties": { "name": "Surround (سراوند)", "categories": "Breakfast Spot, Burger Joint", "address": "Prince Turki Al Awwal Rd., الرياض 12373, المملكة العربية السعودية", "price": "Cheap", "likes": 3225.0, "photos": "4353", "tips": "366", "rating": 8.9, "ratingSignals": 2009.0, "NEIGHBORHANAME": "جامعة الملك سعود", "NEIGHBORHENAME": "KING SAUD UNIVERSITY", "lon": 46.627948, "lat": 24.73921, "rating_range": "High (8–10)" }, "geometry": { "type": "Point", "coordinates": [ 46.627948, 24.73921 ] } },
{ "type": "Feature", "properties": { "name": "Joe’s Cafe", "categories": "Coffee Shop, Restaurant", "address": "Prince Turki Alawwal Rd, الرياض 12373, المملكة العربية السعودية", "price": "Cheap", "likes": 590.0, "photos": "5619", "tips": "153", "rating": 8.0, "ratingSignals": 830.0, "NEIGHBORHANAME": "جامعة الملك سعود", "NEIGHBORHENAME": "KING SAUD UNIVERSITY", "lon": 46.628057, "lat": 24.739293, "rating_range": "High (8–10)" }, "geometry": { "type": "Point", "coordinates": [ 46.628057, 24.739293 ] } },
{ "type": "Feature", "properties": { "name": "EPi", "categories": "Coffee Shop", "address": "Prince Turki street, الرياض 12373, المملكة العربية السعودية", "price": "Cheap", "likes": 371.0, "photos": "4403", "tips": "93", "rating": 8.4, "ratingSignals": 478.0, "NEIGHBORHANAME": "جامعة الملك سعود", "NEIGHBORHENAME": "KING SAUD UNIVERSITY", "lon": 46.63088, "lat": 24.737066, "rating_range": "High (8–10)" }, "geometry": { "type": "Point", "coordinates": [ 46.63088, 24.737066 ] } },
{ "type": "Feature", "properties": { "name": "Draft Café", "categories": "Coffee Shop", "address": "Turki Alawal, الرياض 12373, المملكة العربية السعودية", "price": "Cheap", "likes": 744.0, "photos": "7093", "tips": "113", "rating": 8.8, "ratingSignals": 922.0, "NEIGHBORHANAME": "جامعة الملك سعود", "NEIGHBORHENAME": "KING SAUD UNIVERSITY", "lon": 46.62818, "lat": 24.738817, "rating_range": "High (8–10)" }, "geometry": { "type": "Point", "coordinates": [ 46.62818, 24.738817 ] } },
{ "type": "Feature", "properties": { "name": "Bicicleta (بسكلته)", "categories": "Coffee Shop", "address": "U-Walk, الرياض 12373, المملكة العربية السعودية", "price": "Cheap", "likes": 432.0, "photos": "3984", "tips": "90", "rating": 9.0, "ratingSignals": 519.0, "NEIGHBORHANAME": "جامعة الملك سعود", "NEIGHBORHENAME": "KING SAUD UNIVERSITY", "lon": 46.630348, "lat": 24.736767, "rating_range": "High (8–10)" }, "geometry": { "type": "Point", "coordinates": [ 46.630348, 24.736767 ] } },
{ "type": "Feature", "properties": { "name": "Bait Ward (بيت ورد)", "categories": "Lebanese Restaurant", "address": "U Walk, الرياض 12373, المملكة العربية السعودية", "price": null, "likes": 298.0, "photos": "1606", "tips": "102", "rating": 7.5, "ratingSignals": 436.0, "NEIGHBORHANAME": "جامعة الملك سعود", "NEIGHBORHENAME": "KING SAUD UNIVERSITY", "lon": 46.627711, "lat": 24.739504, "rating_range": "High (8–10)" }, "geometry": { "type": "Point", "coordinates": [ 46.627711, 24.739504 ] } },
{ "type": "Feature", "properties": { "name": "phi boutique (فاي بوتيك)", "categories": "Restaurant", "address": "U walk, الرياض 12373, المملكة العربية السعودية", "price": "Moderate", "likes": 192.0, "photos": "1656", "tips": "64", "rating": 8.2, "ratingSignals": 251.0, "NEIGHBORHANAME": "جامعة الملك سعود", "NEIGHBORHENAME": "KING SAUD UNIVERSITY", "lon": 46.629644, "lat": 24.736566, "rating_range": "High (8–10)" }, "geometry": { "type": "Point", "coordinates": [ 46.629644, 24.736566 ] } },
{ "type": "Feature", "properties": { "name": "Solia", "categories": "Restaurant", "address": "الرياض 12373, المملكة العربية السعودية", "price": "Moderate", "likes": 124.0, "photos": "1149", "tips": "68", "rating": 6.6, "ratingSignals": 188.0, "NEIGHBORHANAME": "جامعة الملك سعود", "NEIGHBORHENAME": "KING SAUD UNIVERSITY", "lon": 46.627688, "lat": 24.739323, "rating_range": "Medium (4–7)" }, "geometry": { "type": "Point", "coordinates": [ 46.627688, 24.739323 ] } },
{ "type": "Feature", "properties": { "name": "OLÉ", "categories": "Coffee Shop", "address": "UWalk, الرياض 12373, المملكة العربية السعودية", "price": "Cheap", "likes": 184.0, "photos": "1790", "tips": "77", "rating": 8.4, "ratingSignals": 217.0, "NEIGHBORHANAME": "جامعة الملك سعود", "NEIGHBORHENAME": "KING SAUD UNIVERSITY", "lon": 46.63081, "lat": 24.736268, "rating_range": "High (8–10)" }, "geometry": { "type": "Point", "coordinates": [ 46.63081, 24.736268 ] } },
{ "type": "Feature", "properties": { "name": "The Art Cafe", "categories": "Coffee Shop", "address": "الرياض 12373, المملكة العربية السعودية", "price": "Cheap", "likes": 113.0, "photos": "1873", "tips": "29", "rating": 8.0, "ratingSignals": 146.0, "NEIGHBORHANAME": "جامعة الملك سعود", "NEIGHBORHENAME": "KING SAUD UNIVERSITY", "lon": 46.62913, "lat": 24.738555, "rating_range": "High (8–10)" }, "geometry": { "type": "Point", "coordinates": [ 46.62913, 24.738555 ] } },
{ "type": "Feature", "properties": { "name": "Montreux House (Montreux | مونترو)", "categories": "Café, Pastry Shop, Bakery", "address": "Prince Turki Alawal, الرياض 12373, المملكة العربية السعودية", "price": "Cheap", "likes": 63.0, "photos": "675", "tips": "19", "rating": 8.0, "ratingSignals": 78.0, "NEIGHBORHANAME": "جامعة الملك سعود", "NEIGHBORHENAME": "KING SAUD UNIVERSITY", "lon": 46.628705, "lat": 24.737593, "rating_range": "High (8–10)" }, "geometry": { "type": "Point", "coordinates": [ 46.628705, 24.737593 ] } },
{ "type": "Feature", "properties": { "name": "3٤", "categories": "Café, Restaurant", "address": "U Walk (Turki Alawwal), الرياض 12373, المملكة العربية السعودية", "price": "Cheap", "likes": 159.0, "photos": "1001", "tips": "46", "rating": 8.9, "ratingSignals": 188.0, "NEIGHBORHANAME": "جامعة الملك سعود", "NEIGHBORHENAME": "KING SAUD UNIVERSITY", "lon": 46.630541, "lat": 24.736776, "rating_range": "High (8–10)" }, "geometry": { "type": "Point", "coordinates": [ 46.630541, 24.736776 ] } },
{ "type": "Feature", "properties": { "name": "Caffe Concerto", "categories": "Coffee Shop", "address": "U Walk (Prince Turki Alawl), الرياض 12373, المملكة العربية السعودية", "price": "Cheap", "likes": 57.0, "photos": "629", "tips": "12", "rating": 7.3, "ratingSignals": 85.0, "NEIGHBORHANAME": "جامعة الملك سعود", "NEIGHBORHENAME": "KING SAUD UNIVERSITY", "lon": 46.631017, "lat": 24.736228, "rating_range": "High (8–10)" }, "geometry": { "type": "Point", "coordinates": [ 46.631017, 24.736228 ] } },
{ "type": "Feature", "properties": { "name": "Molten Chocolate Cafe", "categories": "Coffee Shop", "address": "الرياض, المملكة العربية السعودية", "price": "Cheap", "likes": 94.0, "photos": "862", "tips": "17", "rating": 7.7, "ratingSignals": 131.0, "NEIGHBORHANAME": "جامعة الملك سعود", "NEIGHBORHENAME": "KING SAUD UNIVERSITY", "lon": 46.629308, "lat": 24.738303, "rating_range": "High (8–10)" }, "geometry": { "type": "Point", "coordinates": [ 46.629308, 24.738303 ] } },
{ "type": "Feature", "properties": { "name": "Thoughts (ثوتس)", "categories": "Coffee Shop", "address": "Prince Turki Ibn Abdulaziz At U WALK, الرياض, المملكة العربية السعودية", "price": "Cheap", "likes": 74.0, "photos": "468", "tips": "20", "rating": 8.4, "ratingSignals": 85.0, "NEIGHBORHANAME": "جامعة الملك سعود", "NEIGHBORHENAME": "KING SAUD UNIVERSITY", "lon": 46.628398597240441, "lat": 24.739196978767932, "rating_range": "High (8–10)" }, "geometry": { "type": "Point", "coordinates": [ 46.628398597240441, 24.739196978767932 ] } },
{ "type": "Feature", "properties": { "name": "Khaneen (خنين)", "categories": "Middle Eastern Restaurant", "address": "Prince Turki Bin Abdulaziz Al Aweal Rd, الرياض 12373, المملكة العربية السعودية", "price": "Moderate", "likes": 47.0, "photos": "498", "tips": "29", "rating": 7.9, "ratingSignals": 62.0, "NEIGHBORHANAME": "جامعة الملك سعود", "NEIGHBORHENAME": "KING SAUD UNIVERSITY", "lon": 46.628951, "lat": 24.738181, "rating_range": "High (8–10)" }, "geometry": { "type": "Point", "coordinates": [ 46.628951, 24.738181 ] } },
{ "type": "Feature", "properties": { "name": "Bayaz Restaurant", "categories": "Middle Eastern Restaurant", "address": "Prince Turki Ibn Abdulaziz Al Awwal Rd (King Saud), الرياض, المملكة العربية السعودية", "price": "Moderate", "likes": 138.0, "photos": "823", "tips": "87", "rating": 6.4, "ratingSignals": 281.0, "NEIGHBORHANAME": "جامعة الملك سعود", "NEIGHBORHENAME": "KING SAUD UNIVERSITY", "lon": 46.629141, "lat": 24.73854, "rating_range": "Medium (4–7)" }, "geometry": { "type": "Point", "coordinates": [ 46.629141, 24.73854 ] } },
{ "type": "Feature", "properties": { "name": "Patchi Café", "categories": "Dessert Shop, Café, Chocolate Shop", "address": "Turki Ibn Abdulaziz Alawwal, الرياض 12373, المملكة العربية السعودية", "price": "Cheap", "likes": 9.0, "photos": "117", "tips": "5", "rating": 8.1, "ratingSignals": 7.0, "NEIGHBORHANAME": "جامعة الملك سعود", "NEIGHBORHENAME": "KING SAUD UNIVERSITY", "lon": 46.629727, "lat": 24.737867, "rating_range": "High (8–10)" }, "geometry": { "type": "Point", "coordinates": [ 46.629727, 24.737867 ] } },
{ "type": "Feature", "properties": { "name": "Chim Choc", "categories": "Café, Lounge, Coffee Shop", "address": "Uwalk, الرياض 12373, المملكة العربية السعودية", "price": "Cheap", "likes": 18.0, "photos": "179", "tips": "15", "rating": 8.1, "ratingSignals": 26.0, "NEIGHBORHANAME": "جامعة الملك سعود", "NEIGHBORHENAME": "KING SAUD UNIVERSITY", "lon": 46.631174683570862, "lat": 24.735693901761927, "rating_range": "High (8–10)" }, "geometry": { "type": "Point", "coordinates": [ 46.631174683570862, 24.735693901761927 ] } },
{ "type": "Feature", "properties": { "name": "OVER DOSE at U Walk", "categories": "Coffee Shop", "address": "Prince Turki Ibn Abdulaziz Al Awwal Rd, King Saud University, Riyadh 12373, الرياض 12373, المملكة العربية السعودية", "price": "Cheap", "likes": 9.0, "photos": "35", "tips": "6", "rating": 7.8, "ratingSignals": 11.0, "NEIGHBORHANAME": "جامعة الملك سعود", "NEIGHBORHENAME": "KING SAUD UNIVERSITY", "lon": 46.630726, "lat": 24.736981, "rating_range": "High (8–10)" }, "geometry": { "type": "Point", "coordinates": [ 46.630726, 24.736981 ] } },
{ "type": "Feature", "properties": { "name": "The Coffee Club", "categories": "Coffee Shop", "address": "الرياض 12373, المملكة العربية السعودية", "price": "Cheap", "likes": 38.0, "photos": "327", "tips": "19", "rating": 6.9, "ratingSignals": 69.0, "NEIGHBORHANAME": "جامعة الملك سعود", "NEIGHBORHENAME": "KING SAUD UNIVERSITY", "lon": 46.629148, "lat": 24.738454, "rating_range": "Medium (4–7)" }, "geometry": { "type": "Point", "coordinates": [ 46.629148, 24.738454 ] } },
{ "type": "Feature", "properties": { "name": "Cilicia Restaurant", "categories": "Portuguese Restaurant", "address": "الرياض, المملكة العربية السعودية", "price": "Moderate", "likes": 82.0, "photos": "322", "tips": "58", "rating": 8.0, "ratingSignals": 121.0, "NEIGHBORHANAME": "جامعة الملك سعود", "NEIGHBORHENAME": "KING SAUD UNIVERSITY", "lon": 46.628967, "lat": 24.738488, "rating_range": "High (8–10)" }, "geometry": { "type": "Point", "coordinates": [ 46.628967, 24.738488 ] } },
{ "type": "Feature", "properties": { "name": "kahve dünyasi", "categories": "Coffee Shop", "address": "الملك سعود (تركي الاول), الرياض 12373, المملكة العربية السعودية", "price": "Cheap", "likes": 1.0, "photos": "15", "tips": "0", "rating": 7.8, "ratingSignals": 2.0, "NEIGHBORHANAME": "جامعة الملك سعود", "NEIGHBORHENAME": "KING SAUD UNIVERSITY", "lon": 46.631426, "lat": 24.736055, "rating_range": "High (8–10)" }, "geometry": { "type": "Point", "coordinates": [ 46.631426, 24.736055 ] } },
{ "type": "Feature", "properties": { "name": "سيليسيا", "categories": "Middle Eastern Restaurant", "address": "سيليسيا جادة الجامعه, الرياض 12384, المملكة العربية السعودية", "price": "Moderate", "likes": 15.0, "photos": "92", "tips": "5", "rating": 6.9, "ratingSignals": 23.0, "NEIGHBORHANAME": "جامعة الملك سعود", "NEIGHBORHENAME": "KING SAUD UNIVERSITY", "lon": 46.62767, "lat": 24.739307, "rating_range": "Medium (4–7)" }, "geometry": { "type": "Point", "coordinates": [ 46.62767, 24.739307 ] } },
{ "type": "Feature", "properties": { "name": "Azen", "categories": "Asian Restaurant", "address": "الرياض 12373, المملكة العربية السعودية", "price": "Moderate", "likes": 2.0, "photos": "34", "tips": "0", "rating": null, "ratingSignals": null, "NEIGHBORHANAME": "جامعة الملك سعود", "NEIGHBORHENAME": "KING SAUD UNIVERSITY", "lon": 46.630715, "lat": 24.736607, "rating_range": null }, "geometry": { "type": "Point", "coordinates": [ 46.630715, 24.736607 ] } },
{ "type": "Feature", "properties": { "name": ".", "categories": "Coffee Shop", "address": "الرياض 12373, المملكة العربية السعودية", "price": "Cheap", "likes": 0.0, "photos": "0", "tips": "0", "rating": null, "ratingSignals": null, "NEIGHBORHANAME": "جامعة الملك سعود", "NEIGHBORHENAME": "KING SAUD UNIVERSITY", "lon": 46.630897, "lat": 24.736938, "rating_range": null }, "geometry": { "type": "Point", "coordinates": [ 46.630897, 24.736938 ] } },
{ "type": "Feature", "properties": { "name": "4", "categories": "Italian Restaurant", "address": "U Walk, الرياض 12373, المملكة العربية السعودية", "price": "Moderate", "likes": 0.0, "photos": "16", "tips": "0", "rating": null, "ratingSignals": null, "NEIGHBORHANAME": "جامعة الملك سعود", "NEIGHBORHENAME": "KING SAUD UNIVERSITY", "lon": 46.630174, "lat": 24.737101, "rating_range": null }, "geometry": { "type": "Point", "coordinates": [ 46.630174, 24.737101 ] } },
{ "type": "Feature", "properties": { "name": "يوووك", "categories": "Theme Restaurant", "address": "الرياض 12373, المملكة العربية السعودية", "price": null, "likes": 1.0, "photos": "4", "tips": "0", "rating": null, "ratingSignals": null, "NEIGHBORHANAME": "جامعة الملك سعود", "NEIGHBORHENAME": "KING SAUD UNIVERSITY", "lon": 46.629472, "lat": 24.738286, "rating_range": null }, "geometry": { "type": "Point", "coordinates": [ 46.629472, 24.738286 ] } },
{ "type": "Feature", "properties": { "name": "CAF Cafe", "categories": "Coffee Shop", "address": "U Walk (Prince Turki bin Abdulaziz Rd), الرياض 12373, المملكة العربية السعودية", "price": "Cheap", "likes": 10.0, "photos": "96", "tips": "2", "rating": 7.7, "ratingSignals": 13.0, "NEIGHBORHANAME": "جامعة الملك سعود", "NEIGHBORHENAME": "KING SAUD UNIVERSITY", "lon": 46.629646, "lat": 24.738006, "rating_range": "High (8–10)" }, "geometry": { "type": "Point", "coordinates": [ 46.629646, 24.738006 ] } },
{ "type": "Feature", "properties": { "name": "Dose", "categories": "Coffee Shop", "address": "الرياض 12373, المملكة العربية السعودية", "price": "Cheap", "likes": 0.0, "photos": "5", "tips": "0", "rating": null, "ratingSignals": null, "NEIGHBORHANAME": "جامعة الملك سعود", "NEIGHBORHENAME": "KING SAUD UNIVERSITY", "lon": 46.630896, "lat": 24.736944, "rating_range": null }, "geometry": { "type": "Point", "coordinates": [ 46.630896, 24.736944 ] } },
{ "type": "Feature", "properties": { "name": "OverJar", "categories": "Dessert Shop, Café", "address": "الرياض 12373, المملكة العربية السعودية", "price": "Cheap", "likes": 0.0, "photos": "0", "tips": "0", "rating": null, "ratingSignals": null, "NEIGHBORHANAME": "جامعة الملك سعود", "NEIGHBORHENAME": "KING SAUD UNIVERSITY", "lon": 46.627854, "lat": 24.739493, "rating_range": null }, "geometry": { "type": "Point", "coordinates": [ 46.627854, 24.739493 ] } },
{ "type": "Feature", "properties": { "name": "HUQQA", "categories": "Turkish Restaurant, Hookah Bar, Café", "address": "Prince Turki Alawwal St, الرياض 12373, المملكة العربية السعودية", "price": "Moderate", "likes": 0.0, "photos": "1", "tips": "0", "rating": null, "ratingSignals": null, "NEIGHBORHANAME": "جامعة الملك سعود", "NEIGHBORHENAME": "KING SAUD UNIVERSITY", "lon": 46.627365, "lat": 24.738512, "rating_range": null }, "geometry": { "type": "Point", "coordinates": [ 46.627365, 24.738512 ] } },
{ "type": "Feature", "properties": { "name": "Best Salads", "categories": "Food Truck", "address": "الرياض, المملكة العربية السعودية", "price": "Cheap", "likes": 1.0, "photos": "0", "tips": "0", "rating": null, "ratingSignals": null, "NEIGHBORHANAME": "جامعة الملك سعود", "NEIGHBORHENAME": "KING SAUD UNIVERSITY", "lon": 46.630576033042537, "lat": 24.73707433689588, "rating_range": null }, "geometry": { "type": "Point", "coordinates": [ 46.630576033042537, 24.73707433689588 ] } },
{ "type": "Feature", "properties": { "name": "Hakkasan", "categories": "Chinese Restaurant", "address": "الرياض, المملكة العربية السعودية", "price": "Cheap", "likes": 1.0, "photos": "6", "tips": "0", "rating": null, "ratingSignals": null, "NEIGHBORHANAME": "جامعة الملك سعود", "NEIGHBORHENAME": "KING SAUD UNIVERSITY", "lon": 46.62872314453125, "lat": 24.738490524728643, "rating_range": null }, "geometry": { "type": "Point", "coordinates": [ 46.62872314453125, 24.738490524728643 ] } },
{ "type": "Feature", "properties": { "name": "Rōla Wala", "categories": "Indian Restaurant", "address": "الرياض 12373, المملكة العربية السعودية", "price": "Moderate", "likes": 1.0, "photos": "0", "tips": "0", "rating": null, "ratingSignals": null, "NEIGHBORHANAME": "جامعة الملك سعود", "NEIGHBORHENAME": "KING SAUD UNIVERSITY", "lon": 46.629421, "lat": 24.738191, "rating_range": null }, "geometry": { "type": "Point", "coordinates": [ 46.629421, 24.738191 ] } },
{ "type": "Feature", "properties": { "name": "chimney cake", "categories": "Bakery", "address": "Uwalk, الرياض 12373, المملكة العربية السعودية", "price": "Cheap", "likes": 1.0, "photos": "0", "tips": "1", "rating": null, "ratingSignals": null, "NEIGHBORHANAME": "جامعة الملك سعود", "NEIGHBORHENAME": "KING SAUD UNIVERSITY", "lon": 46.631065, "lat": 24.735931, "rating_range": null }, "geometry": { "type": "Point", "coordinates": [ 46.631065, 24.735931 ] } },
{ "type": "Feature", "properties": { "name": "BOA Steakhouse", "categories": "Steakhouse", "address": "الرياض 12373, المملكة العربية السعودية", "price": "Very Expensive", "likes": 1.0, "photos": "0", "tips": "1", "rating": null, "ratingSignals": null, "NEIGHBORHANAME": "جامعة الملك سعود", "NEIGHBORHENAME": "KING SAUD UNIVERSITY", "lon": 46.627688, "lat": 24.7392, "rating_range": null }, "geometry": { "type": "Point", "coordinates": [ 46.627688, 24.7392 ] } },
{ "type": "Feature", "properties": { "name": "Nusr.Et", "categories": "Steakhouse", "address": "الرياض 12373, المملكة العربية السعودية", "price": "Very Expensive", "likes": 1.0, "photos": "0", "tips": "0", "rating": null, "ratingSignals": null, "NEIGHBORHANAME": "جامعة الملك سعود", "NEIGHBORHENAME": "KING SAUD UNIVERSITY", "lon": 46.627677, "lat": 24.739262, "rating_range": null }, "geometry": { "type": "Point", "coordinates": [ 46.627677, 24.739262 ] } },
{ "type": "Feature", "properties": { "name": "Courtyard Marriott Tent", "categories": "Food Court", "address": "الرياض 12373, المملكة العربية السعودية", "price": null, "likes": 0.0, "photos": "0", "tips": "0", "rating": null, "ratingSignals": null, "NEIGHBORHANAME": "جامعة الملك سعود", "NEIGHBORHENAME": "KING SAUD UNIVERSITY", "lon": 46.626546, "lat": 24.73943, "rating_range": null }, "geometry": { "type": "Point", "coordinates": [ 46.626546, 24.73943 ] } },
{ "type": "Feature", "properties": { "name": "ONNO", "categories": "Lebanese Restaurant, Bistro", "address": "الرياض 12373, المملكة العربية السعودية", "price": null, "likes": 0.0, "photos": "0", "tips": "0", "rating": null, "ratingSignals": null, "NEIGHBORHANAME": "جامعة الملك سعود", "NEIGHBORHENAME": "KING SAUD UNIVERSITY", "lon": 46.628863, "lat": 24.737932, "rating_range": null }, "geometry": { "type": "Point", "coordinates": [ 46.628863, 24.737932 ] } },
{ "type": "Feature", "properties": { "name": "Villa Mamas", "categories": "Restaurant", "address": "الرياض 12373, المملكة العربية السعودية", "price": "Moderate", "likes": 0.0, "photos": "0", "tips": "0", "rating": null, "ratingSignals": null, "NEIGHBORHANAME": "جامعة الملك سعود", "NEIGHBORHENAME": "KING SAUD UNIVERSITY", "lon": 46.628165, "lat": 24.738396, "rating_range": null }, "geometry": { "type": "Point", "coordinates": [ 46.628165, 24.738396 ] } },
{ "type": "Feature", "properties": { "name": "Uno", "categories": "Pizza Place, Italian Restaurant", "address": "جادة الجامعة, الرياض 12373, المملكة العربية السعودية", "price": "Cheap", "likes": 0.0, "photos": "0", "tips": "0", "rating": null, "ratingSignals": null, "NEIGHBORHANAME": "جامعة الملك سعود", "NEIGHBORHENAME": "KING SAUD UNIVERSITY", "lon": 46.629172, "lat": 24.738215, "rating_range": null }, "geometry": { "type": "Point", "coordinates": [ 46.629172, 24.738215 ] } },
{ "type": "Feature", "properties": { "name": "قهوة عزمي", "categories": "Coffee Shop", "address": "الامير تركي الأول, الرياض 12373, المملكة العربية السعودية", "price": "Cheap", "likes": 0.0, "photos": "0", "tips": "0", "rating": null, "ratingSignals": null, "NEIGHBORHANAME": "جامعة الملك سعود", "NEIGHBORHENAME": "KING SAUD UNIVERSITY", "lon": 46.628234, "lat": 24.738869, "rating_range": null }, "geometry": { "type": "Point", "coordinates": [ 46.628234, 24.738869 ] } },
{ "type": "Feature", "properties": { "name": "Takeaway", "categories": "Coffee Shop", "address": "Prince Turki Ibn Abdulaziz Al Awwal Rd, King Saud University, Riyadh 12373, الرياض 12373, المملكة العربية السعودية", "price": "Cheap", "likes": 0.0, "photos": "0", "tips": "0", "rating": null, "ratingSignals": null, "NEIGHBORHANAME": "جامعة الملك سعود", "NEIGHBORHENAME": "KING SAUD UNIVERSITY", "lon": 46.628376, "lat": 24.739074, "rating_range": null }, "geometry": { "type": "Point", "coordinates": [ 46.628376, 24.739074 ] } },
{ "type": "Feature", "properties": { "name": "Seattle’s Best Coffee (سياتل بست كوفي)", "categories": "Coffee Shop", "address": "الرياض 12373, المملكة العربية السعودية", "price": "Cheap", "likes": 12.0, "photos": "37", "tips": "1", "rating": 8.5, "ratingSignals": 10.0, "NEIGHBORHANAME": "جامعة الملك سعود", "NEIGHBORHENAME": "KING SAUD UNIVERSITY", "lon": 46.631352, "lat": 24.736451, "rating_range": "High (8–10)" }, "geometry": { "type": "Point", "coordinates": [ 46.631352, 24.736451 ] } },
{ "type": "Feature", "properties": { "name": "Emirgan Sütiş", "categories": "Turkish Restaurant", "address": "الرياض, المملكة العربية السعودية", "price": "Moderate", "likes": 0.0, "photos": "0", "tips": "0", "rating": null, "ratingSignals": null, "NEIGHBORHANAME": "جامعة الملك سعود", "NEIGHBORHENAME": "KING SAUD UNIVERSITY", "lon": 46.631622, "lat": 24.736413, "rating_range": null }, "geometry": { "type": "Point", "coordinates": [ 46.631622, 24.736413 ] } },
{ "type": "Feature", "properties": { "name": "الريف اللبناني", "categories": "Lebanese Restaurant", "address": "المملكة العربية السعودية", "price": null, "likes": 6.0, "photos": "3", "tips": "1", "rating": 6.8, "ratingSignals": 8.0, "NEIGHBORHANAME": "الورود", "NEIGHBORHENAME": "AL-WOROUD", "lon": 46.6826532, "lat": 24.735565, "rating_range": "Medium (4–7)" }, "geometry": { "type": "Point", "coordinates": [ 46.6826532, 24.735565 ] } },
{ "type": "Feature", "properties": { "name": "Pizza Inn - King Abdullah Rd", "categories": "Pizza Place", "address": "King Abdullah Rd., المملكة العربية السعودية", "price": "Cheap", "likes": 10.0, "photos": "23", "tips": "14", "rating": 5.4, "ratingSignals": 27.0, "NEIGHBORHANAME": "الورود", "NEIGHBORHENAME": "AL-WOROUD", "lon": 46.677088592567813, "lat": 24.73251979090395, "rating_range": "Medium (4–7)" }, "geometry": { "type": "Point", "coordinates": [ 46.677088592567813, 24.73251979090395 ] } },
{ "type": "Feature", "properties": { "name": "AlTazaj (الطازج)", "categories": "Fried Chicken Joint, BBQ Joint", "address": "King Abdullah Rd., الرياض, المملكة العربية السعودية", "price": "Cheap", "likes": 384.0, "photos": "82", "tips": "63", "rating": 8.1, "ratingSignals": 518.0, "NEIGHBORHANAME": "الورود", "NEIGHBORHENAME": "AL-WOROUD", "lon": 46.68319706677007, "lat": 24.735725062565411, "rating_range": "High (8–10)" }, "geometry": { "type": "Point", "coordinates": [ 46.68319706677007, 24.735725062565411 ] } },
{ "type": "Feature", "properties": { "name": "Garden Resturant (مطعم الحديقة)", "categories": "Indian Chinese Restaurant", "address": "Al woroud district (King Abdullah Road), الرياض 11425, المملكة العربية السعودية", "price": null, "likes": 44.0, "photos": "50", "tips": "14", "rating": 6.9, "ratingSignals": 71.0, "NEIGHBORHANAME": "الورود", "NEIGHBORHENAME": "AL-WOROUD", "lon": 46.683543744614155, "lat": 24.735659204232824, "rating_range": "Medium (4–7)" }, "geometry": { "type": "Point", "coordinates": [ 46.683543744614155, 24.735659204232824 ] } },
{ "type": "Feature", "properties": { "name": "Durrat China (درة الصين)", "categories": "Chinese Restaurant", "address": "طريق الملك عبد الله | King Abdullah Rd., الرياض, المملكة العربية السعودية", "price": "Cheap", "likes": 58.0, "photos": "87", "tips": "37", "rating": 5.5, "ratingSignals": 130.0, "NEIGHBORHANAME": "الورود", "NEIGHBORHENAME": "AL-WOROUD", "lon": 46.683321082550499, "lat": 24.735651425887475, "rating_range": "Medium (4–7)" }, "geometry": { "type": "Point", "coordinates": [ 46.683321082550499, 24.735651425887475 ] } },
{ "type": "Feature", "properties": { "name": "The Garden", "categories": "Indian Chinese Restaurant", "address": "King Abdullah Rd, الرياض, المملكة العربية السعودية", "price": null, "likes": 1.0, "photos": "0", "tips": "0", "rating": null, "ratingSignals": null, "NEIGHBORHANAME": "الورود", "NEIGHBORHENAME": "AL-WOROUD", "lon": 46.683557, "lat": 24.735472, "rating_range": null }, "geometry": { "type": "Point", "coordinates": [ 46.683557, 24.735472 ] } },
{ "type": "Feature", "properties": { "name": "لازورد", "categories": "Dessert Shop", "address": "12254, المملكة العربية السعودية", "price": "Cheap", "likes": 0.0, "photos": "0", "tips": "0", "rating": null, "ratingSignals": null, "NEIGHBORHANAME": "الورود", "NEIGHBORHENAME": "AL-WOROUD", "lon": 46.685159, "lat": 24.734165, "rating_range": null }, "geometry": { "type": "Point", "coordinates": [ 46.685159, 24.734165 ] } },
{ "type": "Feature", "properties": { "name": "مطاعم توران", "categories": "Middle Eastern Restaurant", "address": "المملكة العربية السعودية", "price": "Moderate", "likes": 0.0, "photos": "0", "tips": "0", "rating": null, "ratingSignals": null, "NEIGHBORHANAME": "الورود", "NEIGHBORHENAME": "AL-WOROUD", "lon": 46.682604306224242, "lat": 24.731448395431556, "rating_range": null }, "geometry": { "type": "Point", "coordinates": [ 46.682604306224242, 24.731448395431556 ] } },
{ "type": "Feature", "properties": { "name": "Dar Bana/دار بانه", "categories": "Coffee Shop", "address": "المملكة العربية السعودية", "price": "Cheap", "likes": 0.0, "photos": "0", "tips": "0", "rating": null, "ratingSignals": null, "NEIGHBORHANAME": "الورود", "NEIGHBORHENAME": "AL-WOROUD", "lon": 46.687764, "lat": 24.730445, "rating_range": null }, "geometry": { "type": "Point", "coordinates": [ 46.687764, 24.730445 ] } },
{ "type": "Feature", "properties": { "name": "منطقة الليوان", "categories": "Restaurant", "address": "حياة مول, المملكة العربية السعودية", "price": "Moderate", "likes": 0.0, "photos": "0", "tips": "0", "rating": null, "ratingSignals": null, "NEIGHBORHANAME": "الورود", "NEIGHBORHENAME": "AL-WOROUD", "lon": 46.681543117978364, "lat": 24.734480627956113, "rating_range": null }, "geometry": { "type": "Point", "coordinates": [ 46.681543117978364, 24.734480627956113 ] } },
{ "type": "Feature", "properties": { "name": "ريف الرمانة", "categories": "Turkish Restaurant", "address": "8539, Hassan bin Thabit St., Eastern Nasim, الرياض, المملكة العربية السعودية", "price": "Moderate", "likes": 6.0, "photos": "21", "tips": "1", "rating": null, "ratingSignals": null, "NEIGHBORHANAME": "النسيم الشرقي", "NEIGHBORHENAME": "EAST AN-NASEEM", "lon": 46.831336, "lat": 24.73641, "rating_range": null }, "geometry": { "type": "Point", "coordinates": [ 46.831336, 24.73641 ] } },
{ "type": "Feature", "properties": { "name": "مطعم الفارس للمشويات", "categories": "Sandwich Place", "address": "المملكة العربية السعودية", "price": "Cheap", "likes": 1.0, "photos": "1", "tips": "0", "rating": null, "ratingSignals": null, "NEIGHBORHANAME": "النسيم الشرقي", "NEIGHBORHENAME": "EAST AN-NASEEM", "lon": 46.837177, "lat": 24.737438, "rating_range": null }, "geometry": { "type": "Point", "coordinates": [ 46.837177, 24.737438 ] } },
{ "type": "Feature", "properties": { "name": "فوال مسكت", "categories": "Restaurant", "address": "المملكة العربية السعودية", "price": "Moderate", "likes": 0.0, "photos": "1", "tips": "1", "rating": null, "ratingSignals": null, "NEIGHBORHANAME": "النسيم الشرقي", "NEIGHBORHENAME": "EAST AN-NASEEM", "lon": 46.835716595331668, "lat": 24.736751320458929, "rating_range": null }, "geometry": { "type": "Point", "coordinates": [ 46.835716595331668, 24.736751320458929 ] } },
{ "type": "Feature", "properties": { "name": "فلافل عرفه", "categories": "Falafel Restaurant", "address": "الحمزه, المملكة العربية السعودية", "price": "Cheap", "likes": 1.0, "photos": "0", "tips": "0", "rating": null, "ratingSignals": null, "NEIGHBORHANAME": "النسيم الشرقي", "NEIGHBORHENAME": "EAST AN-NASEEM", "lon": 46.83740234375, "lat": 24.737323760986328, "rating_range": null }, "geometry": { "type": "Point", "coordinates": [ 46.83740234375, 24.737323760986328 ] } },
{ "type": "Feature", "properties": { "name": "بروستد الدؤلي 2", "categories": "Fast Food Restaurant", "address": "النسيم (ابوالأسود الدؤلي), الرياض, المملكة العربية السعودية", "price": "Cheap", "likes": 17.0, "photos": "12", "tips": "2", "rating": 8.3, "ratingSignals": 20.0, "NEIGHBORHANAME": "النسيم الشرقي", "NEIGHBORHENAME": "EAST AN-NASEEM", "lon": 46.843990048654327, "lat": 24.737559929306606, "rating_range": "High (8–10)" }, "geometry": { "type": "Point", "coordinates": [ 46.843990048654327, 24.737559929306606 ] } },
{ "type": "Feature", "properties": { "name": "Brosted Fatayer Alatayyer Turkish Pizza", "categories": "Restaurant", "address": "المملكة العربية السعودية", "price": "Moderate", "likes": 4.0, "photos": "2", "tips": "0", "rating": null, "ratingSignals": null, "NEIGHBORHANAME": "النسيم الشرقي", "NEIGHBORHENAME": "EAST AN-NASEEM", "lon": 46.843075, "lat": 24.73947, "rating_range": null }, "geometry": { "type": "Point", "coordinates": [ 46.843075, 24.73947 ] } },
{ "type": "Feature", "properties": { "name": "البيتزا الساخنة", "categories": "Pizza Place", "address": "المملكة العربية السعودية", "price": "Cheap", "likes": 8.0, "photos": "0", "tips": "1", "rating": 7.9, "ratingSignals": 10.0, "NEIGHBORHANAME": "النسيم الشرقي", "NEIGHBORHENAME": "EAST AN-NASEEM", "lon": 46.844050228974751, "lat": 24.738233775163646, "rating_range": "High (8–10)" }, "geometry": { "type": "Point", "coordinates": [ 46.844050228974751, 24.738233775163646 ] } },
{ "type": "Feature", "properties": { "name": "Al Afandi Broasted (بروستد الأفندي)", "categories": "Fried Chicken Joint", "address": "الرياض, المملكة العربية السعودية", "price": "Cheap", "likes": 6.0, "photos": "2", "tips": "3", "rating": 6.4, "ratingSignals": 12.0, "NEIGHBORHANAME": "النسيم الشرقي", "NEIGHBORHENAME": "EAST AN-NASEEM", "lon": 46.844878, "lat": 24.737011, "rating_range": "Medium (4–7)" }, "geometry": { "type": "Point", "coordinates": [ 46.844878, 24.737011 ] } },
{ "type": "Feature", "properties": { "name": "اروع فاكهة", "categories": "Juice Bar", "address": "المملكة العربية السعودية", "price": "Cheap", "likes": 0.0, "photos": "0", "tips": "1", "rating": null, "ratingSignals": null, "NEIGHBORHANAME": "النسيم الشرقي", "NEIGHBORHENAME": "EAST AN-NASEEM", "lon": 46.842061059742925, "lat": 24.735308936606845, "rating_range": null }, "geometry": { "type": "Point", "coordinates": [ 46.842061059742925, 24.735308936606845 ] } },
{ "type": "Feature", "properties": { "name": "Al Turkia Iskender", "categories": "Turkish Restaurant", "address": "الرياض 14244, المملكة العربية السعودية", "price": "Moderate", "likes": 1.0, "photos": "0", "tips": "0", "rating": null, "ratingSignals": null, "NEIGHBORHANAME": "النسيم الشرقي", "NEIGHBORHENAME": "EAST AN-NASEEM", "lon": 46.850557, "lat": 24.738701, "rating_range": null }, "geometry": { "type": "Point", "coordinates": [ 46.850557, 24.738701 ] } },
{ "type": "Feature", "properties": { "name": "شاليهات الرمال", "categories": "Coffee Shop", "address": "الرياض 14244, المملكة العربية السعودية", "price": "Cheap", "likes": 0.0, "photos": "7", "tips": "0", "rating": null, "ratingSignals": null, "NEIGHBORHANAME": "النسيم الشرقي", "NEIGHBORHENAME": "EAST AN-NASEEM", "lon": 46.847011, "lat": 24.736805, "rating_range": null }, "geometry": { "type": "Point", "coordinates": [ 46.847011, 24.736805 ] } },
{ "type": "Feature", "properties": { "name": "مزبلة النسيم العالمية", "categories": "Truck Stop", "address": "الرياض, المملكة العربية السعودية", "price": null, "likes": 0.0, "photos": "0", "tips": "0", "rating": null, "ratingSignals": null, "NEIGHBORHANAME": "النسيم الشرقي", "NEIGHBORHENAME": "EAST AN-NASEEM", "lon": 46.846246, "lat": 24.737992, "rating_range": null }, "geometry": { "type": "Point", "coordinates": [ 46.846246, 24.737992 ] } },
{ "type": "Feature", "properties": { "name": "بليلة أهل الديرة", "categories": "Food Truck", "address": "الرياض 13248, المملكة العربية السعودية", "price": "Cheap", "likes": 0.0, "photos": "0", "tips": "0", "rating": null, "ratingSignals": null, "NEIGHBORHANAME": "النسيم الشرقي", "NEIGHBORHENAME": "EAST AN-NASEEM", "lon": 46.850318101610576, "lat": 24.738602912809693, "rating_range": null }, "geometry": { "type": "Point", "coordinates": [ 46.850318101610576, 24.738602912809693 ] } },
{ "type": "Feature", "properties": { "name": "بليلة أهل الديرة", "categories": "Food Truck", "address": "Prince Saud Bin Muqrin, الرياض 13314, المملكة العربية السعودية", "price": "Cheap", "likes": 0.0, "photos": "0", "tips": "0", "rating": null, "ratingSignals": null, "NEIGHBORHANAME": "النسيم الشرقي", "NEIGHBORHENAME": "EAST AN-NASEEM", "lon": 46.853611831738633, "lat": 24.739366080707729, "rating_range": null }, "geometry": { "type": "Point", "coordinates": [ 46.853611831738633, 24.739366080707729 ] } },
{ "type": "Feature", "properties": { "name": "بليلة أهل الديرة", "categories": "Food Truck", "address": "الرياض 12474, المملكة العربية السعودية", "price": "Cheap", "likes": 0.0, "photos": "1", "tips": "0", "rating": null, "ratingSignals": null, "NEIGHBORHANAME": "النسيم الشرقي", "NEIGHBORHENAME": "EAST AN-NASEEM", "lon": 46.853687552200661, "lat": 24.739374406582446, "rating_range": null }, "geometry": { "type": "Point", "coordinates": [ 46.853687552200661, 24.739374406582446 ] } },
{ "type": "Feature", "properties": { "name": "Dunkin' Donuts", "categories": "Donut Shop", "address": "King Saud University (peroperty year), الرياض, المملكة العربية السعودية", "price": "Cheap", "likes": 32.0, "photos": "25", "tips": "4", "rating": 7.7, "ratingSignals": 38.0, "NEIGHBORHANAME": "جامعة الملك سعود", "NEIGHBORHENAME": "KING SAUD UNIVERSITY", "lon": 46.622958671248377, "lat": 24.741614675149126, "rating_range": "High (8–10)" }, "geometry": { "type": "Point", "coordinates": [ 46.622958671248377, 24.741614675149126 ] } },
{ "type": "Feature", "properties": { "name": "سانبون التحضيريه CINNABON", "categories": "Coffee Shop", "address": "المملكة العربية السعودية", "price": "Cheap", "likes": 1.0, "photos": "1", "tips": "0", "rating": null, "ratingSignals": null, "NEIGHBORHANAME": "جامعة الملك سعود", "NEIGHBORHENAME": "KING SAUD UNIVERSITY", "lon": 46.623254851425379, "lat": 24.741477347799478, "rating_range": null }, "geometry": { "type": "Point", "coordinates": [ 46.623254851425379, 24.741477347799478 ] } },
{ "type": "Feature", "properties": { "name": "كانتون", "categories": "Asian Restaurant", "address": "البهو الرئيسي - جامعة الملك سعود, الرياض, المملكة العربية السعودية", "price": "Moderate", "likes": 0.0, "photos": "2", "tips": "0", "rating": null, "ratingSignals": null, "NEIGHBORHANAME": "جامعة الملك سعود", "NEIGHBORHENAME": "KING SAUD UNIVERSITY", "lon": 46.622317403240864, "lat": 24.741472244986188, "rating_range": null }, "geometry": { "type": "Point", "coordinates": [ 46.622317403240864, 24.741472244986188 ] } },
{ "type": "Feature", "properties": { "name": "At AuntieAnne's", "categories": "Breakfast Spot", "address": "المملكة العربية السعودية", "price": "Cheap", "likes": 0.0, "photos": "0", "tips": "0", "rating": null, "ratingSignals": null, "NEIGHBORHANAME": "جامعة الملك سعود", "NEIGHBORHENAME": "KING SAUD UNIVERSITY", "lon": 46.622576495197293, "lat": 24.74292650075375, "rating_range": null }, "geometry": { "type": "Point", "coordinates": [ 46.622576495197293, 24.74292650075375 ] } },
{ "type": "Feature", "properties": { "name": "Java cafe , KSUPY", "categories": "Coffee Shop", "address": "بهو مبنى السنة التحضيرية (تركي الاول), الرياض, المملكة العربية السعودية", "price": "Cheap", "likes": 0.0, "photos": "1", "tips": "0", "rating": null, "ratingSignals": null, "NEIGHBORHANAME": "جامعة الملك سعود", "NEIGHBORHENAME": "KING SAUD UNIVERSITY", "lon": 46.623033442475041, "lat": 24.741700112919681, "rating_range": null }, "geometry": { "type": "Point", "coordinates": [ 46.623033442475041, 24.741700112919681 ] } },
{ "type": "Feature", "properties": { "name": "N3NSH (نعنش)", "categories": "Dessert Shop", "address": "المملكة العربية السعودية", "price": "Cheap", "likes": 1.0, "photos": "1", "tips": "0", "rating": null, "ratingSignals": null, "NEIGHBORHANAME": "جامعة الملك سعود", "NEIGHBORHENAME": "KING SAUD UNIVERSITY", "lon": 46.623306670683441, "lat": 24.741375044308249, "rating_range": null }, "geometry": { "type": "Point", "coordinates": [ 46.623306670683441, 24.741375044308249 ] } },
{ "type": "Feature", "properties": { "name": "ركن ايطاليا", "categories": "Coffee Shop", "address": "1st Floor, Preparatory Year College, King Saud University, Turki Al Awwal Bin Abdulaziz Al Saud, الرياض, المملكة العربية السعودية", "price": "Cheap", "likes": 1.0, "photos": "2", "tips": "1", "rating": null, "ratingSignals": null, "NEIGHBORHANAME": "جامعة الملك سعود", "NEIGHBORHENAME": "KING SAUD UNIVERSITY", "lon": 46.622678, "lat": 24.742476, "rating_range": null }, "geometry": { "type": "Point", "coordinates": [ 46.622678, 24.742476 ] } },
{ "type": "Feature", "properties": { "name": "restaurants Area", "categories": "Cafeteria", "address": "المملكة العربية السعودية", "price": null, "likes": 0.0, "photos": "1", "tips": "0", "rating": null, "ratingSignals": null, "NEIGHBORHANAME": "جامعة الملك سعود", "NEIGHBORHENAME": "KING SAUD UNIVERSITY", "lon": 46.622595338301203, "lat": 24.741747385049468, "rating_range": null }, "geometry": { "type": "Point", "coordinates": [ 46.622595338301203, 24.741747385049468 ] } },
{ "type": "Feature", "properties": { "name": "Anutie Anne's | KSU", "categories": "German Restaurant", "address": "المملكة العربية السعودية", "price": "Moderate", "likes": 1.0, "photos": "0", "tips": "1", "rating": null, "ratingSignals": null, "NEIGHBORHANAME": "جامعة الملك سعود", "NEIGHBORHENAME": "KING SAUD UNIVERSITY", "lon": 46.622583, "lat": 24.742417, "rating_range": null }, "geometry": { "type": "Point", "coordinates": [ 46.622583, 24.742417 ] } },
{ "type": "Feature", "properties": { "name": "911 BURGER", "categories": "Burger Joint", "address": "بهو مطاعم الكلية, المملكة العربية السعودية", "price": "Cheap", "likes": 1.0, "photos": "0", "tips": "0", "rating": null, "ratingSignals": null, "NEIGHBORHANAME": "جامعة الملك سعود", "NEIGHBORHENAME": "KING SAUD UNIVERSITY", "lon": 46.623061707392644, "lat": 24.741693770423794, "rating_range": null }, "geometry": { "type": "Point", "coordinates": [ 46.623061707392644, 24.741693770423794 ] } },
{ "type": "Feature", "properties": { "name": "Pizza Wow", "categories": "Pizza Place", "address": "King Saud University, المملكة العربية السعودية", "price": "Cheap", "likes": 1.0, "photos": "0", "tips": "0", "rating": null, "ratingSignals": null, "NEIGHBORHANAME": "جامعة الملك سعود", "NEIGHBORHENAME": "KING SAUD UNIVERSITY", "lon": 46.623019, "lat": 24.741414, "rating_range": null }, "geometry": { "type": "Point", "coordinates": [ 46.623019, 24.741414 ] } },
{ "type": "Feature", "properties": { "name": "جاڤا كافية", "categories": "Coffee Shop", "address": "الرياض 12373, المملكة العربية السعودية", "price": "Cheap", "likes": 0.0, "photos": "0", "tips": "0", "rating": null, "ratingSignals": null, "NEIGHBORHANAME": "جامعة الملك سعود", "NEIGHBORHENAME": "KING SAUD UNIVERSITY", "lon": 46.622602, "lat": 24.741738, "rating_range": null }, "geometry": { "type": "Point", "coordinates": [ 46.622602, 24.741738 ] } },
{ "type": "Feature", "properties": { "name": "Aunti Anne's , KSUPY", "categories": "Bakery", "address": "مبنى التحضيرية العلمي (الدور الاول), الرياض, المملكة العربية السعودية", "price": "Cheap", "likes": 2.0, "photos": "1", "tips": "0", "rating": null, "ratingSignals": null, "NEIGHBORHANAME": "جامعة الملك سعود", "NEIGHBORHENAME": "KING SAUD UNIVERSITY", "lon": 46.622030048282397, "lat": 24.741800127133015, "rating_range": null }, "geometry": { "type": "Point", "coordinates": [ 46.622030048282397, 24.741800127133015 ] } },
{ "type": "Feature", "properties": { "name": "Coffee Essence", "categories": "Coffee Shop", "address": "Turky Bin Abdulaziz, الرياض, المملكة العربية السعودية", "price": "Cheap", "likes": 2.0, "photos": "2", "tips": "1", "rating": null, "ratingSignals": null, "NEIGHBORHANAME": "جامعة الملك سعود", "NEIGHBORHENAME": "KING SAUD UNIVERSITY", "lon": 46.622345667752477, "lat": 24.742215772809363, "rating_range": null }, "geometry": { "type": "Point", "coordinates": [ 46.622345667752477, 24.742215772809363 ] } },
{ "type": "Feature", "properties": { "name": "dr. mzaaj coffee", "categories": "Coffee Shop", "address": "Ksu Py, الرياض, المملكة العربية السعودية", "price": "Cheap", "likes": 1.0, "photos": "0", "tips": "0", "rating": null, "ratingSignals": null, "NEIGHBORHANAME": "جامعة الملك سعود", "NEIGHBORHENAME": "KING SAUD UNIVERSITY", "lon": 46.622604370117188, "lat": 24.742483139038089, "rating_range": null }, "geometry": { "type": "Point", "coordinates": [ 46.622604370117188, 24.742483139038089 ] } },
{ "type": "Feature", "properties": { "name": "Chilli Grill", "categories": "Fast Food Restaurant", "address": "Khalediyah Dist., Jeddah, المملكة العربية السعودية", "price": "Moderate", "likes": 0.0, "photos": "0", "tips": "0", "rating": null, "ratingSignals": null, "NEIGHBORHANAME": "جامعة الملك سعود", "NEIGHBORHENAME": "KING SAUD UNIVERSITY", "lon": 46.6214418, "lat": 24.7414081, "rating_range": null }, "geometry": { "type": "Point", "coordinates": [ 46.6214418, 24.7414081 ] } },
{ "type": "Feature", "properties": { "name": "Ward Tent (خيمة ورد)", "categories": "Middle Eastern Restaurant, Lebanese Restaurant", "address": "U Walk Mall, Turki Ibn Abdulaziz Al Awwal Rd, Ring Road  2,, الرياض 12373, المملكة العربية السعودية", "price": "Moderate", "likes": 43.0, "photos": "272", "tips": "21", "rating": 6.2, "ratingSignals": 78.0, "NEIGHBORHANAME": "جامعة الملك سعود", "NEIGHBORHENAME": "KING SAUD UNIVERSITY", "lon": 46.626720375043533, "lat": 24.740363216836286, "rating_range": "Medium (4–7)" }, "geometry": { "type": "Point", "coordinates": [ 46.626720375043533, 24.740363216836286 ] } },
{ "type": "Feature", "properties": { "name": "ركن الفطيرة النخيل", "categories": "Bakery", "address": "الرياض, المملكة العربية السعودية", "price": "Cheap", "likes": 15.0, "photos": "2", "tips": "0", "rating": 7.2, "ratingSignals": 22.0, "NEIGHBORHANAME": "النسيم الشرقي", "NEIGHBORHENAME": "EAST AN-NASEEM", "lon": 46.825981453213757, "lat": 24.743236755265251, "rating_range": "High (8–10)" }, "geometry": { "type": "Point", "coordinates": [ 46.825981453213757, 24.743236755265251 ] } },
{ "type": "Feature", "properties": { "name": "Pizza Hut", "categories": "Pizza Place", "address": "الرياض, المملكة العربية السعودية", "price": "Cheap", "likes": 0.0, "photos": "1", "tips": "0", "rating": 6.5, "ratingSignals": 1.0, "NEIGHBORHANAME": "النسيم الشرقي", "NEIGHBORHENAME": "EAST AN-NASEEM", "lon": 46.829770271904756, "lat": 24.741126634486296, "rating_range": "Medium (4–7)" }, "geometry": { "type": "Point", "coordinates": [ 46.829770271904756, 24.741126634486296 ] } },
{ "type": "Feature", "properties": { "name": "الفطيرة الدمشقية", "categories": "Restaurant", "address": "حسان بن ثابت، النسيم الشرقي،, المملكة العربية السعودية", "price": "Moderate", "likes": 0.0, "photos": "0", "tips": "0", "rating": null, "ratingSignals": null, "NEIGHBORHANAME": "النسيم الشرقي", "NEIGHBORHENAME": "EAST AN-NASEEM", "lon": 46.828551292201155, "lat": 24.740296441030097, "rating_range": null }, "geometry": { "type": "Point", "coordinates": [ 46.828551292201155, 24.740296441030097 ] } },
{ "type": "Feature", "properties": { "name": "Arabic Coffee Shop (نسناس النسيم)", "categories": "Coffee Shop", "address": "المملكة العربية السعودية", "price": "Cheap", "likes": 9.0, "photos": "5", "tips": "1", "rating": 5.8, "ratingSignals": 21.0, "NEIGHBORHANAME": "النسيم الشرقي", "NEIGHBORHENAME": "EAST AN-NASEEM", "lon": 46.838488947649694, "lat": 24.743813601065938, "rating_range": "Medium (4–7)" }, "geometry": { "type": "Point", "coordinates": [ 46.838488947649694, 24.743813601065938 ] } },
{ "type": "Feature", "properties": { "name": "nisnas alnassem", "categories": "Coffee Shop", "address": "المملكة العربية السعودية", "price": "Cheap", "likes": 1.0, "photos": "0", "tips": "0", "rating": null, "ratingSignals": null, "NEIGHBORHANAME": "النسيم الشرقي", "NEIGHBORHENAME": "EAST AN-NASEEM", "lon": 46.838222, "lat": 24.743307, "rating_range": null }, "geometry": { "type": "Point", "coordinates": [ 46.838222, 24.743307 ] } },
{ "type": "Feature", "properties": { "name": "kabsate", "categories": "Restaurant", "address": "المملكة العربية السعودية", "price": "Moderate", "likes": 0.0, "photos": "0", "tips": "0", "rating": null, "ratingSignals": null, "NEIGHBORHANAME": "النسيم الشرقي", "NEIGHBORHENAME": "EAST AN-NASEEM", "lon": 46.833970943166371, "lat": 24.744920489064366, "rating_range": null }, "geometry": { "type": "Point", "coordinates": [ 46.833970943166371, 24.744920489064366 ] } },
{ "type": "Feature", "properties": { "name": "مطعم الدؤلي", "categories": "Fast Food Restaurant", "address": "الرياض, المملكة العربية السعودية", "price": "Cheap", "likes": 2.0, "photos": "2", "tips": "2", "rating": null, "ratingSignals": null, "NEIGHBORHANAME": "النسيم الشرقي", "NEIGHBORHENAME": "EAST AN-NASEEM", "lon": 46.838824857345728, "lat": 24.74029260027347, "rating_range": null }, "geometry": { "type": "Point", "coordinates": [ 46.838824857345728, 24.74029260027347 ] } },
{ "type": "Feature", "properties": { "name": "Kabsate (مضغوط كبساتي)", "categories": "Restaurant", "address": "المملكة العربية السعودية", "price": "Moderate", "likes": 10.0, "photos": "1", "tips": "4", "rating": 7.2, "ratingSignals": 14.0, "NEIGHBORHANAME": "النسيم الشرقي", "NEIGHBORHENAME": "EAST AN-NASEEM", "lon": 46.838756, "lat": 24.744859, "rating_range": "High (8–10)" }, "geometry": { "type": "Point", "coordinates": [ 46.838756, 24.744859 ] } },
{ "type": "Feature", "properties": { "name": "Meerah Restaurant", "categories": "Fried Chicken Joint", "address": "Abu Aswad, Naseem, الرياض, المملكة العربية السعودية", "price": "Cheap", "likes": 1.0, "photos": "0", "tips": "0", "rating": null, "ratingSignals": null, "NEIGHBORHANAME": "النسيم الشرقي", "NEIGHBORHENAME": "EAST AN-NASEEM", "lon": 46.840187443568233, "lat": 24.743836368744191, "rating_range": null }, "geometry": { "type": "Point", "coordinates": [ 46.840187443568233, 24.743836368744191 ] } },
{ "type": "Feature", "properties": { "name": "مطاعم ومطابخ الشلوي للمثلوثة", "categories": "Middle Eastern Restaurant", "address": "المملكة العربية السعودية", "price": "Moderate", "likes": 3.0, "photos": "5", "tips": "0", "rating": null, "ratingSignals": null, "NEIGHBORHANAME": "النسيم الشرقي", "NEIGHBORHENAME": "EAST AN-NASEEM", "lon": 46.841459, "lat": 24.741412, "rating_range": null }, "geometry": { "type": "Point", "coordinates": [ 46.841459, 24.741412 ] } },
{ "type": "Feature", "properties": { "name": "فنجال برية", "categories": "Coffee Shop", "address": "المملكة العربية السعودية", "price": "Cheap", "likes": 1.0, "photos": "2", "tips": "0", "rating": null, "ratingSignals": null, "NEIGHBORHANAME": "النسيم الشرقي", "NEIGHBORHENAME": "EAST AN-NASEEM", "lon": 46.841753516959216, "lat": 24.742584124942649, "rating_range": null }, "geometry": { "type": "Point", "coordinates": [ 46.841753516959216, 24.742584124942649 ] } },
{ "type": "Feature", "properties": { "name": "Cactus cafe", "categories": "Coffee Shop, Café, Breakfast Spot", "address": "الرياض 14242, المملكة العربية السعودية", "price": "Cheap", "likes": 10.0, "photos": "30", "tips": "3", "rating": 8.1, "ratingSignals": 12.0, "NEIGHBORHANAME": "النسيم الشرقي", "NEIGHBORHENAME": "EAST AN-NASEEM", "lon": 46.846013, "lat": 24.744815, "rating_range": "High (8–10)" }, "geometry": { "type": "Point", "coordinates": [ 46.846013, 24.744815 ] } },
{ "type": "Feature", "properties": { "name": "فوال و مطبق كروزتك", "categories": "Breakfast Spot", "address": "الرياض 14242, المملكة العربية السعودية", "price": "Cheap", "likes": 0.0, "photos": "3", "tips": "0", "rating": null, "ratingSignals": null, "NEIGHBORHANAME": "النسيم الشرقي", "NEIGHBORHENAME": "EAST AN-NASEEM", "lon": 46.844744, "lat": 24.744924, "rating_range": null }, "geometry": { "type": "Point", "coordinates": [ 46.844744, 24.744924 ] } },
{ "type": "Feature", "properties": { "name": "شاهي ابو مالك", "categories": "Tea Room", "address": "شارع سبأ, الرياض 14242, المملكة العربية السعودية", "price": "Moderate", "likes": 0.0, "photos": "2", "tips": "0", "rating": null, "ratingSignals": null, "NEIGHBORHANAME": "النسيم الشرقي", "NEIGHBORHENAME": "EAST AN-NASEEM", "lon": 46.846624, "lat": 24.744541, "rating_range": null }, "geometry": { "type": "Point", "coordinates": [ 46.846624, 24.744541 ] } },
{ "type": "Feature", "properties": { "name": "كاتكس كافيه", "categories": "Coffee Shop", "address": "الرياض 14242, المملكة العربية السعودية", "price": "Cheap", "likes": 1.0, "photos": "5", "tips": "0", "rating": null, "ratingSignals": null, "NEIGHBORHANAME": "النسيم الشرقي", "NEIGHBORHENAME": "EAST AN-NASEEM", "lon": 46.846193, "lat": 24.744787, "rating_range": null }, "geometry": { "type": "Point", "coordinates": [ 46.846193, 24.744787 ] } },
{ "type": "Feature", "properties": { "name": "Turkish Pizza-Brosted", "categories": "Turkish Restaurant", "address": "المملكة العربية السعودية", "price": "Moderate", "likes": 0.0, "photos": "0", "tips": "1", "rating": null, "ratingSignals": null, "NEIGHBORHANAME": "النسيم الشرقي", "NEIGHBORHENAME": "EAST AN-NASEEM", "lon": 46.845764, "lat": 24.744938, "rating_range": null }, "geometry": { "type": "Point", "coordinates": [ 46.845764, 24.744938 ] } },
{ "type": "Feature", "properties": { "name": "Sevehen(kemal Yeral)", "categories": "Turkish Restaurant", "address": "Al Naseem (Hasan Bin Taabeet), الرياض, المملكة العربية السعودية", "price": "Moderate", "likes": 0.0, "photos": "1", "tips": "0", "rating": null, "ratingSignals": null, "NEIGHBORHANAME": "النسيم الشرقي", "NEIGHBORHENAME": "EAST AN-NASEEM", "lon": 46.822183460233539, "lat": 24.748343411202367, "rating_range": null }, "geometry": { "type": "Point", "coordinates": [ 46.822183460233539, 24.748343411202367 ] } },
{ "type": "Feature", "properties": { "name": "محامص ومطاحن كيف الشيوخ", "categories": "Coffee Shop", "address": "النسيم مقابل العثيم مول, الرياض, المملكة العربية السعودية", "price": "Cheap", "likes": 12.0, "photos": "12", "tips": "5", "rating": 7.6, "ratingSignals": 15.0, "NEIGHBORHANAME": "النسيم الشرقي", "NEIGHBORHENAME": "EAST AN-NASEEM", "lon": 46.822495613241493, "lat": 24.749945632664637, "rating_range": "High (8–10)" }, "geometry": { "type": "Point", "coordinates": [ 46.822495613241493, 24.749945632664637 ] } },
{ "type": "Feature", "properties": { "name": "قهوة جدتي حصه", "categories": "Coffee Shop", "address": "Al Othaim Mall (Al Naseem), الرياض 14241, المملكة العربية السعودية", "price": "Cheap", "likes": 0.0, "photos": "0", "tips": "0", "rating": null, "ratingSignals": null, "NEIGHBORHANAME": "النسيم الشرقي", "NEIGHBORHENAME": "EAST AN-NASEEM", "lon": 46.821975, "lat": 24.750204, "rating_range": null }, "geometry": { "type": "Point", "coordinates": [ 46.821975, 24.750204 ] } },
{ "type": "Feature", "properties": { "name": "4twins_Coffee", "categories": "Food Truck", "address": "الرياض, المملكة العربية السعودية", "price": "Cheap", "likes": 4.0, "photos": "5", "tips": "0", "rating": null, "ratingSignals": null, "NEIGHBORHANAME": "النسيم الشرقي", "NEIGHBORHENAME": "EAST AN-NASEEM", "lon": 46.828914096951962, "lat": 24.747689890349054, "rating_range": null }, "geometry": { "type": "Point", "coordinates": [ 46.828914096951962, 24.747689890349054 ] } },
{ "type": "Feature", "properties": { "name": "Manuel Caffee", "categories": "Coffee Shop", "address": "الرياض 14241, المملكة العربية السعودية", "price": "Cheap", "likes": 1.0, "photos": "0", "tips": "0", "rating": null, "ratingSignals": null, "NEIGHBORHANAME": "النسيم الشرقي", "NEIGHBORHENAME": "EAST AN-NASEEM", "lon": 46.821856, "lat": 24.750279, "rating_range": null }, "geometry": { "type": "Point", "coordinates": [ 46.821856, 24.750279 ] } },
{ "type": "Feature", "properties": { "name": "McDonald's", "categories": "Fast Food Restaurant", "address": "Othaim Mall Food Court (Khurais Rd.), الرياض, المملكة العربية السعودية", "price": "Cheap", "likes": 2.0, "photos": "2", "tips": "2", "rating": 7.1, "ratingSignals": 4.0, "NEIGHBORHANAME": "النسيم الشرقي", "NEIGHBORHENAME": "EAST AN-NASEEM", "lon": 46.822568177740315, "lat": 24.75043506736549, "rating_range": "High (8–10)" }, "geometry": { "type": "Point", "coordinates": [ 46.822568177740315, 24.75043506736549 ] } },
{ "type": "Feature", "properties": { "name": "cinnazeo", "categories": "Coffee Shop", "address": "المملكة العربية السعودية", "price": "Cheap", "likes": 0.0, "photos": "1", "tips": "0", "rating": null, "ratingSignals": null, "NEIGHBORHANAME": "النسيم الشرقي", "NEIGHBORHENAME": "EAST AN-NASEEM", "lon": 46.821332143678646, "lat": 24.749967860394939, "rating_range": null }, "geometry": { "type": "Point", "coordinates": [ 46.821332143678646, 24.749967860394939 ] } },
{ "type": "Feature", "properties": { "name": "3&B Sweets", "categories": "Food Truck", "address": "الرياض 12362, المملكة العربية السعودية", "price": "Cheap", "likes": 0.0, "photos": "22", "tips": "1", "rating": null, "ratingSignals": null, "NEIGHBORHANAME": "النسيم الشرقي", "NEIGHBORHENAME": "EAST AN-NASEEM", "lon": 46.825839555426242, "lat": 24.749049640529236, "rating_range": null }, "geometry": { "type": "Point", "coordinates": [ 46.825839555426242, 24.749049640529236 ] } },
{ "type": "Feature", "properties": { "name": "Canton (كانتون)", "categories": "Chinese Restaurant", "address": "المملكة العربية السعودية", "price": "Cheap", "likes": 0.0, "photos": "0", "tips": "0", "rating": null, "ratingSignals": null, "NEIGHBORHANAME": "النسيم الشرقي", "NEIGHBORHENAME": "EAST AN-NASEEM", "lon": 46.82268142700196, "lat": 24.75051307678223, "rating_range": null }, "geometry": { "type": "Point", "coordinates": [ 46.82268142700196, 24.75051307678223 ] } },
{ "type": "Feature", "properties": { "name": "قهوة الشيوخ العربية", "categories": "Coffee Shop", "address": "النسيم (شارع عبدالرحمن بن سالم), الرياض, المملكة العربية السعودية", "price": "Cheap", "likes": 6.0, "photos": "3", "tips": "1", "rating": null, "ratingSignals": null, "NEIGHBORHANAME": "النسيم الشرقي", "NEIGHBORHENAME": "EAST AN-NASEEM", "lon": 46.820986891620556, "lat": 24.750040999556788, "rating_range": null }, "geometry": { "type": "Point", "coordinates": [ 46.820986891620556, 24.750040999556788 ] } },
{ "type": "Feature", "properties": { "name": "دله ولقيمات", "categories": "Bakery", "address": "شارع ابي هريره (الحمزه سابقا), الرياض 14241, المملكة العربية السعودية", "price": "Cheap", "likes": 1.0, "photos": "1", "tips": "0", "rating": null, "ratingSignals": null, "NEIGHBORHANAME": "النسيم الشرقي", "NEIGHBORHENAME": "EAST AN-NASEEM", "lon": 46.828651, "lat": 24.748761, "rating_range": null }, "geometry": { "type": "Point", "coordinates": [ 46.828651, 24.748761 ] } },
{ "type": "Feature", "properties": { "name": "القنديل للمشويات العراقية", "categories": "Iraqi Restaurant, Kebab Restaurant", "address": "المملكة العربية السعودية", "price": null, "likes": 12.0, "photos": "5", "tips": "3", "rating": 6.3, "ratingSignals": 21.0, "NEIGHBORHANAME": "النسيم الشرقي", "NEIGHBORHENAME": "EAST AN-NASEEM", "lon": 46.831449552310772, "lat": 24.745020060541055, "rating_range": "Medium (4–7)" }, "geometry": { "type": "Point", "coordinates": [ 46.831449552310772, 24.745020060541055 ] } },
{ "type": "Feature", "properties": { "name": "مطعم بغداد للمشويات", "categories": "BBQ Joint", "address": "المملكة العربية السعودية", "price": "Moderate", "likes": 1.0, "photos": "0", "tips": "0", "rating": null, "ratingSignals": null, "NEIGHBORHANAME": "النسيم الشرقي", "NEIGHBORHENAME": "EAST AN-NASEEM", "lon": 46.830645, "lat": 24.74601, "rating_range": null }, "geometry": { "type": "Point", "coordinates": [ 46.830645, 24.74601 ] } },
{ "type": "Feature", "properties": { "name": "حدائق الرافدين", "categories": "Middle Eastern Restaurant", "address": "Abi Hurairah Street, الرياض 14241, المملكة العربية السعودية", "price": "Moderate", "likes": 2.0, "photos": "3", "tips": "0", "rating": null, "ratingSignals": null, "NEIGHBORHANAME": "النسيم الشرقي", "NEIGHBORHENAME": "EAST AN-NASEEM", "lon": 46.827943, "lat": 24.749724, "rating_range": null }, "geometry": { "type": "Point", "coordinates": [ 46.827943, 24.749724 ] } },
{ "type": "Feature", "properties": { "name": "فوال وتميس أبوعامر", "categories": "Afghan Restaurant", "address": "المملكة العربية السعودية", "price": "Moderate", "likes": 0.0, "photos": "1", "tips": "0", "rating": null, "ratingSignals": null, "NEIGHBORHANAME": "النسيم الشرقي", "NEIGHBORHENAME": "EAST AN-NASEEM", "lon": 46.828579, "lat": 24.749065, "rating_range": null }, "geometry": { "type": "Point", "coordinates": [ 46.828579, 24.749065 ] } },
{ "type": "Feature", "properties": { "name": "مطعم قصر المشويات", "categories": "BBQ Joint", "address": "الرياض 14241, المملكة العربية السعودية", "price": "Moderate", "likes": 1.0, "photos": "0", "tips": "0", "rating": null, "ratingSignals": null, "NEIGHBORHANAME": "النسيم الشرقي", "NEIGHBORHENAME": "EAST AN-NASEEM", "lon": 46.831039, "lat": 24.745833, "rating_range": null }, "geometry": { "type": "Point", "coordinates": [ 46.831039, 24.745833 ] } },
{ "type": "Feature", "properties": { "name": "مطعم كرم زحلة", "categories": "Fast Food Restaurant", "address": "Riyadh- anasim (Abi Huriara St), الرياض, المملكة العربية السعودية", "price": "Cheap", "likes": 1.0, "photos": "12", "tips": "2", "rating": null, "ratingSignals": null, "NEIGHBORHANAME": "النسيم الشرقي", "NEIGHBORHENAME": "EAST AN-NASEEM", "lon": 46.828905, "lat": 24.748854, "rating_range": null }, "geometry": { "type": "Point", "coordinates": [ 46.828905, 24.748854 ] } },
{ "type": "Feature", "properties": { "name": "PHD #69 Hassan Bin Thabit", "categories": "Fast Food Restaurant", "address": "المملكة العربية السعودية", "price": "Moderate", "likes": 0.0, "photos": "0", "tips": "0", "rating": null, "ratingSignals": null, "NEIGHBORHANAME": "النسيم الشرقي", "NEIGHBORHENAME": "EAST AN-NASEEM", "lon": 46.829912180760658, "lat": 24.750320496114803, "rating_range": null }, "geometry": { "type": "Point", "coordinates": [ 46.829912180760658, 24.750320496114803 ] } },
{ "type": "Feature", "properties": { "name": "مطعم ساحل المشويات", "categories": "Middle Eastern Restaurant", "address": "المملكة العربية السعودية", "price": "Moderate", "likes": 27.0, "photos": "7", "tips": "3", "rating": 7.9, "ratingSignals": 35.0, "NEIGHBORHANAME": "النسيم الشرقي", "NEIGHBORHENAME": "EAST AN-NASEEM", "lon": 46.83692593609581, "lat": 24.747662851118328, "rating_range": "High (8–10)" }, "geometry": { "type": "Point", "coordinates": [ 46.83692593609581, 24.747662851118328 ] } },
{ "type": "Feature", "properties": { "name": "فلافل ابو عدنان", "categories": "Falafel Restaurant", "address": "المملكة العربية السعودية", "price": "Cheap", "likes": 2.0, "photos": "0", "tips": "0", "rating": null, "ratingSignals": null, "NEIGHBORHANAME": "النسيم الشرقي", "NEIGHBORHENAME": "EAST AN-NASEEM", "lon": 46.837259, "lat": 24.746998, "rating_range": null }, "geometry": { "type": "Point", "coordinates": [ 46.837259, 24.746998 ] } },
{ "type": "Feature", "properties": { "name": "بيت الشواية", "categories": "Middle Eastern Restaurant", "address": "المملكة العربية السعودية", "price": "Moderate", "likes": 1.0, "photos": "0", "tips": "0", "rating": null, "ratingSignals": null, "NEIGHBORHANAME": "النسيم الشرقي", "NEIGHBORHENAME": "EAST AN-NASEEM", "lon": 46.837008132991237, "lat": 24.745749016225862, "rating_range": null }, "geometry": { "type": "Point", "coordinates": [ 46.837008132991237, 24.745749016225862 ] } },
{ "type": "Feature", "properties": { "name": "Biryani Restaurant", "categories": "Asian Restaurant", "address": "الرياض, المملكة العربية السعودية", "price": "Moderate", "likes": 0.0, "photos": "0", "tips": "0", "rating": null, "ratingSignals": null, "NEIGHBORHANAME": "النسيم الشرقي", "NEIGHBORHENAME": "EAST AN-NASEEM", "lon": 46.837287260862539, "lat": 24.74595372593134, "rating_range": null }, "geometry": { "type": "Point", "coordinates": [ 46.837287260862539, 24.74595372593134 ] } },
{ "type": "Feature", "properties": { "name": "ميلانو بيتزا وباستا", "categories": "Italian Restaurant", "address": "شارع ابو الأسود الدؤلي (جبير بن الحويرث), الرياض 14241, المملكة العربية السعودية", "price": "Moderate", "likes": 2.0, "photos": "4", "tips": "1", "rating": null, "ratingSignals": null, "NEIGHBORHANAME": "النسيم الشرقي", "NEIGHBORHENAME": "EAST AN-NASEEM", "lon": 46.837204, "lat": 24.747086, "rating_range": null }, "geometry": { "type": "Point", "coordinates": [ 46.837204, 24.747086 ] } },
{ "type": "Feature", "properties": { "name": "حلويات سعد الدين", "categories": "Dessert Shop", "address": "المملكة العربية السعودية", "price": "Cheap", "likes": 10.0, "photos": "7", "tips": "3", "rating": 7.0, "ratingSignals": 18.0, "NEIGHBORHANAME": "النسيم الشرقي", "NEIGHBORHENAME": "EAST AN-NASEEM", "lon": 46.845521636843252, "lat": 24.74542127924116, "rating_range": "Medium (4–7)" }, "geometry": { "type": "Point", "coordinates": [ 46.845521636843252, 24.74542127924116 ] } },
{ "type": "Feature", "properties": { "name": "dr.CAFE COFFEE | د. كيف", "categories": "Coffee Shop, Café, Tea Room", "address": "An Nasim Ash Sharqi (Ali Al Arini), Riyadh 14242, المملكة العربية السعودية", "price": "Cheap", "likes": 48.0, "photos": "33", "tips": "50", "rating": 8.9, "ratingSignals": 60.0, "NEIGHBORHANAME": "النسيم الشرقي", "NEIGHBORHENAME": "EAST AN-NASEEM", "lon": 46.846461489424961, "lat": 24.745896830159676, "rating_range": "High (8–10)" }, "geometry": { "type": "Point", "coordinates": [ 46.846461489424961, 24.745896830159676 ] } },
{ "type": "Feature", "properties": { "name": "Biryani Hotel مطعم برياني", "categories": "Asian Restaurant", "address": "المملكة العربية السعودية", "price": "Moderate", "likes": 0.0, "photos": "0", "tips": "0", "rating": null, "ratingSignals": null, "NEIGHBORHANAME": "النسيم الشرقي", "NEIGHBORHENAME": "EAST AN-NASEEM", "lon": 46.842505, "lat": 24.746527, "rating_range": null }, "geometry": { "type": "Point", "coordinates": [ 46.842505, 24.746527 ] } },
{ "type": "Feature", "properties": { "name": "KABAYAN REATAURANT", "categories": "Filipino Restaurant", "address": "الرياض 14242, المملكة العربية السعودية", "price": "Moderate", "likes": 9.0, "photos": "2", "tips": "0", "rating": 8.3, "ratingSignals": 9.0, "NEIGHBORHANAME": "النسيم الشرقي", "NEIGHBORHENAME": "EAST AN-NASEEM", "lon": 46.843821, "lat": 24.747844, "rating_range": "High (8–10)" }, "geometry": { "type": "Point", "coordinates": [ 46.843821, 24.747844 ] } },
{ "type": "Feature", "properties": { "name": "عصائر روان سبا", "categories": "Creperie, Pizza Place, Juice Bar", "address": "النسيم (شارع سبا), الرياض 14242, المملكة العربية السعودية", "price": null, "likes": 0.0, "photos": "11", "tips": "0", "rating": null, "ratingSignals": null, "NEIGHBORHANAME": "النسيم الشرقي", "NEIGHBORHENAME": "EAST AN-NASEEM", "lon": 46.845672, "lat": 24.745317, "rating_range": null }, "geometry": { "type": "Point", "coordinates": [ 46.845672, 24.745317 ] } },
{ "type": "Feature", "properties": { "name": "Kaibigan Grill", "categories": "Filipino Restaurant", "address": "الرياض 14242, المملكة العربية السعودية", "price": "Moderate", "likes": 0.0, "photos": "0", "tips": "0", "rating": null, "ratingSignals": null, "NEIGHBORHANAME": "النسيم الشرقي", "NEIGHBORHENAME": "EAST AN-NASEEM", "lon": 46.846187, "lat": 24.746685, "rating_range": null }, "geometry": { "type": "Point", "coordinates": [ 46.846187, 24.746685 ] } },
{ "type": "Feature", "properties": { "name": "Cabrito", "categories": "Middle Eastern Restaurant", "address": "المملكة العربية السعودية", "price": "Moderate", "likes": 2.0, "photos": "4", "tips": "1", "rating": null, "ratingSignals": null, "NEIGHBORHANAME": "النسيم الشرقي", "NEIGHBORHENAME": "EAST AN-NASEEM", "lon": 46.845623961313322, "lat": 24.74783943644729, "rating_range": null }, "geometry": { "type": "Point", "coordinates": [ 46.845623961313322, 24.74783943644729 ] } },
{ "type": "Feature", "properties": { "name": "Food Way", "categories": "Fast Food Restaurant", "address": "المملكة العربية السعودية", "price": "Cheap", "likes": 0.0, "photos": "1", "tips": "0", "rating": null, "ratingSignals": null, "NEIGHBORHANAME": "النسيم الشرقي", "NEIGHBORHENAME": "EAST AN-NASEEM", "lon": 46.8465916, "lat": 24.748751, "rating_range": null }, "geometry": { "type": "Point", "coordinates": [ 46.8465916, 24.748751 ] } },
{ "type": "Feature", "properties": { "name": "Crepe World", "categories": "Creperie, Dessert Shop", "address": "مدينه الملك عبدالعزيز الطبيه (جابر), الرياض 14242, المملكة العربية السعودية", "price": null, "likes": 0.0, "photos": "0", "tips": "0", "rating": null, "ratingSignals": null, "NEIGHBORHANAME": "النسيم الشرقي", "NEIGHBORHENAME": "EAST AN-NASEEM", "lon": 46.848058, "lat": 24.746788, "rating_range": null }, "geometry": { "type": "Point", "coordinates": [ 46.848058, 24.746788 ] } },
{ "type": "Feature", "properties": { "name": "كودو", "categories": "Fast Food Restaurant", "address": "المملكة العربية السعودية", "price": "Cheap", "likes": 0.0, "photos": "0", "tips": "0", "rating": null, "ratingSignals": null, "NEIGHBORHANAME": "النسيم الشرقي", "NEIGHBORHENAME": "EAST AN-NASEEM", "lon": 46.854085086490393, "lat": 24.747605336099703, "rating_range": null }, "geometry": { "type": "Point", "coordinates": [ 46.854085086490393, 24.747605336099703 ] } },
{ "type": "Feature", "properties": { "name": "JAVA CAFÉ | Drive thrue", "categories": "Coffee Shop", "address": "الرياض 14241, المملكة العربية السعودية", "price": "Cheap", "likes": 10.0, "photos": "28", "tips": "1", "rating": 8.1, "ratingSignals": 11.0, "NEIGHBORHANAME": "النسيم الشرقي", "NEIGHBORHENAME": "EAST AN-NASEEM", "lon": 46.82195, "lat": 24.751352, "rating_range": "High (8–10)" }, "geometry": { "type": "Point", "coordinates": [ 46.82195, 24.751352 ] } },
{ "type": "Feature", "properties": { "name": "dr.CAFE COFFEE (د. كيف كوفي)", "categories": "Coffee Shop, Café, Sandwich Place", "address": "Othaim Mall (Khurais Street), الرياض 65724, المملكة العربية السعودية", "price": "Cheap", "likes": 172.0, "photos": "53", "tips": "77", "rating": 8.9, "ratingSignals": 217.0, "NEIGHBORHANAME": "النسيم الشرقي", "NEIGHBORHENAME": "EAST AN-NASEEM", "lon": 46.822662230849851, "lat": 24.751032705506624, "rating_range": "High (8–10)" }, "geometry": { "type": "Point", "coordinates": [ 46.822662230849851, 24.751032705506624 ] } },
{ "type": "Feature", "properties": { "name": "Caffé Bene", "categories": "Coffee Shop", "address": "الرياض, المملكة العربية السعودية", "price": "Cheap", "likes": 14.0, "photos": "31", "tips": "0", "rating": 7.5, "ratingSignals": 19.0, "NEIGHBORHANAME": "النسيم الشرقي", "NEIGHBORHENAME": "EAST AN-NASEEM", "lon": 46.822636651461714, "lat": 24.751046292204986, "rating_range": "High (8–10)" }, "geometry": { "type": "Point", "coordinates": [ 46.822636651461714, 24.751046292204986 ] } },
{ "type": "Feature", "properties": { "name": "Aladin", "categories": "Indian Restaurant", "address": "المملكة العربية السعودية", "price": "Moderate", "likes": 0.0, "photos": "0", "tips": "0", "rating": null, "ratingSignals": null, "NEIGHBORHANAME": "النسيم الشرقي", "NEIGHBORHENAME": "EAST AN-NASEEM", "lon": 46.822794, "lat": 24.75104, "rating_range": null }, "geometry": { "type": "Point", "coordinates": [ 46.822794, 24.75104 ] } },
{ "type": "Feature", "properties": { "name": "كرسبي كريم العثيم مول", "categories": "Donut Shop", "address": "المملكة العربية السعودية", "price": "Cheap", "likes": 1.0, "photos": "4", "tips": "0", "rating": null, "ratingSignals": null, "NEIGHBORHANAME": "النسيم الشرقي", "NEIGHBORHENAME": "EAST AN-NASEEM", "lon": 46.8229519, "lat": 24.7508047, "rating_range": null }, "geometry": { "type": "Point", "coordinates": [ 46.8229519, 24.7508047 ] } },
{ "type": "Feature", "properties": { "name": "Herfy", "categories": "Burger Joint", "address": "المملكة العربية السعودية", "price": "Cheap", "likes": 2.0, "photos": "0", "tips": "0", "rating": null, "ratingSignals": null, "NEIGHBORHANAME": "النسيم الشرقي", "NEIGHBORHENAME": "EAST AN-NASEEM", "lon": 46.822647, "lat": 24.750978, "rating_range": null }, "geometry": { "type": "Point", "coordinates": [ 46.822647, 24.750978 ] } },
{ "type": "Feature", "properties": { "name": "كون زون Cone Zone", "categories": "Ice Cream Shop", "address": "المملكة العربية السعودية", "price": "Cheap", "likes": 0.0, "photos": "1", "tips": "2", "rating": null, "ratingSignals": null, "NEIGHBORHANAME": "النسيم الشرقي", "NEIGHBORHENAME": "EAST AN-NASEEM", "lon": 46.822949657432957, "lat": 24.75085253802072, "rating_range": null }, "geometry": { "type": "Point", "coordinates": [ 46.822949657432957, 24.75085253802072 ] } },
{ "type": "Feature", "properties": { "name": "Sholat Alshawayah", "categories": "Afghan Restaurant", "address": "المملكة العربية السعودية", "price": "Moderate", "likes": 0.0, "photos": "0", "tips": "0", "rating": null, "ratingSignals": null, "NEIGHBORHANAME": "النسيم الشرقي", "NEIGHBORHENAME": "EAST AN-NASEEM", "lon": 46.835906982421882, "lat": 24.751489639282234, "rating_range": null }, "geometry": { "type": "Point", "coordinates": [ 46.835906982421882, 24.751489639282234 ] } },
{ "type": "Feature", "properties": { "name": "pastaleeni", "categories": "Italian Restaurant", "address": "Othiam Mall (Khurais Roud), الرياض, المملكة العربية السعودية", "price": "Moderate", "likes": 2.0, "photos": "0", "tips": "1", "rating": null, "ratingSignals": null, "NEIGHBORHANAME": "النسيم الشرقي", "NEIGHBORHENAME": "EAST AN-NASEEM", "lon": 46.822567, "lat": 24.75104, "rating_range": null }, "geometry": { "type": "Point", "coordinates": [ 46.822567, 24.75104 ] } },
{ "type": "Feature", "properties": { "name": "مطعم شعلة الشواية", "categories": "Restaurant", "address": "الرياض 14241, المملكة العربية السعودية", "price": "Moderate", "likes": 0.0, "photos": "0", "tips": "0", "rating": null, "ratingSignals": null, "NEIGHBORHANAME": "النسيم الشرقي", "NEIGHBORHENAME": "EAST AN-NASEEM", "lon": 46.833233, "lat": 24.752328, "rating_range": null }, "geometry": { "type": "Point", "coordinates": [ 46.833233, 24.752328 ] } },
{ "type": "Feature", "properties": { "name": "اقدحح قهوه بالحياه (:", "categories": "Coffee Shop", "address": "الرياض 14241, المملكة العربية السعودية", "price": "Cheap", "likes": 0.0, "photos": "1", "tips": "0", "rating": null, "ratingSignals": null, "NEIGHBORHANAME": "النسيم الشرقي", "NEIGHBORHENAME": "EAST AN-NASEEM", "lon": 46.82733, "lat": 24.75127, "rating_range": null }, "geometry": { "type": "Point", "coordinates": [ 46.82733, 24.75127 ] } },
{ "type": "Feature", "properties": { "name": "عصائر روان", "categories": "Coffee Shop, Tea Room", "address": "الرياض (شارع أبو الأسود الدؤلي), الرياض 14241, المملكة العربية السعودية", "price": "Cheap", "likes": 0.0, "photos": "0", "tips": "0", "rating": null, "ratingSignals": null, "NEIGHBORHANAME": "النسيم الشرقي", "NEIGHBORHENAME": "EAST AN-NASEEM", "lon": 46.831465, "lat": 24.754798, "rating_range": null }, "geometry": { "type": "Point", "coordinates": [ 46.831465, 24.754798 ] } },
{ "type": "Feature", "properties": { "name": "كودو العثيم مول", "categories": "Burger Joint", "address": "المملكة العربية السعودية", "price": "Cheap", "likes": 2.0, "photos": "1", "tips": "0", "rating": null, "ratingSignals": null, "NEIGHBORHANAME": "النسيم الشرقي", "NEIGHBORHENAME": "EAST AN-NASEEM", "lon": 46.822628, "lat": 24.750928, "rating_range": null }, "geometry": { "type": "Point", "coordinates": [ 46.822628, 24.750928 ] } },
{ "type": "Feature", "properties": { "name": "Fan.Jan.Café", "categories": "Coffee Shop", "address": "المملكة العربية السعودية", "price": "Cheap", "likes": 0.0, "photos": "2", "tips": "0", "rating": null, "ratingSignals": null, "NEIGHBORHANAME": "النسيم الشرقي", "NEIGHBORHENAME": "EAST AN-NASEEM", "lon": 46.822483, "lat": 24.751128, "rating_range": null }, "geometry": { "type": "Point", "coordinates": [ 46.822483, 24.751128 ] } },
{ "type": "Feature", "properties": { "name": "AlSaaj AlReefi (الصاج الريفي)", "categories": "Middle Eastern Restaurant", "address": "النسيم (شارع خريص), الرياض, المملكة العربية السعودية", "price": "Moderate", "likes": 1.0, "photos": "2", "tips": "0", "rating": null, "ratingSignals": null, "NEIGHBORHANAME": "النسيم الشرقي", "NEIGHBORHENAME": "EAST AN-NASEEM", "lon": 46.822798308914464, "lat": 24.751041552072298, "rating_range": null }, "geometry": { "type": "Point", "coordinates": [ 46.822798308914464, 24.751041552072298 ] } },
{ "type": "Feature", "properties": { "name": "Roma Way", "categories": "Italian Restaurant", "address": "المملكة العربية السعودية", "price": "Moderate", "likes": 0.0, "photos": "0", "tips": "0", "rating": null, "ratingSignals": null, "NEIGHBORHANAME": "النسيم الشرقي", "NEIGHBORHENAME": "EAST AN-NASEEM", "lon": 46.822583, "lat": 24.750987, "rating_range": null }, "geometry": { "type": "Point", "coordinates": [ 46.822583, 24.750987 ] } },
{ "type": "Feature", "properties": { "name": "علاء الدين", "categories": "Afghan Restaurant", "address": "المملكة العربية السعودية", "price": "Moderate", "likes": 1.0, "photos": "3", "tips": "1", "rating": null, "ratingSignals": null, "NEIGHBORHANAME": "النسيم الشرقي", "NEIGHBORHENAME": "EAST AN-NASEEM", "lon": 46.82316, "lat": 24.750611, "rating_range": null }, "geometry": { "type": "Point", "coordinates": [ 46.82316, 24.750611 ] } },
{ "type": "Feature", "properties": { "name": "Costa Coffee (كوستا كوفي)", "categories": "Coffee Shop", "address": "المملكة العربية السعودية", "price": "Cheap", "likes": 6.0, "photos": "8", "tips": "0", "rating": 6.7, "ratingSignals": 8.0, "NEIGHBORHANAME": "النسيم الشرقي", "NEIGHBORHENAME": "EAST AN-NASEEM", "lon": 46.822618583139288, "lat": 24.751202426217347, "rating_range": "Medium (4–7)" }, "geometry": { "type": "Point", "coordinates": [ 46.822618583139288, 24.751202426217347 ] } },
{ "type": "Feature", "properties": { "name": "فوال السبيعي", "categories": "Breakfast Spot", "address": "الرياض 14242, المملكة العربية السعودية", "price": "Cheap", "likes": 0.0, "photos": "1", "tips": "0", "rating": null, "ratingSignals": null, "NEIGHBORHANAME": "النسيم الشرقي", "NEIGHBORHENAME": "EAST AN-NASEEM", "lon": 46.838128, "lat": 24.750793, "rating_range": null }, "geometry": { "type": "Point", "coordinates": [ 46.838128, 24.750793 ] } },
{ "type": "Feature", "properties": { "name": "Burger KING ~ Khurais", "categories": "Fast Food Restaurant", "address": "Sasco Khurais, الرياض, المملكة العربية السعودية", "price": "Cheap", "likes": 1.0, "photos": "4", "tips": "0", "rating": null, "ratingSignals": null, "NEIGHBORHANAME": "النسيم الشرقي", "NEIGHBORHENAME": "EAST AN-NASEEM", "lon": 46.832329422973061, "lat": 24.757671951002358, "rating_range": null }, "geometry": { "type": "Point", "coordinates": [ 46.832329422973061, 24.757671951002358 ] } },
{ "type": "Feature", "properties": { "name": "Fawal Alarrab (فوال العراب)", "categories": "Yemeni Restaurant", "address": "الرياض 14242, المملكة العربية السعودية", "price": null, "likes": 0.0, "photos": "1", "tips": "0", "rating": null, "ratingSignals": null, "NEIGHBORHANAME": "النسيم الشرقي", "NEIGHBORHENAME": "EAST AN-NASEEM", "lon": 46.83967, "lat": 24.75991, "rating_range": null }, "geometry": { "type": "Point", "coordinates": [ 46.83967, 24.75991 ] } },
{ "type": "Feature", "properties": { "name": "الديوانية الذهبية للقهوة العربية", "categories": "Coffee Shop", "address": "الرياض (شارع الكرامة), النسيم الشرقي 14242, المملكة العربية السعودية", "price": "Cheap", "likes": 1.0, "photos": "5", "tips": "1", "rating": null, "ratingSignals": null, "NEIGHBORHANAME": "النسيم الشرقي", "NEIGHBORHENAME": "EAST AN-NASEEM", "lon": 46.840667, "lat": 24.760554, "rating_range": null }, "geometry": { "type": "Point", "coordinates": [ 46.840667, 24.760554 ] } },
{ "type": "Feature", "properties": { "name": "AlArrab Restaurant", "categories": "Middle Eastern Restaurant", "address": "الرياض 14242, المملكة العربية السعودية", "price": "Moderate", "likes": 0.0, "photos": "0", "tips": "0", "rating": null, "ratingSignals": null, "NEIGHBORHANAME": "النسيم الشرقي", "NEIGHBORHENAME": "EAST AN-NASEEM", "lon": 46.840358, "lat": 24.760325, "rating_range": null }, "geometry": { "type": "Point", "coordinates": [ 46.840358, 24.760325 ] } },
{ "type": "Feature", "properties": { "name": "Dominos’s Pizza", "categories": "Pizza Place", "address": "Khalid Bin Waleed (Al Imam), الرياض, المملكة العربية السعودية", "price": "Cheap", "likes": 11.0, "photos": "8", "tips": "0", "rating": 7.8, "ratingSignals": 13.0, "NEIGHBORHANAME": "غرناطة", "NEIGHBORHENAME": "GHIRNATAH", "lon": 46.748468198869048, "lat": 24.784639613897813, "rating_range": "High (8–10)" }, "geometry": { "type": "Point", "coordinates": [ 46.748468198869048, 24.784639613897813 ] } },
{ "type": "Feature", "properties": { "name": "Yummy Yogurt (يمي يوقرت)", "categories": "Frozen Yogurt Shop", "address": "Ghirnatah, الرياض, المملكة العربية السعودية", "price": "Cheap", "likes": 137.0, "photos": "47", "tips": "12", "rating": 8.3, "ratingSignals": 162.0, "NEIGHBORHANAME": "غرناطة", "NEIGHBORHENAME": "GHIRNATAH", "lon": 46.74904424191417, "lat": 24.784175392834214, "rating_range": "High (8–10)" }, "geometry": { "type": "Point", "coordinates": [ 46.74904424191417, 24.784175392834214 ] } },
{ "type": "Feature", "properties": { "name": "The YellowBerry (ذي يلوبيري)", "categories": "Restaurant", "address": "Khalid Bin Alwaleed  || Exit 9, الرياض, المملكة العربية السعودية", "price": "Moderate", "likes": 67.0, "photos": "80", "tips": "47", "rating": 5.8, "ratingSignals": 120.0, "NEIGHBORHANAME": "غرناطة", "NEIGHBORHENAME": "GHIRNATAH", "lon": 46.748304055876801, "lat": 24.784323397870413, "rating_range": "Medium (4–7)" }, "geometry": { "type": "Point", "coordinates": [ 46.748304055876801, 24.784323397870413 ] } },
{ "type": "Feature", "properties": { "name": "90Grinder Speciality Coffee", "categories": "Coffee Shop", "address": "الرياض 13242, المملكة العربية السعودية", "price": "Cheap", "likes": 5.0, "photos": "69", "tips": "3", "rating": null, "ratingSignals": null, "NEIGHBORHANAME": "غرناطة", "NEIGHBORHENAME": "GHIRNATAH", "lon": 46.749914, "lat": 24.784527, "rating_range": null }, "geometry": { "type": "Point", "coordinates": [ 46.749914, 24.784527 ] } },
{ "type": "Feature", "properties": { "name": "Lamat Remas Bukarari (مطعم لمعة ريماس البخاري)", "categories": "Afghan Restaurant", "address": "khaled bin waleed road, الرياض, المملكة العربية السعودية", "price": "Moderate", "likes": 10.0, "photos": "6", "tips": "0", "rating": 7.2, "ratingSignals": 13.0, "NEIGHBORHANAME": "غرناطة", "NEIGHBORHENAME": "GHIRNATAH", "lon": 46.747554096721792, "lat": 24.786429892615711, "rating_range": "High (8–10)" }, "geometry": { "type": "Point", "coordinates": [ 46.747554096721792, 24.786429892615711 ] } },
{ "type": "Feature", "properties": { "name": "مطعم تقسيم التركي", "categories": "Doner Restaurant, Turkish Restaurant", "address": "Imam Abdullah Ibn Saud Ibn Abdulaziz Rd, الرياض 13242, المملكة العربية السعودية", "price": null, "likes": 2.0, "photos": "4", "tips": "1", "rating": null, "ratingSignals": null, "NEIGHBORHANAME": "غرناطة", "NEIGHBORHENAME": "GHIRNATAH", "lon": 46.751417, "lat": 24.785171, "rating_range": null }, "geometry": { "type": "Point", "coordinates": [ 46.751417, 24.785171 ] } },
{ "type": "Feature", "properties": { "name": "bugsha Cafe (بقشة كافيه)", "categories": "Coffee Shop, Café, Dessert Shop", "address": "Khalid Ibn Alwalid St. (Al Imam Saud Ibn Abdul Aziz), الرياض, المملكة العربية السعودية", "price": "Cheap", "likes": 121.0, "photos": "119", "tips": "48", "rating": 6.6, "ratingSignals": 173.0, "NEIGHBORHANAME": "غرناطة", "NEIGHBORHENAME": "GHIRNATAH", "lon": 46.748901497034929, "lat": 24.784046592403609, "rating_range": "Medium (4–7)" }, "geometry": { "type": "Point", "coordinates": [ 46.748901497034929, 24.784046592403609 ] } },
{ "type": "Feature", "properties": { "name": "Ateej Restaurant مطعم عتيج", "categories": "Restaurant", "address": "Riyadh (Khalid Ibn Alwaleed Street), الرياض 13242, المملكة العربية السعودية", "price": "Moderate", "likes": 3.0, "photos": "25", "tips": "1", "rating": null, "ratingSignals": null, "NEIGHBORHANAME": "غرناطة", "NEIGHBORHENAME": "GHIRNATAH", "lon": 46.748456, "lat": 24.784433, "rating_range": null }, "geometry": { "type": "Point", "coordinates": [ 46.748456, 24.784433 ] } },
{ "type": "Feature", "properties": { "name": "fouchy cafe (فوتشي كافيه)", "categories": "Coffee Shop", "address": "مخرج٩ (الامام), الرياض, المملكة العربية السعودية", "price": "Cheap", "likes": 10.0, "photos": "13", "tips": "1", "rating": 7.4, "ratingSignals": 12.0, "NEIGHBORHANAME": "غرناطة", "NEIGHBORHENAME": "GHIRNATAH", "lon": 46.749738, "lat": 24.784568, "rating_range": "High (8–10)" }, "geometry": { "type": "Point", "coordinates": [ 46.749738, 24.784568 ] } },
{ "type": "Feature", "properties": { "name": "ذوق الكيف", "categories": "Coffee Shop", "address": "المملكة العربية السعودية", "price": "Cheap", "likes": 6.0, "photos": "3", "tips": "0", "rating": 6.2, "ratingSignals": 9.0, "NEIGHBORHANAME": "غرناطة", "NEIGHBORHENAME": "GHIRNATAH", "lon": 46.751596772164213, "lat": 24.78521093944396, "rating_range": "Medium (4–7)" }, "geometry": { "type": "Point", "coordinates": [ 46.751596772164213, 24.78521093944396 ] } },
{ "type": "Feature", "properties": { "name": "شاهي وتشباتي ابو فهد", "categories": "Food Truck", "address": "قبل مكان مول (شارع الخير), الرياض 13521, المملكة العربية السعودية", "price": "Cheap", "likes": 133.0, "photos": "391", "tips": "27", "rating": 9.0, "ratingSignals": 155.0, "NEIGHBORHANAME": "اليرموك", "NEIGHBORHENAME": "AL-YARMUK", "lon": 46.766216405836659, "lat": 24.796818696372885, "rating_range": "High (8–10)" }, "geometry": { "type": "Point", "coordinates": [ 46.766216405836659, 24.796818696372885 ] } },
{ "type": "Feature", "properties": { "name": "بانوراما مول ترايدرفكس", "categories": "Coffee Shop", "address": "المملكة العربية السعودية", "price": "Cheap", "likes": 5.0, "photos": "6", "tips": "4", "rating": null, "ratingSignals": null, "NEIGHBORHANAME": "غرناطة", "NEIGHBORHENAME": "GHIRNATAH", "lon": 46.752031284700344, "lat": 24.789828627114073, "rating_range": null }, "geometry": { "type": "Point", "coordinates": [ 46.752031284700344, 24.789828627114073 ] } },
{ "type": "Feature", "properties": { "name": "Wavee Café", "categories": "Coffee Shop", "address": "EID Compound, المملكة العربية السعودية", "price": "Cheap", "likes": 1.0, "photos": "0", "tips": "0", "rating": null, "ratingSignals": null, "NEIGHBORHANAME": "غرناطة", "NEIGHBORHENAME": "GHIRNATAH", "lon": 46.751424, "lat": 24.791847, "rating_range": null }, "geometry": { "type": "Point", "coordinates": [ 46.751424, 24.791847 ] } },
{ "type": "Feature", "properties": { "name": "مطعم عتيج", "categories": "Asian Restaurant", "address": "الرياض 13242, المملكة العربية السعودية", "price": "Moderate", "likes": 10.0, "photos": "59", "tips": "2", "rating": 7.9, "ratingSignals": 14.0, "NEIGHBORHANAME": "غرناطة", "NEIGHBORHENAME": "GHIRNATAH", "lon": 46.748394, "lat": 24.784578, "rating_range": "High (8–10)" }, "geometry": { "type": "Point", "coordinates": [ 46.748394, 24.784578 ] } },
{ "type": "Feature", "properties": { "name": "Hawa beirut", "categories": "Eastern European Restaurant", "address": "المملكة العربية السعودية", "price": "Moderate", "likes": 2.0, "photos": "1", "tips": "0", "rating": null, "ratingSignals": null, "NEIGHBORHANAME": "غرناطة", "NEIGHBORHENAME": "GHIRNATAH", "lon": 46.754266, "lat": 24.788833, "rating_range": null }, "geometry": { "type": "Point", "coordinates": [ 46.754266, 24.788833 ] } },
{ "type": "Feature", "properties": { "name": "Granada Coffee Shop", "categories": "Coffee Shop", "address": "المملكة العربية السعودية", "price": "Cheap", "likes": 2.0, "photos": "2", "tips": "0", "rating": null, "ratingSignals": null, "NEIGHBORHANAME": "غرناطة", "NEIGHBORHENAME": "GHIRNATAH", "lon": 46.754402278060859, "lat": 24.788794510610884, "rating_range": null }, "geometry": { "type": "Point", "coordinates": [ 46.754402278060859, 24.788794510610884 ] } },
{ "type": "Feature", "properties": { "name": "Shawaya Restaurants", "categories": "Middle Eastern Restaurant", "address": "الرياض 4279, المملكة العربية السعودية", "price": "Moderate", "likes": 0.0, "photos": "1", "tips": "0", "rating": null, "ratingSignals": null, "NEIGHBORHANAME": "غرناطة", "NEIGHBORHENAME": "GHIRNATAH", "lon": 46.765852634722656, "lat": 24.79195166285097, "rating_range": null }, "geometry": { "type": "Point", "coordinates": [ 46.765852634722656, 24.79195166285097 ] } },
{ "type": "Feature", "properties": { "name": "بوفية كبدة حاشي", "categories": "Breakfast Spot", "address": "الرياض 13242, المملكة العربية السعودية", "price": "Cheap", "likes": 8.0, "photos": "10", "tips": "2", "rating": 7.9, "ratingSignals": 9.0, "NEIGHBORHANAME": "غرناطة", "NEIGHBORHENAME": "GHIRNATAH", "lon": 46.74249165296753, "lat": 24.79605557666423, "rating_range": "High (8–10)" }, "geometry": { "type": "Point", "coordinates": [ 46.74249165296753, 24.79605557666423 ] } },
{ "type": "Feature", "properties": { "name": "BLUDAN (بلودان)", "categories": "Juice Bar", "address": "Ghirnatah (Khalid Ibn Al Walid St.), الرياض 13242, المملكة العربية السعودية", "price": "Cheap", "likes": 13.0, "photos": "8", "tips": "0", "rating": 6.6, "ratingSignals": 18.0, "NEIGHBORHANAME": "غرناطة", "NEIGHBORHENAME": "GHIRNATAH", "lon": 46.742223434262407, "lat": 24.79650486299991, "rating_range": "Medium (4–7)" }, "geometry": { "type": "Point", "coordinates": [ 46.742223434262407, 24.79650486299991 ] } },
{ "type": "Feature", "properties": { "name": "Alforn Alrifi (الفرن الريفي)", "categories": "Mediterranean Restaurant", "address": "7361 Khalid Ibn Al Walid Street, Ghirnatah, الرياض 13242, المملكة العربية السعودية", "price": "Moderate", "likes": 9.0, "photos": "19", "tips": "4", "rating": 8.2, "ratingSignals": 9.0, "NEIGHBORHANAME": "غرناطة", "NEIGHBORHENAME": "GHIRNATAH", "lon": 46.742424, "lat": 24.796112, "rating_range": "High (8–10)" }, "geometry": { "type": "Point", "coordinates": [ 46.742424, 24.796112 ] } },
{ "type": "Feature", "properties": { "name": "Falafelg فلافلجي", "categories": "Falafel Restaurant", "address": "Granatah , Kald bin Walled Road غرناطه , طريق خالد بن وليد, الرياض 13242, المملكة العربية السعودية", "price": "Cheap", "likes": 2.0, "photos": "7", "tips": "0", "rating": null, "ratingSignals": null, "NEIGHBORHANAME": "غرناطة", "NEIGHBORHENAME": "GHIRNATAH", "lon": 46.743416, "lat": 24.794748, "rating_range": null }, "geometry": { "type": "Point", "coordinates": [ 46.743416, 24.794748 ] } },
{ "type": "Feature", "properties": { "name": "بخاري ومضغوط الخيام", "categories": "Middle Eastern Restaurant, Halal Restaurant, African Restaurant", "address": "الرياض, المملكة العربية السعودية", "price": "Moderate", "likes": 6.0, "photos": "3", "tips": "2", "rating": 6.4, "ratingSignals": 9.0, "NEIGHBORHANAME": "غرناطة", "NEIGHBORHENAME": "GHIRNATAH", "lon": 46.74276, "lat": 24.795938, "rating_range": "Medium (4–7)" }, "geometry": { "type": "Point", "coordinates": [ 46.74276, 24.795938 ] } },
{ "type": "Feature", "properties": { "name": "مخبز مرزوقة", "categories": "Bakery", "address": "قرطبة (خالد بن الوليد), الرياض 2292, المملكة العربية السعودية", "price": "Cheap", "likes": 1.0, "photos": "1", "tips": "1", "rating": null, "ratingSignals": null, "NEIGHBORHANAME": "غرناطة", "NEIGHBORHENAME": "GHIRNATAH", "lon": 46.743011198259538, "lat": 24.796062736232773, "rating_range": null }, "geometry": { "type": "Point", "coordinates": [ 46.743011198259538, 24.796062736232773 ] } },
{ "type": "Feature", "properties": { "name": "Matham Bukhari", "categories": "BBQ Joint", "address": "المملكة العربية السعودية", "price": "Moderate", "likes": 0.0, "photos": "0", "tips": "0", "rating": null, "ratingSignals": null, "NEIGHBORHANAME": "غرناطة", "NEIGHBORHENAME": "GHIRNATAH", "lon": 46.743020642528208, "lat": 24.795102232405807, "rating_range": null }, "geometry": { "type": "Point", "coordinates": [ 46.743020642528208, 24.795102232405807 ] } },
{ "type": "Feature", "properties": { "name": "مطبخ الثمامه", "categories": "Diner", "address": "المملكة العربية السعودية", "price": "Cheap", "likes": 0.0, "photos": "0", "tips": "0", "rating": null, "ratingSignals": null, "NEIGHBORHANAME": "غرناطة", "NEIGHBORHENAME": "GHIRNATAH", "lon": 46.743865, "lat": 24.793492, "rating_range": null }, "geometry": { "type": "Point", "coordinates": [ 46.743865, 24.793492 ] } },
{ "type": "Feature", "properties": { "name": "فوال و مطبق", "categories": "Afghan Restaurant", "address": "المملكة العربية السعودية", "price": "Moderate", "likes": 1.0, "photos": "4", "tips": "0", "rating": null, "ratingSignals": null, "NEIGHBORHANAME": "غرناطة", "NEIGHBORHENAME": "GHIRNATAH", "lon": 46.743771467575257, "lat": 24.7936576025525, "rating_range": null }, "geometry": { "type": "Point", "coordinates": [ 46.743771467575257, 24.7936576025525 ] } },
{ "type": "Feature", "properties": { "name": "Chicken Day (يوم الدجاج)", "categories": "Fried Chicken Joint", "address": "khalid bin Alwalid, الرياض 13242, المملكة العربية السعودية", "price": "Cheap", "likes": 0.0, "photos": "1", "tips": "0", "rating": null, "ratingSignals": null, "NEIGHBORHANAME": "غرناطة", "NEIGHBORHENAME": "GHIRNATAH", "lon": 46.74385, "lat": 24.793934, "rating_range": null }, "geometry": { "type": "Point", "coordinates": [ 46.74385, 24.793934 ] } },
{ "type": "Feature", "properties": { "name": "فرن الضيعة", "categories": "Bakery", "address": "المملكة العربية السعودية", "price": "Cheap", "likes": 1.0, "photos": "2", "tips": "1", "rating": null, "ratingSignals": null, "NEIGHBORHANAME": "غرناطة", "NEIGHBORHENAME": "GHIRNATAH", "lon": 46.74726, "lat": 24.794015, "rating_range": null }, "geometry": { "type": "Point", "coordinates": [ 46.74726, 24.794015 ] } },
{ "type": "Feature", "properties": { "name": "Welcome Fast Food", "categories": "Indian Restaurant", "address": "المملكة العربية السعودية", "price": "Moderate", "likes": 2.0, "photos": "0", "tips": "0", "rating": null, "ratingSignals": null, "NEIGHBORHANAME": "غرناطة", "NEIGHBORHENAME": "GHIRNATAH", "lon": 46.746826, "lat": 24.794182, "rating_range": null }, "geometry": { "type": "Point", "coordinates": [ 46.746826, 24.794182 ] } },
{ "type": "Feature", "properties": { "name": "مستر شاورما Mr. Shawarma", "categories": "Shawarma Place", "address": "شارع خالد بن الوليد, الرياض, المملكة العربية السعودية", "price": null, "likes": 1.0, "photos": "5", "tips": "0", "rating": null, "ratingSignals": null, "NEIGHBORHANAME": "غرناطة", "NEIGHBORHENAME": "GHIRNATAH", "lon": 46.742321, "lat": 24.796812, "rating_range": null }, "geometry": { "type": "Point", "coordinates": [ 46.742321, 24.796812 ] } },
{ "type": "Feature", "properties": { "name": "Pizza Hut Take Away- Exit 8", "categories": "Pizza Place", "address": "الرياض, المملكة العربية السعودية", "price": "Cheap", "likes": 0.0, "photos": "1", "tips": "0", "rating": null, "ratingSignals": null, "NEIGHBORHANAME": "غرناطة", "NEIGHBORHENAME": "GHIRNATAH", "lon": 46.747417142626318, "lat": 24.795414741908392, "rating_range": null }, "geometry": { "type": "Point", "coordinates": [ 46.747417142626318, 24.795414741908392 ] } },
{ "type": "Feature", "properties": { "name": "تربل تو222", "categories": "Burger Joint", "address": "المملكة العربية السعودية", "price": "Cheap", "likes": 0.0, "photos": "0", "tips": "0", "rating": null, "ratingSignals": null, "NEIGHBORHANAME": "غرناطة", "NEIGHBORHENAME": "GHIRNATAH", "lon": 46.749422, "lat": 24.797615, "rating_range": null }, "geometry": { "type": "Point", "coordinates": [ 46.749422, 24.797615 ] } },
{ "type": "Feature", "properties": { "name": "اكلات شعبية", "categories": "Arepa Restaurant", "address": "الرياض, المملكة العربية السعودية", "price": "Cheap", "likes": 0.0, "photos": "2", "tips": "0", "rating": null, "ratingSignals": null, "NEIGHBORHANAME": "غرناطة", "NEIGHBORHENAME": "GHIRNATAH", "lon": 46.757311857207966, "lat": 24.794860424923481, "rating_range": null }, "geometry": { "type": "Point", "coordinates": [ 46.757311857207966, 24.794860424923481 ] } },
{ "type": "Feature", "properties": { "name": "Starbucks", "categories": "Coffee Shop", "address": "اطياف مول, الرياض 13243, المملكة العربية السعودية", "price": "Cheap", "likes": 35.0, "photos": "177", "tips": "3", "rating": 8.1, "ratingSignals": 43.0, "NEIGHBORHANAME": "اليرموك", "NEIGHBORHENAME": "AL-YARMUK", "lon": 46.767791, "lat": 24.792796, "rating_range": "High (8–10)" }, "geometry": { "type": "Point", "coordinates": [ 46.767791, 24.792796 ] } },
{ "type": "Feature", "properties": { "name": "MAG", "categories": "Ice Cream Shop, Coffee Shop", "address": "الرياض 13243, المملكة العربية السعودية", "price": "Cheap", "likes": 1.0, "photos": "28", "tips": "2", "rating": null, "ratingSignals": null, "NEIGHBORHANAME": "اليرموك", "NEIGHBORHENAME": "AL-YARMUK", "lon": 46.767398, "lat": 24.792664, "rating_range": null }, "geometry": { "type": "Point", "coordinates": [ 46.767398, 24.792664 ] } },
{ "type": "Feature", "properties": { "name": "MammaBunz Cafe", "categories": "Coffee Shop", "address": "الرياض 13243, المملكة العربية السعودية", "price": "Cheap", "likes": 23.0, "photos": "29", "tips": "7", "rating": 7.6, "ratingSignals": 33.0, "NEIGHBORHANAME": "اليرموك", "NEIGHBORHENAME": "AL-YARMUK", "lon": 46.766872988891897, "lat": 24.792670370938069, "rating_range": "High (8–10)" }, "geometry": { "type": "Point", "coordinates": [ 46.766872988891897, 24.792670370938069 ] } },
{ "type": "Feature", "properties": { "name": "Kitchen 35", "categories": "Coffee Shop", "address": "الرياض 13243, المملكة العربية السعودية", "price": "Cheap", "likes": 0.0, "photos": "2", "tips": "0", "rating": null, "ratingSignals": null, "NEIGHBORHANAME": "اليرموك", "NEIGHBORHENAME": "AL-YARMUK", "lon": 46.767588, "lat": 24.7931, "rating_range": null }, "geometry": { "type": "Point", "coordinates": [ 46.767588, 24.7931 ] } },
{ "type": "Feature", "properties": { "name": "Tim Hortons", "categories": "Coffee Shop", "address": "الرياض 13243, المملكة العربية السعودية", "price": "Cheap", "likes": 0.0, "photos": "1", "tips": "0", "rating": null, "ratingSignals": null, "NEIGHBORHANAME": "اليرموك", "NEIGHBORHENAME": "AL-YARMUK", "lon": 46.767678, "lat": 24.792914, "rating_range": null }, "geometry": { "type": "Point", "coordinates": [ 46.767678, 24.792914 ] } },
{ "type": "Feature", "properties": { "name": "Heart Talk حوار قلب", "categories": "Juice Bar", "address": "Atyaf mall gate 5, الرياض 13243, المملكة العربية السعودية", "price": "Cheap", "likes": 8.0, "photos": "2", "tips": "0", "rating": 6.2, "ratingSignals": 15.0, "NEIGHBORHANAME": "اليرموك", "NEIGHBORHENAME": "AL-YARMUK", "lon": 46.7678, "lat": 24.793296, "rating_range": "Medium (4–7)" }, "geometry": { "type": "Point", "coordinates": [ 46.7678, 24.793296 ] } },
{ "type": "Feature", "properties": { "name": "Krispy Kreme (كرسبي كريم)", "categories": "Donut Shop, Coffee Shop", "address": "الرياض 13243, المملكة العربية السعودية", "price": "Cheap", "likes": 0.0, "photos": "8", "tips": "0", "rating": 7.3, "ratingSignals": 0.0, "NEIGHBORHANAME": "اليرموك", "NEIGHBORHENAME": "AL-YARMUK", "lon": 46.767869, "lat": 24.792437, "rating_range": "High (8–10)" }, "geometry": { "type": "Point", "coordinates": [ 46.767869, 24.792437 ] } },
{ "type": "Feature", "properties": { "name": "ALBAIK (البيك)", "categories": "Fried Chicken Joint", "address": "الرياض 13243, المملكة العربية السعودية", "price": "Cheap", "likes": 2.0, "photos": "2", "tips": "1", "rating": null, "ratingSignals": null, "NEIGHBORHANAME": "اليرموك", "NEIGHBORHENAME": "AL-YARMUK", "lon": 46.767556, "lat": 24.793175, "rating_range": null }, "geometry": { "type": "Point", "coordinates": [ 46.767556, 24.793175 ] } },
{ "type": "Feature", "properties": { "name": "Potato Corner", "categories": "Snack Place", "address": "الرياض 13243, المملكة العربية السعودية", "price": "Cheap", "likes": 0.0, "photos": "4", "tips": "0", "rating": null, "ratingSignals": null, "NEIGHBORHANAME": "اليرموك", "NEIGHBORHENAME": "AL-YARMUK", "lon": 46.767311, "lat": 24.793698, "rating_range": null }, "geometry": { "type": "Point", "coordinates": [ 46.767311, 24.793698 ] } },
{ "type": "Feature", "properties": { "name": "Cinnabon (سينابون)", "categories": "Coffee Shop", "address": "الرياض 13243, المملكة العربية السعودية", "price": "Cheap", "likes": 0.0, "photos": "0", "tips": "0", "rating": null, "ratingSignals": null, "NEIGHBORHANAME": "اليرموك", "NEIGHBORHENAME": "AL-YARMUK", "lon": 46.767869, "lat": 24.792811, "rating_range": null }, "geometry": { "type": "Point", "coordinates": [ 46.767869, 24.792811 ] } },
{ "type": "Feature", "properties": { "name": "Heart Talk حوار قلب", "categories": "Juice Bar", "address": "Atyaf mall gate 5, الرياض 13243, المملكة العربية السعودية", "price": "Cheap", "likes": 0.0, "photos": "0", "tips": "0", "rating": null, "ratingSignals": null, "NEIGHBORHANAME": "اليرموك", "NEIGHBORHENAME": "AL-YARMUK", "lon": 46.767657, "lat": 24.792874, "rating_range": null }, "geometry": { "type": "Point", "coordinates": [ 46.767657, 24.792874 ] } },
{ "type": "Feature", "properties": { "name": "Molten Chocolate Cafe", "categories": "Café, Chocolate Shop", "address": "اطياف مول (بوابة ٣), الرياض 13243, المملكة العربية السعودية", "price": "Cheap", "likes": 23.0, "photos": "50", "tips": "3", "rating": 8.1, "ratingSignals": 28.0, "NEIGHBORHANAME": "اليرموك", "NEIGHBORHENAME": "AL-YARMUK", "lon": 46.768285699463618, "lat": 24.793424233643702, "rating_range": "High (8–10)" }, "geometry": { "type": "Point", "coordinates": [ 46.768285699463618, 24.793424233643702 ] } },
{ "type": "Feature", "properties": { "name": "Coffee & Cake Cafe", "categories": "Coffee Shop", "address": "Imam Abdullah Ibn Saud Ibn Abdulaziz Branch Rd, الرياض 13243, المملكة العربية السعودية", "price": "Cheap", "likes": 3.0, "photos": "9", "tips": "2", "rating": null, "ratingSignals": null, "NEIGHBORHANAME": "اليرموك", "NEIGHBORHENAME": "AL-YARMUK", "lon": 46.772942, "lat": 24.794299, "rating_range": null }, "geometry": { "type": "Point", "coordinates": [ 46.772942, 24.794299 ] } },
{ "type": "Feature", "properties": { "name": "Russo's New York Pizzaria", "categories": "Pizza Place", "address": "الرياض 13243, المملكة العربية السعودية", "price": "Cheap", "likes": 0.0, "photos": "1", "tips": "0", "rating": null, "ratingSignals": null, "NEIGHBORHANAME": "اليرموك", "NEIGHBORHENAME": "AL-YARMUK", "lon": 46.767979, "lat": 24.793296, "rating_range": null }, "geometry": { "type": "Point", "coordinates": [ 46.767979, 24.793296 ] } },
{ "type": "Feature", "properties": { "name": "Fire Grill", "categories": "Mexican Restaurant", "address": "الرياض 13243, المملكة العربية السعودية", "price": "Cheap", "likes": 0.0, "photos": "2", "tips": "0", "rating": null, "ratingSignals": null, "NEIGHBORHANAME": "اليرموك", "NEIGHBORHENAME": "AL-YARMUK", "lon": 46.76796, "lat": 24.793232, "rating_range": null }, "geometry": { "type": "Point", "coordinates": [ 46.76796, 24.793232 ] } },
{ "type": "Feature", "properties": { "name": "Coffee", "categories": "Coffee Shop", "address": "المملكة العربية السعودية", "price": "Cheap", "likes": 1.0, "photos": "1", "tips": "0", "rating": null, "ratingSignals": null, "NEIGHBORHANAME": "اليرموك", "NEIGHBORHENAME": "AL-YARMUK", "lon": 46.77302, "lat": 24.794268, "rating_range": null }, "geometry": { "type": "Point", "coordinates": [ 46.77302, 24.794268 ] } },
{ "type": "Feature", "properties": { "name": "DANA CAFE (دانة القهوة)", "categories": "Coffee Shop", "address": "المملكة العربية السعودية", "price": "Cheap", "likes": 5.0, "photos": "3", "tips": "0", "rating": null, "ratingSignals": null, "NEIGHBORHANAME": "اليرموك", "NEIGHBORHENAME": "AL-YARMUK", "lon": 46.767961059087646, "lat": 24.795609594699087, "rating_range": null }, "geometry": { "type": "Point", "coordinates": [ 46.767961059087646, 24.795609594699087 ] } },
{ "type": "Feature", "properties": { "name": "Dunkin' Donuts", "categories": "Donut Shop", "address": "Imam Abdullah Rd, الرياض, المملكة العربية السعودية", "price": "Cheap", "likes": 271.0, "photos": "377", "tips": "26", "rating": 8.9, "ratingSignals": 316.0, "NEIGHBORHANAME": "اليرموك", "NEIGHBORHENAME": "AL-YARMUK", "lon": 46.773720158277023, "lat": 24.794544693989028, "rating_range": "High (8–10)" }, "geometry": { "type": "Point", "coordinates": [ 46.773720158277023, 24.794544693989028 ] } },
{ "type": "Feature", "properties": { "name": "Java Time (جاڤا تايم)", "categories": "Coffee Shop", "address": "حي اليرموك Yarmouk Area (Exit. 9 مخرج ٩), الرياض, المملكة العربية السعودية", "price": "Cheap", "likes": 316.0, "photos": "292", "tips": "47", "rating": 8.9, "ratingSignals": 369.0, "NEIGHBORHANAME": "اليرموك", "NEIGHBORHENAME": "AL-YARMUK", "lon": 46.773892551292683, "lat": 24.794783482736371, "rating_range": "High (8–10)" }, "geometry": { "type": "Point", "coordinates": [ 46.773892551292683, 24.794783482736371 ] } },
{ "type": "Feature", "properties": { "name": "فوّال وشعبيات هبوب الطائف", "categories": "Middle Eastern Restaurant, Breakfast Spot, Falafel Restaurant", "address": "الرياض, المملكة العربية السعودية", "price": "Moderate", "likes": 10.0, "photos": "38", "tips": "5", "rating": 5.4, "ratingSignals": 25.0, "NEIGHBORHANAME": "اليرموك", "NEIGHBORHENAME": "AL-YARMUK", "lon": 46.779319304966144, "lat": 24.797020499677497, "rating_range": "Medium (4–7)" }, "geometry": { "type": "Point", "coordinates": [ 46.779319304966144, 24.797020499677497 ] } },
{ "type": "Feature", "properties": { "name": "مطعم أنوار دمشق", "categories": "Middle Eastern Restaurant", "address": "المملكة العربية السعودية", "price": "Moderate", "likes": 0.0, "photos": "0", "tips": "1", "rating": null, "ratingSignals": null, "NEIGHBORHANAME": "اليرموك", "NEIGHBORHENAME": "AL-YARMUK", "lon": 46.778812, "lat": 24.796778, "rating_range": null }, "geometry": { "type": "Point", "coordinates": [ 46.778812, 24.796778 ] } },
{ "type": "Feature", "properties": { "name": "Al Saaj Al Reefi (الصاج الريفي)", "categories": "Bistro", "address": "المملكة العربية السعودية", "price": null, "likes": 2.0, "photos": "13", "tips": "1", "rating": null, "ratingSignals": null, "NEIGHBORHANAME": "اليرموك", "NEIGHBORHENAME": "AL-YARMUK", "lon": 46.773754, "lat": 24.794562, "rating_range": null }, "geometry": { "type": "Point", "coordinates": [ 46.773754, 24.794562 ] } },
{ "type": "Feature", "properties": { "name": "مطاعم ركن البحر", "categories": "Seafood Restaurant", "address": "المملكة العربية السعودية", "price": "Expensive", "likes": 0.0, "photos": "3", "tips": "1", "rating": null, "ratingSignals": null, "NEIGHBORHANAME": "اليرموك", "NEIGHBORHENAME": "AL-YARMUK", "lon": 46.773828, "lat": 24.795148, "rating_range": null }, "geometry": { "type": "Point", "coordinates": [ 46.773828, 24.795148 ] } },
{ "type": "Feature", "properties": { "name": "كيك و كافي", "categories": "Lounge, Coffee Shop", "address": "3534 شارع علي بن رومي (طريق الامام عبد الله بن سعود بن عبد العزيز), الرياض 13243, المملكة العربية السعودية", "price": "Expensive", "likes": 0.0, "photos": "7", "tips": "0", "rating": null, "ratingSignals": null, "NEIGHBORHANAME": "اليرموك", "NEIGHBORHENAME": "AL-YARMUK", "lon": 46.773053, "lat": 24.794313, "rating_range": null }, "geometry": { "type": "Point", "coordinates": [ 46.773053, 24.794313 ] } },
{ "type": "Feature", "properties": { "name": "McDonald's", "categories": "Fast Food Restaurant", "address": "Dammam Rd (Khalid Ibn Al-Walid St.), الرياض, المملكة العربية السعودية", "price": "Cheap", "likes": 282.0, "photos": "245", "tips": "28", "rating": 7.8, "ratingSignals": 400.0, "NEIGHBORHANAME": "غرناطة", "NEIGHBORHENAME": "GHIRNATAH", "lon": 46.740897204359406, "lat": 24.799803915126265, "rating_range": "High (8–10)" }, "geometry": { "type": "Point", "coordinates": [ 46.740897204359406, 24.799803915126265 ] } },
{ "type": "Feature", "properties": { "name": "Falafel Themar (فلافل ثمار)", "categories": "Falafel Restaurant", "address": "Khalid Ibn Al Walid St., الرياض, المملكة العربية السعودية", "price": "Cheap", "likes": 184.0, "photos": "31", "tips": "39", "rating": 8.5, "ratingSignals": 230.0, "NEIGHBORHANAME": "غرناطة", "NEIGHBORHENAME": "GHIRNATAH", "lon": 46.741193694843425, "lat": 24.798641988331379, "rating_range": "High (8–10)" }, "geometry": { "type": "Point", "coordinates": [ 46.741193694843425, 24.798641988331379 ] } },
{ "type": "Feature", "properties": { "name": "كبدة حاشي & كبدة غنم", "categories": "Breakfast Spot", "address": "Khaleed bin alwaleed street, الرياض, المملكة العربية السعودية", "price": "Cheap", "likes": 30.0, "photos": "26", "tips": "5", "rating": 7.9, "ratingSignals": 38.0, "NEIGHBORHANAME": "غرناطة", "NEIGHBORHENAME": "GHIRNATAH", "lon": 46.74088849030111, "lat": 24.799164000459964, "rating_range": "High (8–10)" }, "geometry": { "type": "Point", "coordinates": [ 46.74088849030111, 24.799164000459964 ] } },
{ "type": "Feature", "properties": { "name": "بوفيه ابونعمان", "categories": "Middle Eastern Restaurant", "address": "الرياض, المملكة العربية السعودية", "price": "Moderate", "likes": 12.0, "photos": "12", "tips": "2", "rating": 6.4, "ratingSignals": 20.0, "NEIGHBORHANAME": "غرناطة", "NEIGHBORHENAME": "GHIRNATAH", "lon": 46.741831979405958, "lat": 24.797425288127567, "rating_range": "Medium (4–7)" }, "geometry": { "type": "Point", "coordinates": [ 46.741831979405958, 24.797425288127567 ] } },
{ "type": "Feature", "properties": { "name": "Domino's Pizza", "categories": "Pizza Place", "address": "Gurnatah (Khalid Ibn Al Walid St), الرياض, المملكة العربية السعودية", "price": "Cheap", "likes": 95.0, "photos": "33", "tips": "10", "rating": 8.1, "ratingSignals": 120.0, "NEIGHBORHANAME": "غرناطة", "NEIGHBORHENAME": "GHIRNATAH", "lon": 46.741538323424422, "lat": 24.797926168569873, "rating_range": "High (8–10)" }, "geometry": { "type": "Point", "coordinates": [ 46.741538323424422, 24.797926168569873 ] } },
{ "type": "Feature", "properties": { "name": "مطعم الزلال", "categories": "Indian Restaurant", "address": "المملكة العربية السعودية", "price": "Moderate", "likes": 19.0, "photos": "13", "tips": "3", "rating": 6.8, "ratingSignals": 28.0, "NEIGHBORHANAME": "غرناطة", "NEIGHBORHENAME": "GHIRNATAH", "lon": 46.741241284703783, "lat": 24.798542046181801, "rating_range": "Medium (4–7)" }, "geometry": { "type": "Point", "coordinates": [ 46.741241284703783, 24.798542046181801 ] } },
{ "type": "Feature", "properties": { "name": "Burger King", "categories": "Fast Food Restaurant", "address": "Dammam Road (Khalid Bin Alwaleed), الرياض, المملكة العربية السعودية", "price": "Cheap", "likes": 38.0, "photos": "25", "tips": "9", "rating": 5.9, "ratingSignals": 74.0, "NEIGHBORHANAME": "غرناطة", "NEIGHBORHENAME": "GHIRNATAH", "lon": 46.743275477507105, "lat": 24.800643855146756, "rating_range": "Medium (4–7)" }, "geometry": { "type": "Point", "coordinates": [ 46.743275477507105, 24.800643855146756 ] } },
{ "type": "Feature", "properties": { "name": "سرايا الريف", "categories": "Middle Eastern Restaurant", "address": "Ghirnatah (Khalid Ibn Al Walid St.), الرياض 13242, المملكة العربية السعودية", "price": "Moderate", "likes": 2.0, "photos": "2", "tips": "0", "rating": null, "ratingSignals": null, "NEIGHBORHANAME": "غرناطة", "NEIGHBORHENAME": "GHIRNATAH", "lon": 46.741311258864705, "lat": 24.798457996873914, "rating_range": null }, "geometry": { "type": "Point", "coordinates": [ 46.741311258864705, 24.798457996873914 ] } },
{ "type": "Feature", "properties": { "name": "Hardee's (هاردييز)", "categories": "Fast Food Restaurant", "address": "Al-Dammam Road, الرياض, المملكة العربية السعودية", "price": "Cheap", "likes": 119.0, "photos": "58", "tips": "16", "rating": 6.9, "ratingSignals": 186.0, "NEIGHBORHANAME": "غرناطة", "NEIGHBORHENAME": "GHIRNATAH", "lon": 46.743668736159954, "lat": 24.800846945776978, "rating_range": "Medium (4–7)" }, "geometry": { "type": "Point", "coordinates": [ 46.743668736159954, 24.800846945776978 ] } },
{ "type": "Feature", "properties": { "name": "KFC", "categories": "Fast Food Restaurant, Fried Chicken Joint", "address": "الرياض 13242, المملكة العربية السعودية", "price": "Cheap", "likes": 42.0, "photos": "44", "tips": "5", "rating": 6.2, "ratingSignals": 76.0, "NEIGHBORHANAME": "غرناطة", "NEIGHBORHENAME": "GHIRNATAH", "lon": 46.743461952975331, "lat": 24.800926032612349, "rating_range": "Medium (4–7)" }, "geometry": { "type": "Point", "coordinates": [ 46.743461952975331, 24.800926032612349 ] } },
{ "type": "Feature", "properties": { "name": "Krispy Kreme (كرسبي كريم)", "categories": "Donut Shop, Coffee Shop", "address": "المملكة العربية السعودية", "price": "Cheap", "likes": 35.0, "photos": "51", "tips": "9", "rating": 8.4, "ratingSignals": 42.0, "NEIGHBORHANAME": "غرناطة", "NEIGHBORHENAME": "GHIRNATAH", "lon": 46.743811606389492, "lat": 24.800898023509394, "rating_range": "High (8–10)" }, "geometry": { "type": "Point", "coordinates": [ 46.743811606389492, 24.800898023509394 ] } },
{ "type": "Feature", "properties": { "name": "Cone Zone", "categories": "Dessert Shop", "address": "المملكة العربية السعودية", "price": "Cheap", "likes": 2.0, "photos": "3", "tips": "0", "rating": null, "ratingSignals": null, "NEIGHBORHANAME": "غرناطة", "NEIGHBORHENAME": "GHIRNATAH", "lon": 46.749745413084185, "lat": 24.799529088621647, "rating_range": null }, "geometry": { "type": "Point", "coordinates": [ 46.749745413084185, 24.799529088621647 ] } },
{ "type": "Feature", "properties": { "name": "كرسبي كريم", "categories": "Donut Shop", "address": "Al-Dammam Road, الرياض, المملكة العربية السعودية", "price": "Cheap", "likes": 18.0, "photos": "16", "tips": "6", "rating": 7.0, "ratingSignals": 26.0, "NEIGHBORHANAME": "غرناطة", "NEIGHBORHENAME": "GHIRNATAH", "lon": 46.743739843220034, "lat": 24.800963168791281, "rating_range": "Medium (4–7)" }, "geometry": { "type": "Point", "coordinates": [ 46.743739843220034, 24.800963168791281 ] } },
{ "type": "Feature", "properties": { "name": "تسالي", "categories": "Fast Food Restaurant", "address": "الرياض, المملكة العربية السعودية", "price": "Cheap", "likes": 4.0, "photos": "5", "tips": "1", "rating": null, "ratingSignals": null, "NEIGHBORHANAME": "غرناطة", "NEIGHBORHENAME": "GHIRNATAH", "lon": 46.749513998001134, "lat": 24.80101386140457, "rating_range": null }, "geometry": { "type": "Point", "coordinates": [ 46.749513998001134, 24.80101386140457 ] } },
{ "type": "Feature", "properties": { "name": "Pizza Hut (PHD)", "categories": "Pizza Place", "address": "Riyadh (خالد بن الوليد), الرياض, المملكة العربية السعودية", "price": "Cheap", "likes": 0.0, "photos": "2", "tips": "0", "rating": null, "ratingSignals": null, "NEIGHBORHANAME": "غرناطة", "NEIGHBORHENAME": "GHIRNATAH", "lon": 46.749981552024032, "lat": 24.801636809732109, "rating_range": null }, "geometry": { "type": "Point", "coordinates": [ 46.749981552024032, 24.801636809732109 ] } },
{ "type": "Feature", "properties": { "name": "KFC", "categories": "Fried Chicken Joint", "address": "حي النزهة, المملكة العربية السعودية", "price": "Cheap", "likes": 8.0, "photos": "3", "tips": "1", "rating": 6.5, "ratingSignals": 12.0, "NEIGHBORHANAME": "غرناطة", "NEIGHBORHENAME": "GHIRNATAH", "lon": 46.751143371789247, "lat": 24.799116273014935, "rating_range": "Medium (4–7)" }, "geometry": { "type": "Point", "coordinates": [ 46.751143371789247, 24.799116273014935 ] } },
{ "type": "Feature", "properties": { "name": "Snabel AlSalam", "categories": "Bakery", "address": "Dammam Rd, الرياض, المملكة العربية السعودية", "price": "Cheap", "likes": 0.0, "photos": "0", "tips": "1", "rating": null, "ratingSignals": null, "NEIGHBORHANAME": "غرناطة", "NEIGHBORHENAME": "GHIRNATAH", "lon": 46.751870703542252, "lat": 24.80196979486405, "rating_range": null }, "geometry": { "type": "Point", "coordinates": [ 46.751870703542252, 24.80196979486405 ] } },
{ "type": "Feature", "properties": { "name": "كبدة فهد العتيبي", "categories": "Breakfast Spot", "address": "غرناطه (خالد بن الوليد), الرياض, المملكة العربية السعودية", "price": "Cheap", "likes": 0.0, "photos": "0", "tips": "0", "rating": null, "ratingSignals": null, "NEIGHBORHANAME": "غرناطة", "NEIGHBORHENAME": "GHIRNATAH", "lon": 46.746571813552343, "lat": 24.797009696740552, "rating_range": null }, "geometry": { "type": "Point", "coordinates": [ 46.746571813552343, 24.797009696740552 ] } },
{ "type": "Feature", "properties": { "name": "Falafelcom (فلافلكم)", "categories": "Falafel Restaurant", "address": "المملكة العربية السعودية", "price": "Cheap", "likes": 2.0, "photos": "2", "tips": "2", "rating": null, "ratingSignals": null, "NEIGHBORHANAME": "غرناطة", "NEIGHBORHENAME": "GHIRNATAH", "lon": 46.743280360612886, "lat": 24.794314796676559, "rating_range": null }, "geometry": { "type": "Point", "coordinates": [ 46.743280360612886, 24.794314796676559 ] } },
{ "type": "Feature", "properties": { "name": "جلسات القهوة", "categories": "Coffee Shop", "address": "Riyadh (Hussain Bin Ali), الرياض 13242, المملكة العربية السعودية", "price": "Cheap", "likes": 0.0, "photos": "0", "tips": "0", "rating": null, "ratingSignals": null, "NEIGHBORHANAME": "غرناطة", "NEIGHBORHENAME": "GHIRNATAH", "lon": 46.748889, "lat": 24.801841, "rating_range": null }, "geometry": { "type": "Point", "coordinates": [ 46.748889, 24.801841 ] } },
{ "type": "Feature", "properties": { "name": "مطاعم قاصد خير للمأكولات الخليجية", "categories": "Middle Eastern Restaurant", "address": "Ghirnatah (Khalid Ibn Alwalid St), الرياض 13242, المملكة العربية السعودية", "price": "Moderate", "likes": 0.0, "photos": "0", "tips": "0", "rating": null, "ratingSignals": null, "NEIGHBORHANAME": "غرناطة", "NEIGHBORHENAME": "GHIRNATAH", "lon": 46.742546, "lat": 24.796555, "rating_range": null }, "geometry": { "type": "Point", "coordinates": [ 46.742546, 24.796555 ] } },
{ "type": "Feature", "properties": { "name": "طبلية", "categories": "Middle Eastern Restaurant", "address": "الرياض 13242, المملكة العربية السعودية", "price": "Moderate", "likes": 0.0, "photos": "2", "tips": "0", "rating": null, "ratingSignals": null, "NEIGHBORHANAME": "غرناطة", "NEIGHBORHENAME": "GHIRNATAH", "lon": 46.743028, "lat": 24.796244, "rating_range": null }, "geometry": { "type": "Point", "coordinates": [ 46.743028, 24.796244 ] } },
{ "type": "Feature", "properties": { "name": "مقهى ديوانية الشبة", "categories": "Coffee Shop", "address": "المملكة العربية السعودية", "price": "Cheap", "likes": 10.0, "photos": "8", "tips": "3", "rating": 7.1, "ratingSignals": 14.0, "NEIGHBORHANAME": "اليرموك", "NEIGHBORHENAME": "AL-YARMUK", "lon": 46.761677, "lat": 24.801819, "rating_range": "High (8–10)" }, "geometry": { "type": "Point", "coordinates": [ 46.761677, 24.801819 ] } },
{ "type": "Feature", "properties": { "name": "فوال نادر الطائف", "categories": "Breakfast Spot", "address": "Ghirnatah (Ash Shaikh Hasan Ibn Hussain Ibn Ali), الرياض 13242, المملكة العربية السعودية", "price": "Cheap", "likes": 21.0, "photos": "13", "tips": "2", "rating": 7.5, "ratingSignals": 28.0, "NEIGHBORHANAME": "اليرموك", "NEIGHBORHENAME": "AL-YARMUK", "lon": 46.761743873274966, "lat": 24.800867925513845, "rating_range": "High (8–10)" }, "geometry": { "type": "Point", "coordinates": [ 46.761743873274966, 24.800867925513845 ] } },
{ "type": "Feature", "properties": { "name": "فوال الطايف", "categories": "Middle Eastern Restaurant", "address": "المملكة العربية السعودية", "price": "Moderate", "likes": 1.0, "photos": "5", "tips": "0", "rating": null, "ratingSignals": null, "NEIGHBORHANAME": "غرناطة", "NEIGHBORHENAME": "GHIRNATAH", "lon": 46.761396, "lat": 24.800866, "rating_range": null }, "geometry": { "type": "Point", "coordinates": [ 46.761396, 24.800866 ] } },
{ "type": "Feature", "properties": { "name": "مخبز تميس", "categories": "Bakery", "address": "المملكة العربية السعودية", "price": "Cheap", "likes": 0.0, "photos": "0", "tips": "0", "rating": null, "ratingSignals": null, "NEIGHBORHANAME": "اليرموك", "NEIGHBORHENAME": "AL-YARMUK", "lon": 46.761827, "lat": 24.800972, "rating_range": null }, "geometry": { "type": "Point", "coordinates": [ 46.761827, 24.800972 ] } },
{ "type": "Feature", "properties": { "name": "المجلس العربي", "categories": "Coffee Shop", "address": "الرياض 13243, المملكة العربية السعودية", "price": "Cheap", "likes": 0.0, "photos": "1", "tips": "0", "rating": null, "ratingSignals": null, "NEIGHBORHANAME": "اليرموك", "NEIGHBORHENAME": "AL-YARMUK", "lon": 46.761375, "lat": 24.801711, "rating_range": null }, "geometry": { "type": "Point", "coordinates": [ 46.761375, 24.801711 ] } },
{ "type": "Feature", "properties": { "name": "مطعم لؤلؤة اليرموك", "categories": "Restaurant", "address": "المملكة العربية السعودية", "price": "Moderate", "likes": 2.0, "photos": "2", "tips": "0", "rating": null, "ratingSignals": null, "NEIGHBORHANAME": "اليرموك", "NEIGHBORHENAME": "AL-YARMUK", "lon": 46.76175, "lat": 24.800931, "rating_range": null }, "geometry": { "type": "Point", "coordinates": [ 46.76175, 24.800931 ] } },
{ "type": "Feature", "properties": { "name": "Menu Pitzza", "categories": "Pizza Place", "address": "Al hassan ibn Al hussein Street, الرياض, المملكة العربية السعودية", "price": "Cheap", "likes": 3.0, "photos": "2", "tips": "1", "rating": null, "ratingSignals": null, "NEIGHBORHANAME": "اليرموك", "NEIGHBORHENAME": "AL-YARMUK", "lon": 46.761758, "lat": 24.801127, "rating_range": null }, "geometry": { "type": "Point", "coordinates": [ 46.761758, 24.801127 ] } },
{ "type": "Feature", "properties": { "name": "قرية الفلافل", "categories": "Falafel Restaurant", "address": "الرياض 13243, المملكة العربية السعودية", "price": "Cheap", "likes": 0.0, "photos": "0", "tips": "0", "rating": null, "ratingSignals": null, "NEIGHBORHANAME": "اليرموك", "NEIGHBORHENAME": "AL-YARMUK", "lon": 46.761806, "lat": 24.800678, "rating_range": null }, "geometry": { "type": "Point", "coordinates": [ 46.761806, 24.800678 ] } },
{ "type": "Feature", "properties": { "name": "عالجمر", "categories": "Coffee Shop", "address": "المملكة العربية السعودية", "price": "Cheap", "likes": 3.0, "photos": "7", "tips": "2", "rating": null, "ratingSignals": null, "NEIGHBORHANAME": "اليرموك", "NEIGHBORHENAME": "AL-YARMUK", "lon": 46.761799363404151, "lat": 24.800756542780643, "rating_range": null }, "geometry": { "type": "Point", "coordinates": [ 46.761799363404151, 24.800756542780643 ] } },
{ "type": "Feature", "properties": { "name": "Burger King - Atyaf Mall", "categories": "Burger Joint", "address": "Atyaf Mall, Sheikh Hasan Ibn Hussain Ibn Ali Rd, Al Yarmuk, الرياض 13243, المملكة العربية السعودية", "price": "Cheap", "likes": 0.0, "photos": "0", "tips": "0", "rating": null, "ratingSignals": null, "NEIGHBORHANAME": "اليرموك", "NEIGHBORHENAME": "AL-YARMUK", "lon": 46.766954, "lat": 24.793455, "rating_range": null }, "geometry": { "type": "Point", "coordinates": [ 46.766954, 24.793455 ] } },
{ "type": "Feature", "properties": { "name": "مطعم دار البيروتي", "categories": "Middle Eastern Restaurant", "address": "المملكة العربية السعودية", "price": "Moderate", "likes": 0.0, "photos": "0", "tips": "0", "rating": null, "ratingSignals": null, "NEIGHBORHANAME": "اليرموك", "NEIGHBORHENAME": "AL-YARMUK", "lon": 46.771881181654422, "lat": 24.797630571585163, "rating_range": null }, "geometry": { "type": "Point", "coordinates": [ 46.771881181654422, 24.797630571585163 ] } },
{ "type": "Feature", "properties": { "name": "Chocolate Sarayi", "categories": "Coffee Shop", "address": "Gate 1, الرياض 13243, المملكة العربية السعودية", "price": "Cheap", "likes": 4.0, "photos": "4", "tips": "0", "rating": null, "ratingSignals": null, "NEIGHBORHANAME": "اليرموك", "NEIGHBORHENAME": "AL-YARMUK", "lon": 46.76817, "lat": 24.792512, "rating_range": null }, "geometry": { "type": "Point", "coordinates": [ 46.76817, 24.792512 ] } },
{ "type": "Feature", "properties": { "name": "كانتون", "categories": "Chinese Restaurant", "address": "الرياض 13243, المملكة العربية السعودية", "price": "Cheap", "likes": 1.0, "photos": "0", "tips": "0", "rating": null, "ratingSignals": null, "NEIGHBORHANAME": "اليرموك", "NEIGHBORHENAME": "AL-YARMUK", "lon": 46.767972, "lat": 24.793008, "rating_range": null }, "geometry": { "type": "Point", "coordinates": [ 46.767972, 24.793008 ] } },
{ "type": "Feature", "properties": { "name": "Nutella", "categories": "Snack Place", "address": "أطياف مول, الرياض 13243, المملكة العربية السعودية", "price": "Cheap", "likes": 0.0, "photos": "0", "tips": "0", "rating": null, "ratingSignals": null, "NEIGHBORHANAME": "اليرموك", "NEIGHBORHENAME": "AL-YARMUK", "lon": 46.767822, "lat": 24.792993, "rating_range": null }, "geometry": { "type": "Point", "coordinates": [ 46.767822, 24.792993 ] } },
{ "type": "Feature", "properties": { "name": "long horn", "categories": "Fast Food Restaurant", "address": "المملكة العربية السعودية", "price": "Moderate", "likes": 2.0, "photos": "6", "tips": "0", "rating": null, "ratingSignals": null, "NEIGHBORHANAME": "اليرموك", "NEIGHBORHENAME": "AL-YARMUK", "lon": 46.780254313465853, "lat": 24.8011112254677, "rating_range": null }, "geometry": { "type": "Point", "coordinates": [ 46.780254313465853, 24.8011112254677 ] } },
{ "type": "Feature", "properties": { "name": "Pizza Inn", "categories": "Pizza Place", "address": "Imam Abdullah Ibn Saud Ibn Abdulaziz Branch Rd, Al Yarmuk, الرياض 13225, المملكة العربية السعودية", "price": "Cheap", "likes": 0.0, "photos": "3", "tips": "0", "rating": null, "ratingSignals": null, "NEIGHBORHANAME": "اليرموك", "NEIGHBORHENAME": "AL-YARMUK", "lon": 46.782722, "lat": 24.79832, "rating_range": null }, "geometry": { "type": "Point", "coordinates": [ 46.782722, 24.79832 ] } },
{ "type": "Feature", "properties": { "name": "منتو ويغمش", "categories": "Bagel Shop", "address": "الرياض 13243, المملكة العربية السعودية", "price": "Cheap", "likes": 0.0, "photos": "0", "tips": "0", "rating": null, "ratingSignals": null, "NEIGHBORHANAME": "اليرموك", "NEIGHBORHENAME": "AL-YARMUK", "lon": 46.783165, "lat": 24.800444, "rating_range": null }, "geometry": { "type": "Point", "coordinates": [ 46.783165, 24.800444 ] } },
{ "type": "Feature", "properties": { "name": "قرية المشويات العراقية", "categories": "Middle Eastern Restaurant", "address": "طريق الإمام عبد الله بن سعود بن عبد العزيز, الرياض, المملكة العربية السعودية", "price": "Moderate", "likes": 2.0, "photos": "5", "tips": "1", "rating": null, "ratingSignals": null, "NEIGHBORHANAME": "اليرموك", "NEIGHBORHENAME": "AL-YARMUK", "lon": 46.784551, "lat": 24.799009, "rating_range": null }, "geometry": { "type": "Point", "coordinates": [ 46.784551, 24.799009 ] } },
{ "type": "Feature", "properties": { "name": "Seacorner Seafood Rest.", "categories": "Seafood Restaurant", "address": "الرياض 13243, المملكة العربية السعودية", "price": "Expensive", "likes": 0.0, "photos": "0", "tips": "0", "rating": null, "ratingSignals": null, "NEIGHBORHANAME": "اليرموك", "NEIGHBORHENAME": "AL-YARMUK", "lon": 46.773803, "lat": 24.79481, "rating_range": null }, "geometry": { "type": "Point", "coordinates": [ 46.773803, 24.79481 ] } },
{ "type": "Feature", "properties": { "name": "غضاره", "categories": "Coffee Shop", "address": "طريق الإمام عبدالله بن سعود بن عبدالعزيز (طريق الصحابة), الرياض 12112, المملكة العربية السعودية", "price": "Cheap", "likes": 5.0, "photos": "2", "tips": "1", "rating": 5.8, "ratingSignals": 9.0, "NEIGHBORHANAME": "اليرموك", "NEIGHBORHENAME": "AL-YARMUK", "lon": 46.781241981368062, "lat": 24.798036240542086, "rating_range": "Medium (4–7)" }, "geometry": { "type": "Point", "coordinates": [ 46.781241981368062, 24.798036240542086 ] } },
{ "type": "Feature", "properties": { "name": "The Shaky الشيكي", "categories": "Coffee Shop", "address": "الرياض 13251, المملكة العربية السعودية", "price": "Cheap", "likes": 14.0, "photos": "60", "tips": "1", "rating": 8.5, "ratingSignals": 15.0, "NEIGHBORHANAME": "اليرموك", "NEIGHBORHENAME": "AL-YARMUK", "lon": 46.783169203685958, "lat": 24.801872117414806, "rating_range": "High (8–10)" }, "geometry": { "type": "Point", "coordinates": [ 46.783169203685958, 24.801872117414806 ] } },
{ "type": "Feature", "properties": { "name": "Cafe et la dessert", "categories": "Coffee Shop", "address": "المملكة العربية السعودية", "price": "Cheap", "likes": 3.0, "photos": "13", "tips": "0", "rating": null, "ratingSignals": null, "NEIGHBORHANAME": "اليرموك", "NEIGHBORHENAME": "AL-YARMUK", "lon": 46.784706060926283, "lat": 24.802415445154928, "rating_range": null }, "geometry": { "type": "Point", "coordinates": [ 46.784706060926283, 24.802415445154928 ] } },
{ "type": "Feature", "properties": { "name": "فوال الأرياف", "categories": "Breakfast Spot", "address": "المملكة العربية السعودية", "price": "Cheap", "likes": 0.0, "photos": "0", "tips": "0", "rating": null, "ratingSignals": null, "NEIGHBORHANAME": "اليرموك", "NEIGHBORHENAME": "AL-YARMUK", "lon": 46.786284, "lat": 24.799752, "rating_range": null }, "geometry": { "type": "Point", "coordinates": [ 46.786284, 24.799752 ] } },
{ "type": "Feature", "properties": { "name": "طيبات كازابلانكا (مطعم مغربي)", "categories": "Moroccan Restaurant", "address": "حي اليرموك (طريق الامام محمد بن سعود مخرج 9), الرياض, المملكة العربية السعودية", "price": "Moderate", "likes": 1.0, "photos": "5", "tips": "2", "rating": null, "ratingSignals": null, "NEIGHBORHANAME": "اليرموك", "NEIGHBORHENAME": "AL-YARMUK", "lon": 46.787874698638923, "lat": 24.801052158671386, "rating_range": null }, "geometry": { "type": "Point", "coordinates": [ 46.787874698638923, 24.801052158671386 ] } },
{ "type": "Feature", "properties": { "name": "elemants", "categories": "Indian Restaurant", "address": "kingdom (alolya), الرياض, المملكة العربية السعودية", "price": "Moderate", "likes": 1.0, "photos": "0", "tips": "0", "rating": null, "ratingSignals": null, "NEIGHBORHANAME": "اليرموك", "NEIGHBORHENAME": "AL-YARMUK", "lon": 46.784729691210842, "lat": 24.802409923964824, "rating_range": null }, "geometry": { "type": "Point", "coordinates": [ 46.784729691210842, 24.802409923964824 ] } },
{ "type": "Feature", "properties": { "name": "نفر كبدة", "categories": "Cafeteria", "address": "الرياض 13251, المملكة العربية السعودية", "price": null, "likes": 1.0, "photos": "3", "tips": "0", "rating": null, "ratingSignals": null, "NEIGHBORHANAME": "اليرموك", "NEIGHBORHENAME": "AL-YARMUK", "lon": 46.789605, "lat": 24.802504, "rating_range": null }, "geometry": { "type": "Point", "coordinates": [ 46.789605, 24.802504 ] } },
{ "type": "Feature", "properties": { "name": "مشويات القرية العراقية", "categories": "Kebab Restaurant", "address": "الرياض, المملكة العربية السعودية", "price": null, "likes": 3.0, "photos": "2", "tips": "1", "rating": null, "ratingSignals": null, "NEIGHBORHANAME": "اليرموك", "NEIGHBORHENAME": "AL-YARMUK", "lon": 46.790787, "lat": 24.8019, "rating_range": null }, "geometry": { "type": "Point", "coordinates": [ 46.790787, 24.8019 ] } },
{ "type": "Feature", "properties": { "name": "مطعم كباب ياسين المغربي", "categories": "African Restaurant", "address": "حي اليرموك (2), الرياض 11410, المملكة العربية السعودية", "price": "Moderate", "likes": 0.0, "photos": "0", "tips": "0", "rating": null, "ratingSignals": null, "NEIGHBORHANAME": "اليرموك", "NEIGHBORHENAME": "AL-YARMUK", "lon": 46.7916, "lat": 24.80224, "rating_range": null }, "geometry": { "type": "Point", "coordinates": [ 46.7916, 24.80224 ] } },
{ "type": "Feature", "properties": { "name": "طاجين مراكش", "categories": "African Restaurant", "address": "الرياض, المملكة العربية السعودية", "price": "Moderate", "likes": 1.0, "photos": "3", "tips": "2", "rating": null, "ratingSignals": null, "NEIGHBORHANAME": "اليرموك", "NEIGHBORHENAME": "AL-YARMUK", "lon": 46.79129, "lat": 24.802101, "rating_range": null }, "geometry": { "type": "Point", "coordinates": [ 46.79129, 24.802101 ] } },
{ "type": "Feature", "properties": { "name": "شاي رجاوي", "categories": "Tea Room", "address": "حي اليرموك, الرياض, المملكة العربية السعودية", "price": "Moderate", "likes": 0.0, "photos": "0", "tips": "0", "rating": null, "ratingSignals": null, "NEIGHBORHANAME": "اليرموك", "NEIGHBORHENAME": "AL-YARMUK", "lon": 46.791504, "lat": 24.802217, "rating_range": null }, "geometry": { "type": "Point", "coordinates": [ 46.791504, 24.802217 ] } },
{ "type": "Feature", "properties": { "name": "سحرمطبخ كازابلانكا", "categories": "Moroccan Restaurant", "address": "حي اليرموك (طريق الامام محمد بن سعود مخرج 9), الرياض 11461, المملكة العربية السعودية", "price": "Moderate", "likes": 0.0, "photos": "6", "tips": "0", "rating": null, "ratingSignals": null, "NEIGHBORHANAME": "اليرموك", "NEIGHBORHENAME": "AL-YARMUK", "lon": 46.791570782661438, "lat": 24.802405915802428, "rating_range": null }, "geometry": { "type": "Point", "coordinates": [ 46.791570782661438, 24.802405915802428 ] } },
{ "type": "Feature", "properties": { "name": "Tim Hortons (تيم هورتنز)", "categories": "Coffee Shop", "address": "Dammam Rd., الرياض, المملكة العربية السعودية", "price": "Cheap", "likes": 312.0, "photos": "582", "tips": "49", "rating": 8.8, "ratingSignals": 375.0, "NEIGHBORHANAME": "غرناطة", "NEIGHBORHENAME": "GHIRNATAH", "lon": 46.750679541919716, "lat": 24.803938560817208, "rating_range": "High (8–10)" }, "geometry": { "type": "Point", "coordinates": [ 46.750679541919716, 24.803938560817208 ] } },
{ "type": "Feature", "properties": { "name": "Nani (ناني)", "categories": "Indian Restaurant", "address": "الرياض 13242, المملكة العربية السعودية", "price": "Moderate", "likes": 156.0, "photos": "676", "tips": "82", "rating": 7.5, "ratingSignals": 241.0, "NEIGHBORHANAME": "غرناطة", "NEIGHBORHENAME": "GHIRNATAH", "lon": 46.749988216076083, "lat": 24.803779653660136, "rating_range": "High (8–10)" }, "geometry": { "type": "Point", "coordinates": [ 46.749988216076083, 24.803779653660136 ] } },
{ "type": "Feature", "properties": { "name": "Twelve Burger", "categories": "Burger Joint", "address": "Twelve Burger (Dmaan Road), الرياض 13242, المملكة العربية السعودية", "price": "Cheap", "likes": 33.0, "photos": "28", "tips": "6", "rating": 7.8, "ratingSignals": 44.0, "NEIGHBORHANAME": "غرناطة", "NEIGHBORHENAME": "GHIRNATAH", "lon": 46.749826648966689, "lat": 24.803681358473071, "rating_range": "High (8–10)" }, "geometry": { "type": "Point", "coordinates": [ 46.749826648966689, 24.803681358473071 ] } },
{ "type": "Feature", "properties": { "name": "حلويات الدبلوماسي", "categories": "Pastry Shop", "address": "الرياض 13242, المملكة العربية السعودية", "price": null, "likes": 3.0, "photos": "4", "tips": "2", "rating": null, "ratingSignals": null, "NEIGHBORHANAME": "غرناطة", "NEIGHBORHENAME": "GHIRNATAH", "lon": 46.749795, "lat": 24.803582, "rating_range": null }, "geometry": { "type": "Point", "coordinates": [ 46.749795, 24.803582 ] } },
{ "type": "Feature", "properties": { "name": "Al Hatab Bakery (أفران الحطب)", "categories": "Bakery", "address": "Al Hatab Bakery, طريق الدمام الفرعي، غرناطة، Ghirnatah, Riyadh 13242, الرياض 13242, المملكة العربية السعودية", "price": "Cheap", "likes": 133.0, "photos": "78", "tips": "18", "rating": 9.1, "ratingSignals": 151.0, "NEIGHBORHANAME": "غرناطة", "NEIGHBORHENAME": "GHIRNATAH", "lon": 46.751494325183188, "lat": 24.804416885628008, "rating_range": "High (8–10)" }, "geometry": { "type": "Point", "coordinates": [ 46.751494325183188, 24.804416885628008 ] } },
{ "type": "Feature", "properties": { "name": "شيخ المندي", "categories": "Middle Eastern Restaurant", "address": "غرناطة (طريقة الدمام \"الفرعي\"), الرياض, المملكة العربية السعودية", "price": "Moderate", "likes": 31.0, "photos": "11", "tips": "6", "rating": 7.1, "ratingSignals": 45.0, "NEIGHBORHANAME": "غرناطة", "NEIGHBORHENAME": "GHIRNATAH", "lon": 46.754640561044404, "lat": 24.805734716775223, "rating_range": "High (8–10)" }, "geometry": { "type": "Point", "coordinates": [ 46.754640561044404, 24.805734716775223 ] } },
{ "type": "Feature", "properties": { "name": "مشويات نعيم الرافدين || BBQ Naim Al-Rafidain", "categories": "Middle Eastern Restaurant, Kebab Restaurant", "address": "حي غرناطة - بعد مخرج خالد بن الوليد شرقاً (طريق الدمام), الرياض, المملكة العربية السعودية", "price": "Moderate", "likes": 33.0, "photos": "31", "tips": "4", "rating": 6.7, "ratingSignals": 51.0, "NEIGHBORHANAME": "غرناطة", "NEIGHBORHENAME": "GHIRNATAH", "lon": 46.752046356937463, "lat": 24.804674217397487, "rating_range": "Medium (4–7)" }, "geometry": { "type": "Point", "coordinates": [ 46.752046356937463, 24.804674217397487 ] } },
{ "type": "Feature", "properties": { "name": "سميت سوزام  simit susam", "categories": "Coffee Shop", "address": "الرياض 13242, المملكة العربية السعودية", "price": "Cheap", "likes": 0.0, "photos": "9", "tips": "0", "rating": null, "ratingSignals": null, "NEIGHBORHANAME": "غرناطة", "NEIGHBORHENAME": "GHIRNATAH", "lon": 46.751619, "lat": 24.804492, "rating_range": null }, "geometry": { "type": "Point", "coordinates": [ 46.751619, 24.804492 ] } },
{ "type": "Feature", "properties": { "name": "Top 100", "categories": "Dessert Shop", "address": "Dammam Rd, الرياض 13242, المملكة العربية السعودية", "price": "Cheap", "likes": 11.0, "photos": "19", "tips": "1", "rating": 7.1, "ratingSignals": 15.0, "NEIGHBORHANAME": "غرناطة", "NEIGHBORHENAME": "GHIRNATAH", "lon": 46.751423629449981, "lat": 24.804462293132886, "rating_range": "High (8–10)" }, "geometry": { "type": "Point", "coordinates": [ 46.751423629449981, 24.804462293132886 ] } },
{ "type": "Feature", "properties": { "name": "Costa Coffee", "categories": "Coffee Shop", "address": "طريق الدمام الفرعي (َادي العين), الرياض 13242, المملكة العربية السعودية", "price": "Cheap", "likes": 4.0, "photos": "15", "tips": "1", "rating": 7.2, "ratingSignals": 4.0, "NEIGHBORHANAME": "غرناطة", "NEIGHBORHENAME": "GHIRNATAH", "lon": 46.751713, "lat": 24.804522, "rating_range": "High (8–10)" }, "geometry": { "type": "Point", "coordinates": [ 46.751713, 24.804522 ] } },
{ "type": "Feature", "properties": { "name": "Fostqi (فستقي)", "categories": "Dessert Shop", "address": "Dammam Rd., الرياض 13242, المملكة العربية السعودية", "price": "Cheap", "likes": 12.0, "photos": "5", "tips": "4", "rating": 7.1, "ratingSignals": 17.0, "NEIGHBORHANAME": "غرناطة", "NEIGHBORHENAME": "GHIRNATAH", "lon": 46.75132, "lat": 24.804296, "rating_range": "High (8–10)" }, "geometry": { "type": "Point", "coordinates": [ 46.75132, 24.804296 ] } },
{ "type": "Feature", "properties": { "name": "Costa Coffee", "categories": "Coffee Shop", "address": "وادي العين (طريق الدمام), الرياض 13242, المملكة العربية السعودية", "price": "Cheap", "likes": 0.0, "photos": "3", "tips": "0", "rating": 6.8, "ratingSignals": 0.0, "NEIGHBORHANAME": "غرناطة", "NEIGHBORHENAME": "GHIRNATAH", "lon": 46.75173, "lat": 24.804454, "rating_range": "Medium (4–7)" }, "geometry": { "type": "Point", "coordinates": [ 46.75173, 24.804454 ] } },
{ "type": "Feature", "properties": { "name": "عالم ‏المندي", "categories": "Middle Eastern Restaurant", "address": "المملكة العربية السعودية", "price": "Moderate", "likes": 2.0, "photos": "0", "tips": "0", "rating": null, "ratingSignals": null, "NEIGHBORHANAME": "غرناطة", "NEIGHBORHENAME": "GHIRNATAH", "lon": 46.749953215292599, "lat": 24.803890751632746, "rating_range": null }, "geometry": { "type": "Point", "coordinates": [ 46.749953215292599, 24.803890751632746 ] } },
{ "type": "Feature", "properties": { "name": "محاصيل القصيم", "categories": "Halal Restaurant", "address": "الرياض 13242, المملكة العربية السعودية", "price": null, "likes": 1.0, "photos": "1", "tips": "1", "rating": null, "ratingSignals": null, "NEIGHBORHANAME": "غرناطة", "NEIGHBORHENAME": "GHIRNATAH", "lon": 46.751453, "lat": 24.804172, "rating_range": null }, "geometry": { "type": "Point", "coordinates": [ 46.751453, 24.804172 ] } },
{ "type": "Feature", "properties": { "name": "Starbucks - on the go", "categories": "Coffee Shop", "address": "Dammam Road, الرياض 13242, المملكة العربية السعودية", "price": "Cheap", "likes": 1.0, "photos": "2", "tips": "0", "rating": null, "ratingSignals": null, "NEIGHBORHANAME": "غرناطة", "NEIGHBORHENAME": "GHIRNATAH", "lon": 46.750723, "lat": 24.803986, "rating_range": null }, "geometry": { "type": "Point", "coordinates": [ 46.750723, 24.803986 ] } },
{ "type": "Feature", "properties": { "name": "Sanabel Al Salam (سنابل السلام)", "categories": "Bakery, Dessert Shop", "address": "طريق الدمام، غرناطة, المملكة العربية السعودية", "price": "Cheap", "likes": 41.0, "photos": "20", "tips": "6", "rating": 6.4, "ratingSignals": 62.0, "NEIGHBORHANAME": "غرناطة", "NEIGHBORHENAME": "GHIRNATAH", "lon": 46.751179644980873, "lat": 24.804327641614545, "rating_range": "Medium (4–7)" }, "geometry": { "type": "Point", "coordinates": [ 46.751179644980873, 24.804327641614545 ] } },
{ "type": "Feature", "properties": { "name": "مشويات الرافدين", "categories": "Restaurant", "address": "طريق الدمام, الرياض 13242, المملكة العربية السعودية", "price": "Moderate", "likes": 0.0, "photos": "1", "tips": "0", "rating": null, "ratingSignals": null, "NEIGHBORHANAME": "غرناطة", "NEIGHBORHENAME": "GHIRNATAH", "lon": 46.752141, "lat": 24.804643, "rating_range": null }, "geometry": { "type": "Point", "coordinates": [ 46.752141, 24.804643 ] } },
{ "type": "Feature", "properties": { "name": "Burger King - Exit 8 Dammam Rd", "categories": "Burger Joint", "address": "Dammam Branch Rd, Exit 8, Next to Al-Dawaa Pharmacy, Ghirnatah, الرياض 13242, المملكة العربية السعودية", "price": "Cheap", "likes": 0.0, "photos": "0", "tips": "0", "rating": null, "ratingSignals": null, "NEIGHBORHANAME": "غرناطة", "NEIGHBORHENAME": "GHIRNATAH", "lon": 46.743149, "lat": 24.800591, "rating_range": null }, "geometry": { "type": "Point", "coordinates": [ 46.743149, 24.800591 ] } },
{ "type": "Feature", "properties": { "name": "Dallat Al Taebin (دلة الطيبين)", "categories": "Café, Middle Eastern Restaurant, Tea Room", "address": "Uthman Ibn Affan Road, الرياض, المملكة العربية السعودية", "price": "Cheap", "likes": 8.0, "photos": "10", "tips": "6", "rating": 6.7, "ratingSignals": 11.0, "NEIGHBORHANAME": "غرناطة", "NEIGHBORHENAME": "GHIRNATAH", "lon": 46.751752629489076, "lat": 24.804567946609527, "rating_range": "Medium (4–7)" }, "geometry": { "type": "Point", "coordinates": [ 46.751752629489076, 24.804567946609527 ] } },
{ "type": "Feature", "properties": { "name": "Java Time (جافا تايم)", "categories": "Coffee Shop", "address": "طريق الدمام ( محطة الدريس), الرياض, المملكة العربية السعودية", "price": "Cheap", "likes": 272.0, "photos": "84", "tips": "33", "rating": 8.3, "ratingSignals": 335.0, "NEIGHBORHANAME": "غرناطة", "NEIGHBORHENAME": "GHIRNATAH", "lon": 46.755471320417001, "lat": 24.805989154628762, "rating_range": "High (8–10)" }, "geometry": { "type": "Point", "coordinates": [ 46.755471320417001, 24.805989154628762 ] } },
{ "type": "Feature", "properties": { "name": "Saldwich", "categories": "Sandwich Place, Salad Place", "address": "Dammam Road, الرياض 13242, المملكة العربية السعودية", "price": "Cheap", "likes": 42.0, "photos": "22", "tips": "6", "rating": 8.0, "ratingSignals": 55.0, "NEIGHBORHANAME": "غرناطة", "NEIGHBORHENAME": "GHIRNATAH", "lon": 46.755698702845258, "lat": 24.806209595848642, "rating_range": "High (8–10)" }, "geometry": { "type": "Point", "coordinates": [ 46.755698702845258, 24.806209595848642 ] } },
{ "type": "Feature", "properties": { "name": "حلويات روز", "categories": "Cupcake Shop", "address": "الرياض 13242, المملكة العربية السعودية", "price": "Moderate", "likes": 22.0, "photos": "12", "tips": "2", "rating": 9.1, "ratingSignals": 22.0, "NEIGHBORHANAME": "غرناطة", "NEIGHBORHENAME": "GHIRNATAH", "lon": 46.756228, "lat": 24.806167, "rating_range": "High (8–10)" }, "geometry": { "type": "Point", "coordinates": [ 46.756228, 24.806167 ] } },
{ "type": "Feature", "properties": { "name": "Shawarma Classic  شاورما كلاسك (شاورما كلاسك)", "categories": "Shawarma Place", "address": "Riyadh (Dammam road), الرياض, المملكة العربية السعودية", "price": null, "likes": 101.0, "photos": "65", "tips": "28", "rating": 8.2, "ratingSignals": 129.0, "NEIGHBORHANAME": "غرناطة", "NEIGHBORHENAME": "GHIRNATAH", "lon": 46.755914477277344, "lat": 24.806367346612358, "rating_range": "High (8–10)" }, "geometry": { "type": "Point", "coordinates": [ 46.755914477277344, 24.806367346612358 ] } },
{ "type": "Feature", "properties": { "name": "Coffee Session (جلسات القهوة)", "categories": "Coffee Shop", "address": "الرياض 13242, المملكة العربية السعودية", "price": "Cheap", "likes": 1.0, "photos": "22", "tips": "1", "rating": null, "ratingSignals": null, "NEIGHBORHANAME": "غرناطة", "NEIGHBORHENAME": "GHIRNATAH", "lon": 46.75871, "lat": 24.805716, "rating_range": null }, "geometry": { "type": "Point", "coordinates": [ 46.75871, 24.805716 ] } },
{ "type": "Feature", "properties": { "name": "shawerma Pie فطيرة الشاورما", "categories": "Restaurant", "address": "طريق الدمام | Dammam Rd, الرياض, المملكة العربية السعودية", "price": "Moderate", "likes": 15.0, "photos": "19", "tips": "8", "rating": 6.7, "ratingSignals": 24.0, "NEIGHBORHANAME": "غرناطة", "NEIGHBORHENAME": "GHIRNATAH", "lon": 46.756036947718975, "lat": 24.806272415129065, "rating_range": "Medium (4–7)" }, "geometry": { "type": "Point", "coordinates": [ 46.756036947718975, 24.806272415129065 ] } },
{ "type": "Feature", "properties": { "name": "Burgerizzr (برغرايززر)", "categories": "Burger Joint", "address": "Dammam Road, الرياض, المملكة العربية السعودية", "price": "Cheap", "likes": 103.0, "photos": "56", "tips": "10", "rating": 7.8, "ratingSignals": 134.0, "NEIGHBORHANAME": "غرناطة", "NEIGHBORHENAME": "GHIRNATAH", "lon": 46.755815321283556, "lat": 24.806318109208579, "rating_range": "High (8–10)" }, "geometry": { "type": "Point", "coordinates": [ 46.755815321283556, 24.806318109208579 ] } },
{ "type": "Feature", "properties": { "name": "Aani & Dani (حلويات آني وداني)", "categories": "Dessert Shop", "address": "طريق الدمام, الرياض, المملكة العربية السعودية", "price": "Cheap", "likes": 34.0, "photos": "32", "tips": "3", "rating": 8.3, "ratingSignals": 40.0, "NEIGHBORHANAME": "غرناطة", "NEIGHBORHENAME": "GHIRNATAH", "lon": 46.755598847709322, "lat": 24.806154092653703, "rating_range": "High (8–10)" }, "geometry": { "type": "Point", "coordinates": [ 46.755598847709322, 24.806154092653703 ] } },
{ "type": "Feature", "properties": { "name": "MAESTRO PIZZA (مايسترو بيتزا)", "categories": "Pizza Place", "address": "حي غرناطه (طريق الدمام DAMMAM RAOD), الرياض, المملكة العربية السعودية", "price": "Cheap", "likes": 46.0, "photos": "23", "tips": "8", "rating": 7.7, "ratingSignals": 62.0, "NEIGHBORHANAME": "غرناطة", "NEIGHBORHENAME": "GHIRNATAH", "lon": 46.75580539656945, "lat": 24.80628195863153, "rating_range": "High (8–10)" }, "geometry": { "type": "Point", "coordinates": [ 46.75580539656945, 24.80628195863153 ] } },
{ "type": "Feature", "properties": { "name": "GEDO ALI (جدو علي)", "categories": "Falafel Restaurant", "address": "المملكة العربية السعودية", "price": "Cheap", "likes": 4.0, "photos": "3", "tips": "1", "rating": 5.5, "ratingSignals": 12.0, "NEIGHBORHANAME": "غرناطة", "NEIGHBORHENAME": "GHIRNATAH", "lon": 46.760288, "lat": 24.802856, "rating_range": "Medium (4–7)" }, "geometry": { "type": "Point", "coordinates": [ 46.760288, 24.802856 ] } },
{ "type": "Feature", "properties": { "name": "Starbucks", "categories": "Coffee Shop", "address": "الرياض 13243, المملكة العربية السعودية", "price": "Cheap", "likes": 15.0, "photos": "17", "tips": "2", "rating": 7.9, "ratingSignals": 17.0, "NEIGHBORHANAME": "اليرموك", "NEIGHBORHENAME": "AL-YARMUK", "lon": 46.758461, "lat": 24.807362, "rating_range": "High (8–10)" }, "geometry": { "type": "Point", "coordinates": [ 46.758461, 24.807362 ] } },
{ "type": "Feature", "properties": { "name": "July Coffee", "categories": "Coffee Shop, Bar", "address": "الرياض 13243, المملكة العربية السعودية", "price": "Cheap", "likes": 0.0, "photos": "2", "tips": "0", "rating": null, "ratingSignals": null, "NEIGHBORHANAME": "اليرموك", "NEIGHBORHENAME": "AL-YARMUK", "lon": 46.761683, "lat": 24.804632, "rating_range": null }, "geometry": { "type": "Point", "coordinates": [ 46.761683, 24.804632 ] } },
{ "type": "Feature", "properties": { "name": "Mandy Station", "categories": "Yemeni Restaurant", "address": "Dammam Road, الرياض 13242, المملكة العربية السعودية", "price": null, "likes": 1.0, "photos": "2", "tips": "1", "rating": null, "ratingSignals": null, "NEIGHBORHANAME": "غرناطة", "NEIGHBORHENAME": "GHIRNATAH", "lon": 46.756397, "lat": 24.806425, "rating_range": null }, "geometry": { "type": "Point", "coordinates": [ 46.756397, 24.806425 ] } },
{ "type": "Feature", "properties": { "name": "Maestro pizza", "categories": "Pizza Place", "address": "Dammam street, الرياض, المملكة العربية السعودية", "price": "Cheap", "likes": 2.0, "photos": "0", "tips": "0", "rating": 7.2, "ratingSignals": 2.0, "NEIGHBORHANAME": "غرناطة", "NEIGHBORHENAME": "GHIRNATAH", "lon": 46.755876, "lat": 24.806215, "rating_range": "High (8–10)" }, "geometry": { "type": "Point", "coordinates": [ 46.755876, 24.806215 ] } },
{ "type": "Feature", "properties": { "name": "الريف العربي", "categories": "Restaurant", "address": "المملكة العربية السعودية", "price": "Moderate", "likes": 0.0, "photos": "0", "tips": "0", "rating": null, "ratingSignals": null, "NEIGHBORHANAME": "اليرموك", "NEIGHBORHENAME": "AL-YARMUK", "lon": 46.76048, "lat": 24.803824, "rating_range": null }, "geometry": { "type": "Point", "coordinates": [ 46.76048, 24.803824 ] } },
{ "type": "Feature", "properties": { "name": "مطعم بخاري محد ياكل فيه", "categories": "Afghan Restaurant", "address": "الرياض 13242, المملكة العربية السعودية", "price": "Moderate", "likes": 0.0, "photos": "2", "tips": "0", "rating": null, "ratingSignals": null, "NEIGHBORHANAME": "غرناطة", "NEIGHBORHENAME": "GHIRNATAH", "lon": 46.759194, "lat": 24.804726, "rating_range": null }, "geometry": { "type": "Point", "coordinates": [ 46.759194, 24.804726 ] } },
{ "type": "Feature", "properties": { "name": "Juice Time (وقت العصير)", "categories": "Juice Bar", "address": "Dammam Road, الرياض, المملكة العربية السعودية", "price": "Cheap", "likes": 184.0, "photos": "282", "tips": "22", "rating": 9.3, "ratingSignals": 202.0, "NEIGHBORHANAME": "اليرموك", "NEIGHBORHENAME": "AL-YARMUK", "lon": 46.75994670319033, "lat": 24.807970047076207, "rating_range": "High (8–10)" }, "geometry": { "type": "Point", "coordinates": [ 46.75994670319033, 24.807970047076207 ] } },
{ "type": "Feature", "properties": { "name": "CABRITO (كبريتو)", "categories": "Middle Eastern Restaurant", "address": "Dammam Rd, المملكة العربية السعودية", "price": "Moderate", "likes": 178.0, "photos": "43", "tips": "31", "rating": 7.6, "ratingSignals": 239.0, "NEIGHBORHANAME": "اليرموك", "NEIGHBORHENAME": "AL-YARMUK", "lon": 46.759405950464703, "lat": 24.80774029451587, "rating_range": "High (8–10)" }, "geometry": { "type": "Point", "coordinates": [ 46.759405950464703, 24.80774029451587 ] } },
{ "type": "Feature", "properties": { "name": "قهوه مختصه", "categories": "Coffee Shop", "address": "حي اليرموك طريق الإمام عبدالله بن سعود, الرياض 13243, المملكة العربية السعودية", "price": "Cheap", "likes": 2.0, "photos": "2", "tips": "1", "rating": null, "ratingSignals": null, "NEIGHBORHANAME": "اليرموك", "NEIGHBORHENAME": "AL-YARMUK", "lon": 46.76504, "lat": 24.805294, "rating_range": null }, "geometry": { "type": "Point", "coordinates": [ 46.76504, 24.805294 ] } },
{ "type": "Feature", "properties": { "name": "Mahboob (شاورما محبوب)", "categories": "Shawarma Place", "address": "2181 Dammam Branch Road, الرياض 13243, المملكة العربية السعودية", "price": null, "likes": 7.0, "photos": "14", "tips": "5", "rating": 7.1, "ratingSignals": 10.0, "NEIGHBORHANAME": "اليرموك", "NEIGHBORHENAME": "AL-YARMUK", "lon": 46.760050449388331, "lat": 24.807901756485595, "rating_range": "High (8–10)" }, "geometry": { "type": "Point", "coordinates": [ 46.760050449388331, 24.807901756485595 ] } },
{ "type": "Feature", "properties": { "name": "المجلس الخليجي - الفرع الجديد", "categories": "Coffee Shop", "address": "المملكة العربية السعودية", "price": "Cheap", "likes": 2.0, "photos": "0", "tips": "1", "rating": null, "ratingSignals": null, "NEIGHBORHANAME": "اليرموك", "NEIGHBORHENAME": "AL-YARMUK", "lon": 46.760401107934463, "lat": 24.804428842874568, "rating_range": null }, "geometry": { "type": "Point", "coordinates": [ 46.760401107934463, 24.804428842874568 ] } },
{ "type": "Feature", "properties": { "name": "جدو علي", "categories": "Theme Restaurant", "address": "المملكة العربية السعودية", "price": null, "likes": 1.0, "photos": "8", "tips": "1", "rating": null, "ratingSignals": null, "NEIGHBORHANAME": "غرناطة", "NEIGHBORHENAME": "GHIRNATAH", "lon": 46.760171, "lat": 24.802948, "rating_range": null }, "geometry": { "type": "Point", "coordinates": [ 46.760171, 24.802948 ] } },
{ "type": "Feature", "properties": { "name": "حلا بنات", "categories": "Dessert Shop", "address": "المملكة العربية السعودية", "price": "Cheap", "likes": 4.0, "photos": "2", "tips": "0", "rating": 5.7, "ratingSignals": 8.0, "NEIGHBORHANAME": "غرناطة", "NEIGHBORHENAME": "GHIRNATAH", "lon": 46.75726, "lat": 24.806808, "rating_range": "Medium (4–7)" }, "geometry": { "type": "Point", "coordinates": [ 46.75726, 24.806808 ] } },
{ "type": "Feature", "properties": { "name": "شاهي جمر", "categories": "Coffee Shop", "address": "Alyarmok (Abo Jafer Almansor), الرياض 13243, المملكة العربية السعودية", "price": "Cheap", "likes": 3.0, "photos": "26", "tips": "1", "rating": null, "ratingSignals": null, "NEIGHBORHANAME": "اليرموك", "NEIGHBORHENAME": "AL-YARMUK", "lon": 46.770316, "lat": 24.803606, "rating_range": null }, "geometry": { "type": "Point", "coordinates": [ 46.770316, 24.803606 ] } },
{ "type": "Feature", "properties": { "name": "مسار القهوة Coffee Street", "categories": "Coffee Shop", "address": "حي اليرموك (شارع أبو جعفر المنصور), الرياض 13243, المملكة العربية السعودية", "price": "Cheap", "likes": 0.0, "photos": "1", "tips": "1", "rating": null, "ratingSignals": null, "NEIGHBORHANAME": "اليرموك", "NEIGHBORHENAME": "AL-YARMUK", "lon": 46.768463, "lat": 24.80333, "rating_range": null }, "geometry": { "type": "Point", "coordinates": [ 46.768463, 24.80333 ] } },
{ "type": "Feature", "properties": { "name": "Johnny Rockets", "categories": "Fast Food Restaurant", "address": "المملكة العربية السعودية", "price": "Moderate", "likes": 0.0, "photos": "1", "tips": "0", "rating": null, "ratingSignals": null, "NEIGHBORHANAME": "اليرموك", "NEIGHBORHENAME": "AL-YARMUK", "lon": 46.772334769305623, "lat": 24.805399314229085, "rating_range": null }, "geometry": { "type": "Point", "coordinates": [ 46.772334769305623, 24.805399314229085 ] } },
{ "type": "Feature", "properties": { "name": "بروستو", "categories": "Fast Food Restaurant", "address": "المملكة العربية السعودية", "price": "Cheap", "likes": 2.0, "photos": "1", "tips": "0", "rating": null, "ratingSignals": null, "NEIGHBORHANAME": "اليرموك", "NEIGHBORHENAME": "AL-YARMUK", "lon": 46.768623352050781, "lat": 24.799222946166982, "rating_range": null }, "geometry": { "type": "Point", "coordinates": [ 46.768623352050781, 24.799222946166982 ] } },
{ "type": "Feature", "properties": { "name": "Shawarmer (شاورمر)", "categories": "Shawarma Place", "address": "مركز غرناطة, الرياض, المملكة العربية السعودية", "price": null, "likes": 1.0, "photos": "0", "tips": "0", "rating": 6.3, "ratingSignals": 4.0, "NEIGHBORHANAME": "اليرموك", "NEIGHBORHENAME": "AL-YARMUK", "lon": 46.771848107715037, "lat": 24.800869964309694, "rating_range": "Medium (4–7)" }, "geometry": { "type": "Point", "coordinates": [ 46.771848107715037, 24.800869964309694 ] } },
{ "type": "Feature", "properties": { "name": "Baskin-Robbins", "categories": "Ice Cream Shop", "address": "المملكة العربية السعودية", "price": "Cheap", "likes": 2.0, "photos": "5", "tips": "0", "rating": 7.6, "ratingSignals": 2.0, "NEIGHBORHANAME": "اليرموك", "NEIGHBORHENAME": "AL-YARMUK", "lon": 46.773727193971396, "lat": 24.804277784027182, "rating_range": "High (8–10)" }, "geometry": { "type": "Point", "coordinates": [ 46.773727193971396, 24.804277784027182 ] } },
{ "type": "Feature", "properties": { "name": "Half Cup", "categories": "Coffee Shop", "address": "الرياض 13251, المملكة العربية السعودية", "price": "Cheap", "likes": 3.0, "photos": "35", "tips": "0", "rating": null, "ratingSignals": null, "NEIGHBORHANAME": "اليرموك", "NEIGHBORHENAME": "AL-YARMUK", "lon": 46.780268, "lat": 24.807764, "rating_range": null }, "geometry": { "type": "Point", "coordinates": [ 46.780268, 24.807764 ] } },
{ "type": "Feature", "properties": { "name": "الأغصان السود", "categories": "Coffee Shop", "address": "شارع الصحابة, الرياض 13243, المملكة العربية السعودية", "price": "Cheap", "likes": 9.0, "photos": "77", "tips": "3", "rating": 7.4, "ratingSignals": 12.0, "NEIGHBORHANAME": "اليرموك", "NEIGHBORHENAME": "AL-YARMUK", "lon": 46.781762, "lat": 24.802961, "rating_range": "High (8–10)" }, "geometry": { "type": "Point", "coordinates": [ 46.781762, 24.802961 ] } },
{ "type": "Feature", "properties": { "name": "7 Cups", "categories": "Coffee Shop", "address": "الرياض 13251, المملكة العربية السعودية", "price": "Cheap", "likes": 0.0, "photos": "0", "tips": "0", "rating": null, "ratingSignals": null, "NEIGHBORHANAME": "اليرموك", "NEIGHBORHENAME": "AL-YARMUK", "lon": 46.780293, "lat": 24.807441, "rating_range": null }, "geometry": { "type": "Point", "coordinates": [ 46.780293, 24.807441 ] } },
{ "type": "Feature", "properties": { "name": "مشويات روافد الرافدين", "categories": "BBQ Joint", "address": "المملكة العربية السعودية", "price": "Moderate", "likes": 0.0, "photos": "0", "tips": "0", "rating": null, "ratingSignals": null, "NEIGHBORHANAME": "اليرموك", "NEIGHBORHENAME": "AL-YARMUK", "lon": 46.780306, "lat": 24.807478, "rating_range": null }, "geometry": { "type": "Point", "coordinates": [ 46.780306, 24.807478 ] } },
{ "type": "Feature", "properties": { "name": "Black Twigs", "categories": "Coffee Shop", "address": "الرياض 13243, المملكة العربية السعودية", "price": "Cheap", "likes": 1.0, "photos": "1", "tips": "0", "rating": null, "ratingSignals": null, "NEIGHBORHANAME": "اليرموك", "NEIGHBORHENAME": "AL-YARMUK", "lon": 46.781837, "lat": 24.803055, "rating_range": null }, "geometry": { "type": "Point", "coordinates": [ 46.781837, 24.803055 ] } },
{ "type": "Feature", "properties": { "name": "بوفية عبدو", "categories": "Fast Food Restaurant", "address": "الرياض 13251, المملكة العربية السعودية", "price": "Cheap", "likes": 0.0, "photos": "1", "tips": "0", "rating": null, "ratingSignals": null, "NEIGHBORHANAME": "اليرموك", "NEIGHBORHENAME": "AL-YARMUK", "lon": 46.789225, "lat": 24.802885, "rating_range": null }, "geometry": { "type": "Point", "coordinates": [ 46.789225, 24.802885 ] } },
{ "type": "Feature", "properties": { "name": "هرفي || Herfy", "categories": "Fast Food Restaurant", "address": "طريق الإمام مخرج ٩, المملكة العربية السعودية", "price": "Cheap", "likes": 32.0, "photos": "20", "tips": "2", "rating": 6.9, "ratingSignals": 49.0, "NEIGHBORHANAME": "اليرموك", "NEIGHBORHENAME": "AL-YARMUK", "lon": 46.791840705861787, "lat": 24.80262226454256, "rating_range": "Medium (4–7)" }, "geometry": { "type": "Point", "coordinates": [ 46.791840705861787, 24.80262226454256 ] } },
{ "type": "Feature", "properties": { "name": "Four flavors restaurant (مطعم النكهات الأربعة)", "categories": "Restaurant", "address": "الرياض 13226, المملكة العربية السعودية", "price": "Moderate", "likes": 44.0, "photos": "202", "tips": "13", "rating": 7.9, "ratingSignals": 59.0, "NEIGHBORHANAME": "اليرموك", "NEIGHBORHENAME": "AL-YARMUK", "lon": 46.794425679536793, "lat": 24.803674032540545, "rating_range": "High (8–10)" }, "geometry": { "type": "Point", "coordinates": [ 46.794425679536793, 24.803674032540545 ] } },
{ "type": "Feature", "properties": { "name": "الذ لقيمات", "categories": "Dessert Shop", "address": "الرياض 13251, المملكة العربية السعودية", "price": "Cheap", "likes": 4.0, "photos": "9", "tips": "0", "rating": null, "ratingSignals": null, "NEIGHBORHANAME": "اليرموك", "NEIGHBORHENAME": "AL-YARMUK", "lon": 46.793234, "lat": 24.805451, "rating_range": null }, "geometry": { "type": "Point", "coordinates": [ 46.793234, 24.805451 ] } },
{ "type": "Feature", "properties": { "name": "RS", "categories": "Food Truck", "address": "المملكة العربية السعودية", "price": "Cheap", "likes": 0.0, "photos": "1", "tips": "0", "rating": null, "ratingSignals": null, "NEIGHBORHANAME": "اليرموك", "NEIGHBORHENAME": "AL-YARMUK", "lon": 46.789933350338181, "lat": 24.807691156147325, "rating_range": null }, "geometry": { "type": "Point", "coordinates": [ 46.789933350338181, 24.807691156147325 ] } },
{ "type": "Feature", "properties": { "name": "دانكن الجديد طريق الملك عبدالله", "categories": "New American Restaurant", "address": "المملكة العربية السعودية", "price": "Expensive", "likes": 5.0, "photos": "0", "tips": "0", "rating": null, "ratingSignals": null, "NEIGHBORHANAME": "اليرموك", "NEIGHBORHENAME": "AL-YARMUK", "lon": 46.792840260813676, "lat": 24.802571980770065, "rating_range": null }, "geometry": { "type": "Point", "coordinates": [ 46.792840260813676, 24.802571980770065 ] } },
{ "type": "Feature", "properties": { "name": "بوفيه المطيري", "categories": "Breakfast Spot", "address": "المملكة العربية السعودية", "price": "Cheap", "likes": 0.0, "photos": "2", "tips": "0", "rating": null, "ratingSignals": null, "NEIGHBORHANAME": "اليرموك", "NEIGHBORHENAME": "AL-YARMUK", "lon": 46.793258, "lat": 24.804863, "rating_range": null }, "geometry": { "type": "Point", "coordinates": [ 46.793258, 24.804863 ] } },
{ "type": "Feature", "properties": { "name": "Kudu (كودو)", "categories": "Sandwich Place, Breakfast Spot, Burger Joint", "address": "اليرموك, المملكة العربية السعودية", "price": "Cheap", "likes": 33.0, "photos": "34", "tips": "7", "rating": 7.0, "ratingSignals": 50.0, "NEIGHBORHANAME": "اليرموك", "NEIGHBORHENAME": "AL-YARMUK", "lon": 46.799159840075177, "lat": 24.805527015338825, "rating_range": "Medium (4–7)" }, "geometry": { "type": "Point", "coordinates": [ 46.799159840075177, 24.805527015338825 ] } },
{ "type": "Feature", "properties": { "name": "مطعم طلائع الطائف", "categories": "Turkish Restaurant", "address": "المملكة العربية السعودية", "price": "Moderate", "likes": 1.0, "photos": "9", "tips": "0", "rating": null, "ratingSignals": null, "NEIGHBORHANAME": "اليرموك", "NEIGHBORHENAME": "AL-YARMUK", "lon": 46.799897898548871, "lat": 24.805627324008437, "rating_range": null }, "geometry": { "type": "Point", "coordinates": [ 46.799897898548871, 24.805627324008437 ] } },
{ "type": "Feature", "properties": { "name": "العليا", "categories": "Coffee Shop", "address": "المملكة العربية السعودية", "price": "Cheap", "likes": 2.0, "photos": "6", "tips": "0", "rating": null, "ratingSignals": null, "NEIGHBORHANAME": "اليرموك", "NEIGHBORHENAME": "AL-YARMUK", "lon": 46.797056761220894, "lat": 24.807000772785727, "rating_range": null }, "geometry": { "type": "Point", "coordinates": [ 46.797056761220894, 24.807000772785727 ] } },
{ "type": "Feature", "properties": { "name": "Talaa Al Taef", "categories": "Food Court", "address": "المملكة العربية السعودية", "price": null, "likes": 0.0, "photos": "0", "tips": "0", "rating": null, "ratingSignals": null, "NEIGHBORHANAME": "اليرموك", "NEIGHBORHENAME": "AL-YARMUK", "lon": 46.799871, "lat": 24.805604, "rating_range": null }, "geometry": { "type": "Point", "coordinates": [ 46.799871, 24.805604 ] } },
{ "type": "Feature", "properties": { "name": "Dunkin' Donuts", "categories": "Donut Shop", "address": "Al Imam Abdullah Bin Saud Rd, الرياض 13251, المملكة العربية السعودية", "price": "Cheap", "likes": 834.0, "photos": "711", "tips": "48", "rating": 9.1, "ratingSignals": 972.0, "NEIGHBORHANAME": "اليرموك", "NEIGHBORHENAME": "AL-YARMUK", "lon": 46.800405979156501, "lat": 24.806128063014178, "rating_range": "High (8–10)" }, "geometry": { "type": "Point", "coordinates": [ 46.800405979156501, 24.806128063014178 ] } },
{ "type": "Feature", "properties": { "name": "Burger King", "categories": "Fast Food Restaurant", "address": "Imam Abdullah Rd. Yarmouk Dist طريق الإمام عبد الله, حي اليرموك, المملكة العربية السعودية", "price": "Cheap", "likes": 23.0, "photos": "22", "tips": "7", "rating": 6.6, "ratingSignals": 37.0, "NEIGHBORHANAME": "اليرموك", "NEIGHBORHENAME": "AL-YARMUK", "lon": 46.800948849674747, "lat": 24.806303191365274, "rating_range": "Medium (4–7)" }, "geometry": { "type": "Point", "coordinates": [ 46.800948849674747, 24.806303191365274 ] } },
{ "type": "Feature", "properties": { "name": "مطعم توت ورمان", "categories": "Middle Eastern Restaurant", "address": "شارع النجاح, المملكة العربية السعودية", "price": "Moderate", "likes": 7.0, "photos": "3", "tips": "2", "rating": 7.4, "ratingSignals": 9.0, "NEIGHBORHANAME": "اليرموك", "NEIGHBORHENAME": "AL-YARMUK", "lon": 46.80130670833212, "lat": 24.807575556536516, "rating_range": "High (8–10)" }, "geometry": { "type": "Point", "coordinates": [ 46.80130670833212, 24.807575556536516 ] } },
{ "type": "Feature", "properties": { "name": "Baskin-Robbins", "categories": "Ice Cream Shop", "address": "طريق الإمام عبد الله بن سعود, الرياض, المملكة العربية السعودية", "price": "Cheap", "likes": 23.0, "photos": "24", "tips": "4", "rating": 8.6, "ratingSignals": 26.0, "NEIGHBORHANAME": "اليرموك", "NEIGHBORHENAME": "AL-YARMUK", "lon": 46.800432351917593, "lat": 24.806035574637946, "rating_range": "High (8–10)" }, "geometry": { "type": "Point", "coordinates": [ 46.800432351917593, 24.806035574637946 ] } },
{ "type": "Feature", "properties": { "name": "منعش", "categories": "Juice Bar", "address": "الرياض 13251, المملكة العربية السعودية", "price": "Cheap", "likes": 0.0, "photos": "0", "tips": "0", "rating": null, "ratingSignals": null, "NEIGHBORHANAME": "اليرموك", "NEIGHBORHENAME": "AL-YARMUK", "lon": 46.801914, "lat": 24.807271, "rating_range": null }, "geometry": { "type": "Point", "coordinates": [ 46.801914, 24.807271 ] } },
{ "type": "Feature", "properties": { "name": "لبنة عسل", "categories": "Sandwich Place", "address": "شارع, اليرموك 12312, المملكة العربية السعودية", "price": "Cheap", "likes": 0.0, "photos": "0", "tips": "0", "rating": null, "ratingSignals": null, "NEIGHBORHANAME": "اليرموك", "NEIGHBORHENAME": "AL-YARMUK", "lon": 46.801533634401466, "lat": 24.807120880401417, "rating_range": null }, "geometry": { "type": "Point", "coordinates": [ 46.801533634401466, 24.807120880401417 ] } },
{ "type": "Feature", "properties": { "name": "Tom Tom (توم توم)", "categories": "Fast Food Restaurant", "address": "المملكة العربية السعودية", "price": "Cheap", "likes": 1.0, "photos": "1", "tips": "0", "rating": null, "ratingSignals": null, "NEIGHBORHANAME": "اليرموك", "NEIGHBORHENAME": "AL-YARMUK", "lon": 46.800474654832755, "lat": 24.80615628010586, "rating_range": null }, "geometry": { "type": "Point", "coordinates": [ 46.800474654832755, 24.80615628010586 ] } },
{ "type": "Feature", "properties": { "name": "مطعم شهد الطيبات", "categories": "Diner", "address": "مخرج ٩, المملكة العربية السعودية", "price": "Cheap", "likes": 1.0, "photos": "1", "tips": "1", "rating": null, "ratingSignals": null, "NEIGHBORHANAME": "اليرموك", "NEIGHBORHENAME": "AL-YARMUK", "lon": 46.801251, "lat": 24.807681, "rating_range": null }, "geometry": { "type": "Point", "coordinates": [ 46.801251, 24.807681 ] } },
{ "type": "Feature", "properties": { "name": "Turkey Restaurant", "categories": "Turkish Home Cooking Restaurant", "address": "المملكة العربية السعودية", "price": null, "likes": 0.0, "photos": "1", "tips": "0", "rating": null, "ratingSignals": null, "NEIGHBORHANAME": "اليرموك", "NEIGHBORHENAME": "AL-YARMUK", "lon": 46.801192, "lat": 24.807561, "rating_range": null }, "geometry": { "type": "Point", "coordinates": [ 46.801192, 24.807561 ] } },
{ "type": "Feature", "properties": { "name": "العميد للاكلات الكويسه", "categories": "Eastern European Restaurant", "address": "الرياض 13226, المملكة العربية السعودية", "price": "Moderate", "likes": 2.0, "photos": "2", "tips": "0", "rating": null, "ratingSignals": null, "NEIGHBORHANAME": "اليرموك", "NEIGHBORHENAME": "AL-YARMUK", "lon": 46.80542, "lat": 24.807948, "rating_range": null }, "geometry": { "type": "Point", "coordinates": [ 46.80542, 24.807948 ] } },
{ "type": "Feature", "properties": { "name": "ركن الكتكوت", "categories": "Fried Chicken Joint", "address": "الرياض, المملكة العربية السعودية", "price": "Cheap", "likes": 0.0, "photos": "4", "tips": "2", "rating": null, "ratingSignals": null, "NEIGHBORHANAME": "اليرموك", "NEIGHBORHENAME": "AL-YARMUK", "lon": 46.804422, "lat": 24.807681, "rating_range": null }, "geometry": { "type": "Point", "coordinates": [ 46.804422, 24.807681 ] } },
{ "type": "Feature", "properties": { "name": "BarnCafe (بارن كافيه)", "categories": "Coffee Shop", "address": "Drive Thru طريق الإمام عبدالله بن سعود بن عبدالعزيز, المملكة العربية السعودية", "price": "Cheap", "likes": 4.0, "photos": "7", "tips": "1", "rating": null, "ratingSignals": null, "NEIGHBORHANAME": "اليرموك", "NEIGHBORHENAME": "AL-YARMUK", "lon": 46.80478, "lat": 24.807802, "rating_range": null }, "geometry": { "type": "Point", "coordinates": [ 46.80478, 24.807802 ] } },
{ "type": "Feature", "properties": { "name": "بروكلي", "categories": "Italian Restaurant", "address": "الرياض 13242, المملكة العربية السعودية", "price": "Moderate", "likes": 8.0, "photos": "10", "tips": "5", "rating": 7.4, "ratingSignals": 10.0, "NEIGHBORHANAME": "غرناطة", "NEIGHBORHENAME": "GHIRNATAH", "lon": 46.755961, "lat": 24.806294, "rating_range": "High (8–10)" }, "geometry": { "type": "Point", "coordinates": [ 46.755961, 24.806294 ] } },
{ "type": "Feature", "properties": { "name": "Shawarmer (شاورمر)", "categories": "Shawarma Place", "address": "Yarmouk, الرياض, المملكة العربية السعودية", "price": null, "likes": 171.0, "photos": "59", "tips": "15", "rating": 7.8, "ratingSignals": 222.0, "NEIGHBORHANAME": "اليرموك", "NEIGHBORHENAME": "AL-YARMUK", "lon": 46.76075427824437, "lat": 24.808294079459429, "rating_range": "High (8–10)" }, "geometry": { "type": "Point", "coordinates": [ 46.76075427824437, 24.808294079459429 ] } },
{ "type": "Feature", "properties": { "name": "HERFY (هرفي)", "categories": "Fast Food Restaurant", "address": "Dammam Rd, الرياض, المملكة العربية السعودية", "price": "Cheap", "likes": 123.0, "photos": "58", "tips": "12", "rating": 7.0, "ratingSignals": 184.0, "NEIGHBORHANAME": "اليرموك", "NEIGHBORHENAME": "AL-YARMUK", "lon": 46.762164496405326, "lat": 24.808711655308084, "rating_range": "Medium (4–7)" }, "geometry": { "type": "Point", "coordinates": [ 46.762164496405326, 24.808711655308084 ] } },
{ "type": "Feature", "properties": { "name": "كوخ الكشري", "categories": "Restaurant", "address": "الرياض 13243, المملكة العربية السعودية", "price": "Moderate", "likes": 0.0, "photos": "0", "tips": "0", "rating": null, "ratingSignals": null, "NEIGHBORHANAME": "اليرموك", "NEIGHBORHENAME": "AL-YARMUK", "lon": 46.760541, "lat": 24.808123, "rating_range": null }, "geometry": { "type": "Point", "coordinates": [ 46.760541, 24.808123 ] } },
{ "type": "Feature", "properties": { "name": "بيت الكتاكيت BK", "categories": "Fried Chicken Joint", "address": "Alyarmook (Dammam Rd), الرياض, المملكة العربية السعودية", "price": "Cheap", "likes": 4.0, "photos": "11", "tips": "2", "rating": 5.6, "ratingSignals": 11.0, "NEIGHBORHANAME": "اليرموك", "NEIGHBORHENAME": "AL-YARMUK", "lon": 46.760379, "lat": 24.808141, "rating_range": "Medium (4–7)" }, "geometry": { "type": "Point", "coordinates": [ 46.760379, 24.808141 ] } },
{ "type": "Feature", "properties": { "name": "Burgerizzr (برغرايززر)", "categories": "Burger Joint", "address": "Dammam Rd. Yarmouk Dist طريق الدمام, حي اليرموك (Dammam Road), الرياض, المملكة العربية السعودية", "price": "Cheap", "likes": 118.0, "photos": "61", "tips": "26", "rating": 7.1, "ratingSignals": 160.0, "NEIGHBORHANAME": "اليرموك", "NEIGHBORHENAME": "AL-YARMUK", "lon": 46.760287167050457, "lat": 24.808120582384944, "rating_range": "High (8–10)" }, "geometry": { "type": "Point", "coordinates": [ 46.760287167050457, 24.808120582384944 ] } },
{ "type": "Feature", "properties": { "name": "burgrizer", "categories": "Burger Joint", "address": "المملكة العربية السعودية", "price": "Cheap", "likes": 2.0, "photos": "3", "tips": "3", "rating": null, "ratingSignals": null, "NEIGHBORHANAME": "اليرموك", "NEIGHBORHENAME": "AL-YARMUK", "lon": 46.760094063805141, "lat": 24.808272919550237, "rating_range": null }, "geometry": { "type": "Point", "coordinates": [ 46.760094063805141, 24.808272919550237 ] } },
{ "type": "Feature", "properties": { "name": "شاو Shau", "categories": "Middle Eastern Restaurant", "address": "طريق الدمام السريع, الرياض 13243, المملكة العربية السعودية", "price": "Moderate", "likes": 4.0, "photos": "16", "tips": "3", "rating": null, "ratingSignals": null, "NEIGHBORHANAME": "اليرموك", "NEIGHBORHENAME": "AL-YARMUK", "lon": 46.760254, "lat": 24.808056, "rating_range": null }, "geometry": { "type": "Point", "coordinates": [ 46.760254, 24.808056 ] } },
{ "type": "Feature", "properties": { "name": "‏Kermes Coffee (قرمز كوفي)", "categories": "Coffee Shop", "address": "Al Yarmuk District (Dammam Rd.), الرياض 13243, المملكة العربية السعودية", "price": "Cheap", "likes": 836.0, "photos": "5797", "tips": "220", "rating": 9.0, "ratingSignals": 1022.0, "NEIGHBORHANAME": "اليرموك", "NEIGHBORHENAME": "AL-YARMUK", "lon": 46.764407228008182, "lat": 24.809597815212438, "rating_range": "High (8–10)" }, "geometry": { "type": "Point", "coordinates": [ 46.764407228008182, 24.809597815212438 ] } },
{ "type": "Feature", "properties": { "name": "MAMA NOURA (ماما نوره)", "categories": "Shawarma Place", "address": "الرياض 13243, المملكة العربية السعودية", "price": null, "likes": 12.0, "photos": "38", "tips": "3", "rating": 7.7, "ratingSignals": 15.0, "NEIGHBORHANAME": "اليرموك", "NEIGHBORHENAME": "AL-YARMUK", "lon": 46.763519, "lat": 24.809396, "rating_range": "High (8–10)" }, "geometry": { "type": "Point", "coordinates": [ 46.763519, 24.809396 ] } },
{ "type": "Feature", "properties": { "name": "Mamma Noura (ماما نوره)", "categories": "Middle Eastern Restaurant, Doner Restaurant", "address": "الرياض 13243, المملكة العربية السعودية", "price": "Moderate", "likes": 8.0, "photos": "16", "tips": "3", "rating": 8.4, "ratingSignals": 8.0, "NEIGHBORHANAME": "اليرموك", "NEIGHBORHENAME": "AL-YARMUK", "lon": 46.763346, "lat": 24.809322, "rating_range": "High (8–10)" }, "geometry": { "type": "Point", "coordinates": [ 46.763346, 24.809322 ] } },
{ "type": "Feature", "properties": { "name": "مطعم صالحة البخاري", "categories": "Middle Eastern Restaurant", "address": "بجوار ماكدونالدز (شارع العزيزية العام), الرياض 14514, المملكة العربية السعودية", "price": "Moderate", "likes": 74.0, "photos": "41", "tips": "20", "rating": 8.5, "ratingSignals": 93.0, "NEIGHBORHANAME": "اليرموك", "NEIGHBORHENAME": "AL-YARMUK", "lon": 46.766490184251701, "lat": 24.810702560101831, "rating_range": "High (8–10)" }, "geometry": { "type": "Point", "coordinates": [ 46.766490184251701, 24.810702560101831 ] } },
{ "type": "Feature", "properties": { "name": "Hamburgini (هامبرغيني)", "categories": "Burger Joint", "address": "DAMMAM RD, Riyadh 13243, المملكة العربية السعودية", "price": "Cheap", "likes": 110.0, "photos": "86", "tips": "13", "rating": 8.8, "ratingSignals": 129.0, "NEIGHBORHANAME": "اليرموك", "NEIGHBORHENAME": "AL-YARMUK", "lon": 46.762802915442144, "lat": 24.80922345098675, "rating_range": "High (8–10)" }, "geometry": { "type": "Point", "coordinates": [ 46.762802915442144, 24.80922345098675 ] } },
{ "type": "Feature", "properties": { "name": "المزاج المغربي", "categories": "Tea Room", "address": "المملكة العربية السعودية", "price": "Moderate", "likes": 27.0, "photos": "19", "tips": "0", "rating": 8.2, "ratingSignals": 32.0, "NEIGHBORHANAME": "اليرموك", "NEIGHBORHENAME": "AL-YARMUK", "lon": 46.765538944139074, "lat": 24.810172847438345, "rating_range": "High (8–10)" }, "geometry": { "type": "Point", "coordinates": [ 46.765538944139074, 24.810172847438345 ] } },
{ "type": "Feature", "properties": { "name": "عصير تايم", "categories": "Juice Bar", "address": "الرياض 13243, المملكة العربية السعودية", "price": "Cheap", "likes": 0.0, "photos": "5", "tips": "1", "rating": null, "ratingSignals": null, "NEIGHBORHANAME": "اليرموك", "NEIGHBORHENAME": "AL-YARMUK", "lon": 46.762453, "lat": 24.80899, "rating_range": null }, "geometry": { "type": "Point", "coordinates": [ 46.762453, 24.80899 ] } },
{ "type": "Feature", "properties": { "name": "39er time", "categories": "Juice Bar", "address": "Dammam ROAD, الرياض 13243, المملكة العربية السعودية", "price": "Cheap", "likes": 1.0, "photos": "1", "tips": "1", "rating": null, "ratingSignals": null, "NEIGHBORHANAME": "اليرموك", "NEIGHBORHENAME": "AL-YARMUK", "lon": 46.762319, "lat": 24.808812, "rating_range": null }, "geometry": { "type": "Point", "coordinates": [ 46.762319, 24.808812 ] } },
{ "type": "Feature", "properties": { "name": "مقهى الثامنة", "categories": "Coffee Shop", "address": "Dammam Road, الرياض 13243, المملكة العربية السعودية", "price": "Cheap", "likes": 1.0, "photos": "0", "tips": "0", "rating": null, "ratingSignals": null, "NEIGHBORHANAME": "اليرموك", "NEIGHBORHENAME": "AL-YARMUK", "lon": 46.766274, "lat": 24.810539, "rating_range": null }, "geometry": { "type": "Point", "coordinates": [ 46.766274, 24.810539 ] } },
{ "type": "Feature", "properties": { "name": "دانة الأرياف || Danat Alaryaf", "categories": "Bakery", "address": "حي اليرموك - طريق الدمام, اليرموك, المملكة العربية السعودية", "price": "Cheap", "likes": 19.0, "photos": "10", "tips": "1", "rating": 7.7, "ratingSignals": 23.0, "NEIGHBORHANAME": "اليرموك", "NEIGHBORHENAME": "AL-YARMUK", "lon": 46.762678, "lat": 24.809056, "rating_range": "High (8–10)" }, "geometry": { "type": "Point", "coordinates": [ 46.762678, 24.809056 ] } },
{ "type": "Feature", "properties": { "name": "Diet Dish", "categories": "Restaurant", "address": "Dammam Road, الرياض 13243, المملكة العربية السعودية", "price": "Moderate", "likes": 10.0, "photos": "50", "tips": "4", "rating": 7.0, "ratingSignals": 15.0, "NEIGHBORHANAME": "اليرموك", "NEIGHBORHENAME": "AL-YARMUK", "lon": 46.762611638446337, "lat": 24.809105867160319, "rating_range": "Medium (4–7)" }, "geometry": { "type": "Point", "coordinates": [ 46.762611638446337, 24.809105867160319 ] } },
{ "type": "Feature", "properties": { "name": "mama noura (ماما نورة)", "categories": "Middle Eastern Restaurant, Turkish Restaurant", "address": "الرياض 13243, المملكة العربية السعودية", "price": "Moderate", "likes": 1.0, "photos": "0", "tips": "0", "rating": null, "ratingSignals": null, "NEIGHBORHANAME": "اليرموك", "NEIGHBORHENAME": "AL-YARMUK", "lon": 46.76325, "lat": 24.80929, "rating_range": null }, "geometry": { "type": "Point", "coordinates": [ 46.76325, 24.80929 ] } },
{ "type": "Feature", "properties": { "name": "Seefa Seafood Restaurant", "categories": "Thai Restaurant", "address": "Exit 8 (Riyadh - Dammam St.), الرياض, المملكة العربية السعودية", "price": "Moderate", "likes": 9.0, "photos": "21", "tips": "8", "rating": 6.6, "ratingSignals": 20.0, "NEIGHBORHANAME": "اليرموك", "NEIGHBORHENAME": "AL-YARMUK", "lon": 46.765175177148251, "lat": 24.809939159685999, "rating_range": "Medium (4–7)" }, "geometry": { "type": "Point", "coordinates": [ 46.765175177148251, 24.809939159685999 ] } },
{ "type": "Feature", "properties": { "name": "Shawrma Tazajah (الشاورما الطازجة)", "categories": "Shawarma Place", "address": "Dammam Rd, الرياض, المملكة العربية السعودية", "price": null, "likes": 8.0, "photos": "7", "tips": "1", "rating": 7.1, "ratingSignals": 14.0, "NEIGHBORHANAME": "اليرموك", "NEIGHBORHENAME": "AL-YARMUK", "lon": 46.762736504313139, "lat": 24.809181807189194, "rating_range": "High (8–10)" }, "geometry": { "type": "Point", "coordinates": [ 46.762736504313139, 24.809181807189194 ] } },
{ "type": "Feature", "properties": { "name": "مطعم صالحه البخاري - افضل مطعم بخاري بالمجرّه", "categories": "Restaurant", "address": "الرياض 13243, المملكة العربية السعودية", "price": "Moderate", "likes": 0.0, "photos": "1", "tips": "0", "rating": null, "ratingSignals": null, "NEIGHBORHANAME": "اليرموك", "NEIGHBORHENAME": "AL-YARMUK", "lon": 46.766389, "lat": 24.809673, "rating_range": null }, "geometry": { "type": "Point", "coordinates": [ 46.766389, 24.809673 ] } },
{ "type": "Feature", "properties": { "name": "Döner & Gyros", "categories": "German Restaurant, Turkish Restaurant", "address": "الرياض 13243, المملكة العربية السعودية", "price": "Moderate", "likes": 7.0, "photos": "12", "tips": "0", "rating": 6.4, "ratingSignals": 10.0, "NEIGHBORHANAME": "اليرموك", "NEIGHBORHENAME": "AL-YARMUK", "lon": 46.762376, "lat": 24.808943, "rating_range": "Medium (4–7)" }, "geometry": { "type": "Point", "coordinates": [ 46.762376, 24.808943 ] } },
{ "type": "Feature", "properties": { "name": "Shawarma House (بيت الشاورما)", "categories": "Shawarma Place", "address": "Al-Yarmuk District (Dammam Rd.), الرياض, المملكة العربية السعودية", "price": null, "likes": 566.0, "photos": "692", "tips": "98", "rating": 8.8, "ratingSignals": 677.0, "NEIGHBORHANAME": "اليرموك", "NEIGHBORHENAME": "AL-YARMUK", "lon": 46.76871102050665, "lat": 24.811576916743871, "rating_range": "High (8–10)" }, "geometry": { "type": "Point", "coordinates": [ 46.76871102050665, 24.811576916743871 ] } },
{ "type": "Feature", "properties": { "name": "Dunkin' Donuts", "categories": "Donut Shop", "address": "Dammam Road (Damyat St.), الرياض 13251, المملكة العربية السعودية", "price": "Cheap", "likes": 554.0, "photos": "588", "tips": "43", "rating": 8.8, "ratingSignals": 660.0, "NEIGHBORHANAME": "اليرموك", "NEIGHBORHENAME": "AL-YARMUK", "lon": 46.767255766393397, "lat": 24.811114969566574, "rating_range": "High (8–10)" }, "geometry": { "type": "Point", "coordinates": [ 46.767255766393397, 24.811114969566574 ] } },
{ "type": "Feature", "properties": { "name": "McDonald's", "categories": "Fast Food Restaurant", "address": "Dammam Rd (Rajiah St), الرياض 13246, المملكة العربية السعودية", "price": "Cheap", "likes": 140.0, "photos": "191", "tips": "3", "rating": 8.0, "ratingSignals": 186.0, "NEIGHBORHANAME": "اليرموك", "NEIGHBORHENAME": "AL-YARMUK", "lon": 46.769301590288435, "lat": 24.811526809200867, "rating_range": "High (8–10)" }, "geometry": { "type": "Point", "coordinates": [ 46.769301590288435, 24.811526809200867 ] } },
{ "type": "Feature", "properties": { "name": "Mol10 (مولتن)", "categories": "Cupcake Shop, Café", "address": "الرياض 13243, المملكة العربية السعودية", "price": "Moderate", "likes": 143.0, "photos": "473", "tips": "26", "rating": 8.6, "ratingSignals": 183.0, "NEIGHBORHANAME": "اليرموك", "NEIGHBORHENAME": "AL-YARMUK", "lon": 46.769893864451028, "lat": 24.81166797465432, "rating_range": "High (8–10)" }, "geometry": { "type": "Point", "coordinates": [ 46.769893864451028, 24.81166797465432 ] } },
{ "type": "Feature", "properties": { "name": "KUP since كوب منذ 1948", "categories": "Dessert Shop, Pastry Shop", "address": "الرياض 13243, المملكة العربية السعودية", "price": "Cheap", "likes": 8.0, "photos": "14", "tips": "3", "rating": 6.9, "ratingSignals": 12.0, "NEIGHBORHANAME": "اليرموك", "NEIGHBORHENAME": "AL-YARMUK", "lon": 46.770009, "lat": 24.807738, "rating_range": "Medium (4–7)" }, "geometry": { "type": "Point", "coordinates": [ 46.770009, 24.807738 ] } },
{ "type": "Feature", "properties": { "name": "Little Ceasars (ليتل سيزر)", "categories": "Pizza Place", "address": "المملكة العربية السعودية", "price": "Cheap", "likes": 6.0, "photos": "2", "tips": "0", "rating": 7.8, "ratingSignals": 9.0, "NEIGHBORHANAME": "اليرموك", "NEIGHBORHENAME": "AL-YARMUK", "lon": 46.768451057620496, "lat": 24.811731469456586, "rating_range": "High (8–10)" }, "geometry": { "type": "Point", "coordinates": [ 46.768451057620496, 24.811731469456586 ] } },
{ "type": "Feature", "properties": { "name": "TSC The Sandwich Co. (ذا ساندويتش كومبني)", "categories": "Sandwich Place", "address": "Dammam Road, Al-Riyadh, المملكة العربية السعودية", "price": "Cheap", "likes": 111.0, "photos": "81", "tips": "9", "rating": 8.3, "ratingSignals": 136.0, "NEIGHBORHANAME": "اليرموك", "NEIGHBORHENAME": "AL-YARMUK", "lon": 46.769843799399354, "lat": 24.811810271095176, "rating_range": "High (8–10)" }, "geometry": { "type": "Point", "coordinates": [ 46.769843799399354, 24.811810271095176 ] } },
{ "type": "Feature", "properties": { "name": "La Casa Pasta", "categories": "Italian Restaurant", "address": "اليرموك بلازا, المملكة العربية السعودية", "price": "Moderate", "likes": 11.0, "photos": "25", "tips": "2", "rating": 8.7, "ratingSignals": 17.0, "NEIGHBORHANAME": "اليرموك", "NEIGHBORHENAME": "AL-YARMUK", "lon": 46.769588882126172, "lat": 24.811514836632085, "rating_range": "High (8–10)" }, "geometry": { "type": "Point", "coordinates": [ 46.769588882126172, 24.811514836632085 ] } },
{ "type": "Feature", "properties": { "name": "Koshari Station", "categories": "Egyptian Restaurant", "address": "Al Yarmouk Plaza (2073 Dammam Branch Rd,), الرياض 13243, المملكة العربية السعودية", "price": null, "likes": 1.0, "photos": "2", "tips": "0", "rating": null, "ratingSignals": null, "NEIGHBORHANAME": "اليرموك", "NEIGHBORHENAME": "AL-YARMUK", "lon": 46.769806, "lat": 24.81172, "rating_range": null }, "geometry": { "type": "Point", "coordinates": [ 46.769806, 24.81172 ] } },
{ "type": "Feature", "properties": { "name": "Wokkong (ووك كونج)", "categories": "Noodle House", "address": "الرياض 13243, المملكة العربية السعودية", "price": "Cheap", "likes": 52.0, "photos": "80", "tips": "20", "rating": 7.9, "ratingSignals": 71.0, "NEIGHBORHANAME": "اليرموك", "NEIGHBORHENAME": "AL-YARMUK", "lon": 46.769570253671645, "lat": 24.811588239977947, "rating_range": "High (8–10)" }, "geometry": { "type": "Point", "coordinates": [ 46.769570253671645, 24.811588239977947 ] } },
{ "type": "Feature", "properties": { "name": "الكنافة اللذيذة", "categories": "Dessert Shop", "address": "الرياض 13243, المملكة العربية السعودية", "price": "Cheap", "likes": 0.0, "photos": "5", "tips": "0", "rating": null, "ratingSignals": null, "NEIGHBORHANAME": "اليرموك", "NEIGHBORHENAME": "AL-YARMUK", "lon": 46.768696, "lat": 24.811016, "rating_range": null }, "geometry": { "type": "Point", "coordinates": [ 46.768696, 24.811016 ] } },
{ "type": "Feature", "properties": { "name": "Domino's Pizza", "categories": "Pizza Place", "address": "الرياض 13243, المملكة العربية السعودية", "price": "Cheap", "likes": 1.0, "photos": "3", "tips": "0", "rating": 7.3, "ratingSignals": 1.0, "NEIGHBORHANAME": "اليرموك", "NEIGHBORHENAME": "AL-YARMUK", "lon": 46.769823, "lat": 24.811743, "rating_range": "High (8–10)" }, "geometry": { "type": "Point", "coordinates": [ 46.769823, 24.811743 ] } },
{ "type": "Feature", "properties": { "name": "فلافل ثمار", "categories": "Falafel Restaurant", "address": "الرياض 13243, المملكة العربية السعودية", "price": "Cheap", "likes": 1.0, "photos": "5", "tips": "0", "rating": null, "ratingSignals": null, "NEIGHBORHANAME": "اليرموك", "NEIGHBORHENAME": "AL-YARMUK", "lon": 46.76696, "lat": 24.810833, "rating_range": null }, "geometry": { "type": "Point", "coordinates": [ 46.76696, 24.810833 ] } },
{ "type": "Feature", "properties": { "name": "Canton (كانتون)", "categories": "Cantonese Restaurant", "address": "المملكة العربية السعودية", "price": null, "likes": 2.0, "photos": "11", "tips": "0", "rating": null, "ratingSignals": null, "NEIGHBORHANAME": "اليرموك", "NEIGHBORHENAME": "AL-YARMUK", "lon": 46.769651, "lat": 24.811836, "rating_range": null }, "geometry": { "type": "Point", "coordinates": [ 46.769651, 24.811836 ] } },
{ "type": "Feature", "properties": { "name": "Sultan Coffee (سلطان القهوة)", "categories": "Coffee Shop", "address": "Dammam St. طريق الدمام, الرياض, المملكة العربية السعودية", "price": "Cheap", "likes": 1.0, "photos": "19", "tips": "3", "rating": null, "ratingSignals": null, "NEIGHBORHANAME": "اليرموك", "NEIGHBORHENAME": "AL-YARMUK", "lon": 46.76751775748248, "lat": 24.811260710922678, "rating_range": null }, "geometry": { "type": "Point", "coordinates": [ 46.76751775748248, 24.811260710922678 ] } },
{ "type": "Feature", "properties": { "name": "Baskin-Robbins", "categories": "Ice Cream Shop", "address": "Dammam Rd, المملكة العربية السعودية", "price": "Cheap", "likes": 15.0, "photos": "34", "tips": "5", "rating": 8.6, "ratingSignals": 16.0, "NEIGHBORHANAME": "اليرموك", "NEIGHBORHENAME": "AL-YARMUK", "lon": 46.767367078405478, "lat": 24.811236408743468, "rating_range": "High (8–10)" }, "geometry": { "type": "Point", "coordinates": [ 46.767367078405478, 24.811236408743468 ] } },
{ "type": "Feature", "properties": { "name": "Shawarma Plus (شاورما بلس)", "categories": "Shawarma Place", "address": "Dammam Rd, الرياض, المملكة العربية السعودية", "price": null, "likes": 17.0, "photos": "12", "tips": "8", "rating": 6.1, "ratingSignals": 30.0, "NEIGHBORHANAME": "اليرموك", "NEIGHBORHENAME": "AL-YARMUK", "lon": 46.769783681535863, "lat": 24.811575129235486, "rating_range": "Medium (4–7)" }, "geometry": { "type": "Point", "coordinates": [ 46.769783681535863, 24.811575129235486 ] } },
{ "type": "Feature", "properties": { "name": "Falafel Pie (فطيرة الفلافل)", "categories": "Falafel Restaurant", "address": "حي اليرموك (طريق الدمام), الرياض, المملكة العربية السعودية", "price": "Cheap", "likes": 22.0, "photos": "28", "tips": "5", "rating": 7.7, "ratingSignals": 27.0, "NEIGHBORHANAME": "اليرموك", "NEIGHBORHENAME": "AL-YARMUK", "lon": 46.767326871537897, "lat": 24.81117145518327, "rating_range": "High (8–10)" }, "geometry": { "type": "Point", "coordinates": [ 46.767326871537897, 24.81117145518327 ] } },
{ "type": "Feature", "properties": { "name": "البيك", "categories": "Fried Chicken Joint", "address": "Al Yarmuk (Al Sahaba Road), الرياض 13251, المملكة العربية السعودية", "price": "Cheap", "likes": 42.0, "photos": "152", "tips": "15", "rating": 8.5, "ratingSignals": 55.0, "NEIGHBORHANAME": "اليرموك", "NEIGHBORHENAME": "AL-YARMUK", "lon": 46.778741, "lat": 24.809624, "rating_range": "High (8–10)" }, "geometry": { "type": "Point", "coordinates": [ 46.778741, 24.809624 ] } },
{ "type": "Feature", "properties": { "name": "50 Fruit (٥٠ فاكهة)", "categories": "Juice Bar", "address": "طريق الدمام, المملكة العربية السعودية", "price": "Cheap", "likes": 240.0, "photos": "87", "tips": "44", "rating": 8.8, "ratingSignals": 287.0, "NEIGHBORHANAME": "اليرموك", "NEIGHBORHENAME": "AL-YARMUK", "lon": 46.771630917259976, "lat": 24.812862635257364, "rating_range": "High (8–10)" }, "geometry": { "type": "Point", "coordinates": [ 46.771630917259976, 24.812862635257364 ] } },
{ "type": "Feature", "properties": { "name": "كيف الشيوخ", "categories": "Coffee Shop", "address": "اليرموك (طريق الدمام), الرياض, المملكة العربية السعودية", "price": "Cheap", "likes": 34.0, "photos": "14", "tips": "6", "rating": 7.8, "ratingSignals": 43.0, "NEIGHBORHANAME": "اليرموك", "NEIGHBORHENAME": "AL-YARMUK", "lon": 46.771976378543776, "lat": 24.813048746108528, "rating_range": "High (8–10)" }, "geometry": { "type": "Point", "coordinates": [ 46.771976378543776, 24.813048746108528 ] } },
{ "type": "Feature", "properties": { "name": "مطاعم نبع لبنان", "categories": "Middle Eastern Restaurant", "address": "المملكة العربية السعودية", "price": "Moderate", "likes": 32.0, "photos": "13", "tips": "6", "rating": 7.3, "ratingSignals": 44.0, "NEIGHBORHANAME": "اليرموك", "NEIGHBORHENAME": "AL-YARMUK", "lon": 46.779419028376509, "lat": 24.808016630189247, "rating_range": "High (8–10)" }, "geometry": { "type": "Point", "coordinates": [ 46.779419028376509, 24.808016630189247 ] } },
{ "type": "Feature", "properties": { "name": "بسبوسه واو", "categories": "Pie Shop", "address": "طريق الدمام, الرياض 13243, المملكة العربية السعودية", "price": null, "likes": 16.0, "photos": "25", "tips": "4", "rating": 8.3, "ratingSignals": 20.0, "NEIGHBORHANAME": "اليرموك", "NEIGHBORHENAME": "AL-YARMUK", "lon": 46.772276235530569, "lat": 24.813229122339678, "rating_range": "High (8–10)" }, "geometry": { "type": "Point", "coordinates": [ 46.772276235530569, 24.813229122339678 ] } },
{ "type": "Feature", "properties": { "name": "Herfy", "categories": "Fast Food Restaurant", "address": "شارع الامام اشبيليا, الرياض, المملكة العربية السعودية", "price": "Cheap", "likes": 1.0, "photos": "0", "tips": "0", "rating": null, "ratingSignals": null, "NEIGHBORHANAME": "اليرموك", "NEIGHBORHENAME": "AL-YARMUK", "lon": 46.777192193759319, "lat": 24.808763716531399, "rating_range": null }, "geometry": { "type": "Point", "coordinates": [ 46.777192193759319, 24.808763716531399 ] } },
{ "type": "Feature", "properties": { "name": "Sweets Corner (ركن الحلويات)", "categories": "Dessert Shop", "address": "الرياض 13243, المملكة العربية السعودية", "price": "Cheap", "likes": 1.0, "photos": "1", "tips": "0", "rating": null, "ratingSignals": null, "NEIGHBORHANAME": "اليرموك", "NEIGHBORHENAME": "AL-YARMUK", "lon": 46.772462, "lat": 24.813167, "rating_range": null }, "geometry": { "type": "Point", "coordinates": [ 46.772462, 24.813167 ] } },
{ "type": "Feature", "properties": { "name": "بيتزا فطائر السنبلة", "categories": "Turkish Restaurant", "address": "المملكة العربية السعودية", "price": "Moderate", "likes": 9.0, "photos": "12", "tips": "0", "rating": 7.7, "ratingSignals": 10.0, "NEIGHBORHANAME": "اليرموك", "NEIGHBORHENAME": "AL-YARMUK", "lon": 46.779276116059293, "lat": 24.808373012339594, "rating_range": "High (8–10)" }, "geometry": { "type": "Point", "coordinates": [ 46.779276116059293, 24.808373012339594 ] } },
{ "type": "Feature", "properties": { "name": "Karam Express", "categories": "Middle Eastern Restaurant", "address": "الرياض 13243, المملكة العربية السعودية", "price": "Moderate", "likes": 0.0, "photos": "1", "tips": "0", "rating": null, "ratingSignals": null, "NEIGHBORHANAME": "اليرموك", "NEIGHBORHENAME": "AL-YARMUK", "lon": 46.769643, "lat": 24.811637, "rating_range": null }, "geometry": { "type": "Point", "coordinates": [ 46.769643, 24.811637 ] } },
{ "type": "Feature", "properties": { "name": "Domino's Pizza", "categories": "Pizza Place", "address": "Dammam Branch Rd, Next to Danube Hypermarket, Al Yarmuk, الرياض 13243, المملكة العربية السعودية", "price": "Cheap", "likes": 0.0, "photos": "1", "tips": "0", "rating": 7.3, "ratingSignals": 0.0, "NEIGHBORHANAME": "اليرموك", "NEIGHBORHENAME": "AL-YARMUK", "lon": 46.770004, "lat": 24.811915, "rating_range": "High (8–10)" }, "geometry": { "type": "Point", "coordinates": [ 46.770004, 24.811915 ] } },
{ "type": "Feature", "properties": { "name": "دومينوز بيتزا", "categories": "Pizza Place", "address": "المملكة العربية السعودية", "price": "Cheap", "likes": 3.0, "photos": "11", "tips": "0", "rating": null, "ratingSignals": null, "NEIGHBORHANAME": "اليرموك", "NEIGHBORHENAME": "AL-YARMUK", "lon": 46.76996164065995, "lat": 24.811846996991409, "rating_range": null }, "geometry": { "type": "Point", "coordinates": [ 46.76996164065995, 24.811846996991409 ] } },
{ "type": "Feature", "properties": { "name": "Tea 7 (شاهي سبعة ٧)", "categories": "Tea Room, Café, Coffee Shop", "address": "Rajyah St, الرياض 13243, المملكة العربية السعودية", "price": "Moderate", "likes": 0.0, "photos": "1", "tips": "0", "rating": null, "ratingSignals": null, "NEIGHBORHANAME": "اليرموك", "NEIGHBORHENAME": "AL-YARMUK", "lon": 46.769984, "lat": 24.808454, "rating_range": null }, "geometry": { "type": "Point", "coordinates": [ 46.769984, 24.808454 ] } },
{ "type": "Feature", "properties": { "name": "هامبرجيني", "categories": "Burger Joint", "address": "الرياض 13243, المملكة العربية السعودية", "price": "Cheap", "likes": 0.0, "photos": "1", "tips": "0", "rating": null, "ratingSignals": null, "NEIGHBORHANAME": "اليرموك", "NEIGHBORHENAME": "AL-YARMUK", "lon": 46.770171, "lat": 24.812208, "rating_range": null }, "geometry": { "type": "Point", "coordinates": [ 46.770171, 24.812208 ] } },
{ "type": "Feature", "properties": { "name": "MaestrroPizza", "categories": "Pizza Place", "address": "الرياض 13243, المملكة العربية السعودية", "price": "Cheap", "likes": 0.0, "photos": "0", "tips": "0", "rating": null, "ratingSignals": null, "NEIGHBORHANAME": "اليرموك", "NEIGHBORHENAME": "AL-YARMUK", "lon": 46.77, "lat": 24.811749, "rating_range": null }, "geometry": { "type": "Point", "coordinates": [ 46.77, 24.811749 ] } },
{ "type": "Feature", "properties": { "name": "Loukoumada (لوكوماديس)", "categories": "Dessert Shop, Coffee Shop", "address": "Alyrmouk Plaza, الرياض 13243, المملكة العربية السعودية", "price": "Cheap", "likes": 28.0, "photos": "151", "tips": "10", "rating": 7.3, "ratingSignals": 36.0, "NEIGHBORHANAME": "اليرموك", "NEIGHBORHENAME": "AL-YARMUK", "lon": 46.769477978905677, "lat": 24.811406775998432, "rating_range": "High (8–10)" }, "geometry": { "type": "Point", "coordinates": [ 46.769477978905677, 24.811406775998432 ] } },
{ "type": "Feature", "properties": { "name": "Papa John's (بابا جونز)", "categories": "Pizza Place", "address": "Al Yarmouk (Dammam Rd.), الرياض 13243, المملكة العربية السعودية", "price": "Cheap", "likes": 0.0, "photos": "1", "tips": "0", "rating": null, "ratingSignals": null, "NEIGHBORHANAME": "اليرموك", "NEIGHBORHENAME": "AL-YARMUK", "lon": 46.769326, "lat": 24.811514, "rating_range": null }, "geometry": { "type": "Point", "coordinates": [ 46.769326, 24.811514 ] } },
{ "type": "Feature", "properties": { "name": "Sbarro (سبارو)", "categories": "Pizza Place, Italian Restaurant", "address": "الرياض 13243, المملكة العربية السعودية", "price": "Cheap", "likes": 1.0, "photos": "4", "tips": "0", "rating": null, "ratingSignals": null, "NEIGHBORHANAME": "اليرموك", "NEIGHBORHENAME": "AL-YARMUK", "lon": 46.769764, "lat": 24.811728, "rating_range": null }, "geometry": { "type": "Point", "coordinates": [ 46.769764, 24.811728 ] } },
{ "type": "Feature", "properties": { "name": "Bon Cafe", "categories": "Coffee Shop", "address": "الرياض, المملكة العربية السعودية", "price": "Cheap", "likes": 1.0, "photos": "1", "tips": "0", "rating": null, "ratingSignals": null, "NEIGHBORHANAME": "اليرموك", "NEIGHBORHENAME": "AL-YARMUK", "lon": 46.767227419911137, "lat": 24.811175518777834, "rating_range": null }, "geometry": { "type": "Point", "coordinates": [ 46.767227419911137, 24.811175518777834 ] } },
{ "type": "Feature", "properties": { "name": "فوال كرم القصيم", "categories": "Breakfast Spot", "address": "الرياض 13243, المملكة العربية السعودية", "price": "Cheap", "likes": 1.0, "photos": "1", "tips": "1", "rating": null, "ratingSignals": null, "NEIGHBORHANAME": "اليرموك", "NEIGHBORHENAME": "AL-YARMUK", "lon": 46.766811, "lat": 24.810858, "rating_range": null }, "geometry": { "type": "Point", "coordinates": [ 46.766811, 24.810858 ] } },
{ "type": "Feature", "properties": { "name": "Roma Way (روما واي)", "categories": "Italian Restaurant", "address": "الرياض, المملكة العربية السعودية", "price": "Moderate", "likes": 5.0, "photos": "9", "tips": "0", "rating": 6.1, "ratingSignals": 8.0, "NEIGHBORHANAME": "اليرموك", "NEIGHBORHENAME": "AL-YARMUK", "lon": 46.769745, "lat": 24.81176, "rating_range": "Medium (4–7)" }, "geometry": { "type": "Point", "coordinates": [ 46.769745, 24.81176 ] } },
{ "type": "Feature", "properties": { "name": "Barns (بارنز)", "categories": "Fried Chicken Joint", "address": "الرياض 13243, المملكة العربية السعودية", "price": "Cheap", "likes": 1.0, "photos": "3", "tips": "0", "rating": null, "ratingSignals": null, "NEIGHBORHANAME": "اليرموك", "NEIGHBORHENAME": "AL-YARMUK", "lon": 46.772548, "lat": 24.813201, "rating_range": null }, "geometry": { "type": "Point", "coordinates": [ 46.772548, 24.813201 ] } },
{ "type": "Feature", "properties": { "name": "Döner Basbug", "categories": "Doner Restaurant, Turkish Restaurant", "address": "Al-Yarmuk Plaza (Dammam Branch Road), الرياض 13243, المملكة العربية السعودية", "price": null, "likes": 0.0, "photos": "0", "tips": "0", "rating": null, "ratingSignals": null, "NEIGHBORHANAME": "اليرموك", "NEIGHBORHENAME": "AL-YARMUK", "lon": 46.769629, "lat": 24.811456, "rating_range": null }, "geometry": { "type": "Point", "coordinates": [ 46.769629, 24.811456 ] } },
{ "type": "Feature", "properties": { "name": "محامص ومطاحن كيف الشيوخ", "categories": "Bakery", "address": "الرياض 13243, المملكة العربية السعودية", "price": "Cheap", "likes": 3.0, "photos": "1", "tips": "0", "rating": null, "ratingSignals": null, "NEIGHBORHANAME": "اليرموك", "NEIGHBORHENAME": "AL-YARMUK", "lon": 46.771021, "lat": 24.812485, "rating_range": null }, "geometry": { "type": "Point", "coordinates": [ 46.771021, 24.812485 ] } },
{ "type": "Feature", "properties": { "name": "Kawthar World (مطاعم عالم كوثر)", "categories": "Restaurant", "address": "الرياض 13243, المملكة العربية السعودية", "price": "Moderate", "likes": 0.0, "photos": "1", "tips": "0", "rating": null, "ratingSignals": null, "NEIGHBORHANAME": "اليرموك", "NEIGHBORHENAME": "AL-YARMUK", "lon": 46.769812, "lat": 24.811821, "rating_range": null }, "geometry": { "type": "Point", "coordinates": [ 46.769812, 24.811821 ] } },
{ "type": "Feature", "properties": { "name": "McCafe", "categories": "Coffee Shop", "address": "الرياض 13243, المملكة العربية السعودية", "price": "Cheap", "likes": 0.0, "photos": "4", "tips": "0", "rating": null, "ratingSignals": null, "NEIGHBORHANAME": "اليرموك", "NEIGHBORHENAME": "AL-YARMUK", "lon": 46.766666, "lat": 24.810428, "rating_range": null }, "geometry": { "type": "Point", "coordinates": [ 46.766666, 24.810428 ] } },
{ "type": "Feature", "properties": { "name": "كالدو", "categories": "Pastry Shop", "address": "Al Yarmuk (Dammam Road), الرياض 13243, المملكة العربية السعودية", "price": null, "likes": 0.0, "photos": "0", "tips": "0", "rating": null, "ratingSignals": null, "NEIGHBORHANAME": "اليرموك", "NEIGHBORHENAME": "AL-YARMUK", "lon": 46.767956, "lat": 24.811382, "rating_range": null }, "geometry": { "type": "Point", "coordinates": [ 46.767956, 24.811382 ] } },
{ "type": "Feature", "properties": { "name": "Spectra Cafe", "categories": "Coffee Shop", "address": "الرياض 13243, المملكة العربية السعودية", "price": "Cheap", "likes": 2.0, "photos": "9", "tips": "0", "rating": null, "ratingSignals": null, "NEIGHBORHANAME": "اليرموك", "NEIGHBORHENAME": "AL-YARMUK", "lon": 46.772292370736636, "lat": 24.813265745079875, "rating_range": null }, "geometry": { "type": "Point", "coordinates": [ 46.772292370736636, 24.813265745079875 ] } },
{ "type": "Feature", "properties": { "name": "مطاعم فوانيس بغداد", "categories": "Kebab Restaurant", "address": "اليرموك - طريق الدمام, الرياض 13243, المملكة العربية السعودية", "price": null, "likes": 1.0, "photos": "1", "tips": "1", "rating": null, "ratingSignals": null, "NEIGHBORHANAME": "اليرموك", "NEIGHBORHENAME": "AL-YARMUK", "lon": 46.770449, "lat": 24.812452, "rating_range": null }, "geometry": { "type": "Point", "coordinates": [ 46.770449, 24.812452 ] } },
{ "type": "Feature", "properties": { "name": "No Sound (نو ساوند)", "categories": "Coffee Shop", "address": "الرياض 13251, المملكة العربية السعودية", "price": "Cheap", "likes": 17.0, "photos": "181", "tips": "8", "rating": 7.4, "ratingSignals": 26.0, "NEIGHBORHANAME": "اليرموك", "NEIGHBORHENAME": "AL-YARMUK", "lon": 46.779135, "lat": 24.809709, "rating_range": "High (8–10)" }, "geometry": { "type": "Point", "coordinates": [ 46.779135, 24.809709 ] } },
{ "type": "Feature", "properties": { "name": "مقهى بوح", "categories": "Coffee Shop", "address": "الرياض 13243, المملكة العربية السعودية", "price": "Cheap", "likes": 1.0, "photos": "3", "tips": "1", "rating": null, "ratingSignals": null, "NEIGHBORHANAME": "اليرموك", "NEIGHBORHENAME": "AL-YARMUK", "lon": 46.776806, "lat": 24.812788, "rating_range": null }, "geometry": { "type": "Point", "coordinates": [ 46.776806, 24.812788 ] } },
{ "type": "Feature", "properties": { "name": "Juice Roots", "categories": "Juice Bar", "address": "الرياض 13251, المملكة العربية السعودية", "price": "Cheap", "likes": 0.0, "photos": "1", "tips": "0", "rating": null, "ratingSignals": null, "NEIGHBORHANAME": "اليرموك", "NEIGHBORHENAME": "AL-YARMUK", "lon": 46.779652, "lat": 24.809806, "rating_range": null }, "geometry": { "type": "Point", "coordinates": [ 46.779652, 24.809806 ] } },
{ "type": "Feature", "properties": { "name": "Six Pick Healthy Meals", "categories": "Dutch Restaurant", "address": "Alsahaba Streat, الرياض 13243, المملكة العربية السعودية", "price": null, "likes": 1.0, "photos": "2", "tips": "1", "rating": null, "ratingSignals": null, "NEIGHBORHANAME": "اليرموك", "NEIGHBORHENAME": "AL-YARMUK", "lon": 46.777093, "lat": 24.812784, "rating_range": null }, "geometry": { "type": "Point", "coordinates": [ 46.777093, 24.812784 ] } },
{ "type": "Feature", "properties": { "name": "Dose Cafe", "categories": "Coffee Shop", "address": "الرياض 13251, المملكة العربية السعودية", "price": "Cheap", "likes": 0.0, "photos": "2", "tips": "1", "rating": null, "ratingSignals": null, "NEIGHBORHANAME": "اليرموك", "NEIGHBORHENAME": "AL-YARMUK", "lon": 46.779, "lat": 24.810021, "rating_range": null }, "geometry": { "type": "Point", "coordinates": [ 46.779, 24.810021 ] } },
{ "type": "Feature", "properties": { "name": "شاورما الذوّاقة", "categories": "Doner Restaurant", "address": "الرياض 13251, المملكة العربية السعودية", "price": null, "likes": 2.0, "photos": "3", "tips": "0", "rating": null, "ratingSignals": null, "NEIGHBORHANAME": "اليرموك", "NEIGHBORHENAME": "AL-YARMUK", "lon": 46.778051, "lat": 24.811819, "rating_range": null }, "geometry": { "type": "Point", "coordinates": [ 46.778051, 24.811819 ] } },
{ "type": "Feature", "properties": { "name": "مزاج الكيف", "categories": "Tea Room", "address": "Al Yarmuk (Al Shahaba Road), الرياض 13243, المملكة العربية السعودية", "price": "Moderate", "likes": 0.0, "photos": "2", "tips": "0", "rating": null, "ratingSignals": null, "NEIGHBORHANAME": "اليرموك", "NEIGHBORHENAME": "AL-YARMUK", "lon": 46.777029, "lat": 24.812464, "rating_range": null }, "geometry": { "type": "Point", "coordinates": [ 46.777029, 24.812464 ] } },
{ "type": "Feature", "properties": { "name": "Pies Pizza Sunbullah", "categories": "Pizza Place", "address": "Yarmuk (Sahaba Caddesi), Rıyad 13243, المملكة العربية السعودية", "price": "Cheap", "likes": 1.0, "photos": "15", "tips": "4", "rating": null, "ratingSignals": null, "NEIGHBORHANAME": "اليرموك", "NEIGHBORHENAME": "AL-YARMUK", "lon": 46.77934, "lat": 24.808095, "rating_range": null }, "geometry": { "type": "Point", "coordinates": [ 46.77934, 24.808095 ] } },
{ "type": "Feature", "properties": { "name": "برقركنج", "categories": "Afghan Restaurant", "address": "المملكة العربية السعودية", "price": "Moderate", "likes": 0.0, "photos": "1", "tips": "0", "rating": null, "ratingSignals": null, "NEIGHBORHANAME": "اليرموك", "NEIGHBORHENAME": "AL-YARMUK", "lon": 46.786133350035932, "lat": 24.808022630390898, "rating_range": null }, "geometry": { "type": "Point", "coordinates": [ 46.786133350035932, 24.808022630390898 ] } },
{ "type": "Feature", "properties": { "name": "شاي العسيري", "categories": "Coffee Shop", "address": "الرياض 13251, المملكة العربية السعودية", "price": "Cheap", "likes": 3.0, "photos": "4", "tips": "1", "rating": null, "ratingSignals": null, "NEIGHBORHANAME": "اليرموك", "NEIGHBORHENAME": "AL-YARMUK", "lon": 46.787477, "lat": 24.810868, "rating_range": null }, "geometry": { "type": "Point", "coordinates": [ 46.787477, 24.810868 ] } },
{ "type": "Feature", "properties": { "name": "فلافل ثمار", "categories": "Falafel Restaurant", "address": "Al Arab Sea St, المملكة العربية السعودية", "price": "Cheap", "likes": 103.0, "photos": "21", "tips": "14", "rating": 8.5, "ratingSignals": 125.0, "NEIGHBORHANAME": "اليرموك", "NEIGHBORHENAME": "AL-YARMUK", "lon": 46.789880684307136, "lat": 24.812223812558894, "rating_range": "High (8–10)" }, "geometry": { "type": "Point", "coordinates": [ 46.789880684307136, 24.812223812558894 ] } },
{ "type": "Feature", "properties": { "name": "مطعم للاكلات المصريه والشعبيه", "categories": "Middle Eastern Restaurant", "address": "المملكة العربية السعودية", "price": "Moderate", "likes": 14.0, "photos": "2", "tips": "2", "rating": 8.0, "ratingSignals": 16.0, "NEIGHBORHANAME": "اليرموك", "NEIGHBORHENAME": "AL-YARMUK", "lon": 46.791431688090363, "lat": 24.808444800166885, "rating_range": "High (8–10)" }, "geometry": { "type": "Point", "coordinates": [ 46.791431688090363, 24.808444800166885 ] } },
{ "type": "Feature", "properties": { "name": "Kudu (كودو)", "categories": "Fast Food Restaurant", "address": "المملكة العربية السعودية", "price": "Cheap", "likes": 0.0, "photos": "1", "tips": "0", "rating": null, "ratingSignals": null, "NEIGHBORHANAME": "اليرموك", "NEIGHBORHENAME": "AL-YARMUK", "lon": 46.792797719449091, "lat": 24.81115254328283, "rating_range": null }, "geometry": { "type": "Point", "coordinates": [ 46.792797719449091, 24.81115254328283 ] } },
{ "type": "Feature", "properties": { "name": "مطعم ضيافة الرياض", "categories": "Restaurant", "address": "الرياض 13251, المملكة العربية السعودية", "price": "Moderate", "likes": 0.0, "photos": "0", "tips": "0", "rating": null, "ratingSignals": null, "NEIGHBORHANAME": "اليرموك", "NEIGHBORHENAME": "AL-YARMUK", "lon": 46.79151, "lat": 24.810787, "rating_range": null }, "geometry": { "type": "Point", "coordinates": [ 46.79151, 24.810787 ] } },
{ "type": "Feature", "properties": { "name": "Atrium Restaurant @ Marriott", "categories": "Diner", "address": "الرياض, المملكة العربية السعودية", "price": "Cheap", "likes": 0.0, "photos": "2", "tips": "0", "rating": null, "ratingSignals": null, "NEIGHBORHANAME": "اليرموك", "NEIGHBORHENAME": "AL-YARMUK", "lon": 46.791044101174258, "lat": 24.808255096877051, "rating_range": null }, "geometry": { "type": "Point", "coordinates": [ 46.791044101174258, 24.808255096877051 ] } },
{ "type": "Feature", "properties": { "name": "مطعم حاشيكم", "categories": "Restaurant", "address": "الرياض 13251, المملكة العربية السعودية", "price": "Moderate", "likes": 3.0, "photos": "3", "tips": "0", "rating": null, "ratingSignals": null, "NEIGHBORHANAME": "اليرموك", "NEIGHBORHENAME": "AL-YARMUK", "lon": 46.800239, "lat": 24.809823, "rating_range": null }, "geometry": { "type": "Point", "coordinates": [ 46.800239, 24.809823 ] } },
{ "type": "Feature", "properties": { "name": "برجري", "categories": "Burger Joint", "address": "المملكة العربية السعودية", "price": "Cheap", "likes": 2.0, "photos": "0", "tips": "0", "rating": null, "ratingSignals": null, "NEIGHBORHANAME": "اليرموك", "NEIGHBORHENAME": "AL-YARMUK", "lon": 46.801104, "lat": 24.808964, "rating_range": null }, "geometry": { "type": "Point", "coordinates": [ 46.801104, 24.808964 ] } },
{ "type": "Feature", "properties": { "name": "Bait Al-Nakhat/بيت النكهات", "categories": "Breakfast Spot", "address": "Yarmok Area (Najah Street), Riyad 13251, المملكة العربية السعودية", "price": "Cheap", "likes": 2.0, "photos": "7", "tips": "0", "rating": null, "ratingSignals": null, "NEIGHBORHANAME": "اليرموك", "NEIGHBORHENAME": "AL-YARMUK", "lon": 46.799489, "lat": 24.811408, "rating_range": null }, "geometry": { "type": "Point", "coordinates": [ 46.799489, 24.811408 ] } },
{ "type": "Feature", "properties": { "name": "مقهى الاسطورة الاول", "categories": "Coffee Shop", "address": "الرياض 13251, المملكة العربية السعودية", "price": "Cheap", "likes": 2.0, "photos": "4", "tips": "3", "rating": null, "ratingSignals": null, "NEIGHBORHANAME": "اليرموك", "NEIGHBORHENAME": "AL-YARMUK", "lon": 46.79951, "lat": 24.810932, "rating_range": null }, "geometry": { "type": "Point", "coordinates": [ 46.79951, 24.810932 ] } },
{ "type": "Feature", "properties": { "name": "Sugar Sweet", "categories": "Dessert Shop, Cupcake Shop, Bakery", "address": "AlNajah Rod, الرياض 13252, المملكة العربية السعودية", "price": "Cheap", "likes": 0.0, "photos": "0", "tips": "0", "rating": null, "ratingSignals": null, "NEIGHBORHANAME": "اليرموك", "NEIGHBORHENAME": "AL-YARMUK", "lon": 46.800038, "lat": 24.811217, "rating_range": null }, "geometry": { "type": "Point", "coordinates": [ 46.800038, 24.811217 ] } },
{ "type": "Feature", "properties": { "name": "بيت النكهات", "categories": "Middle Eastern Restaurant", "address": "Najah street, Alyarmuk, الرياض 13251, المملكة العربية السعودية", "price": "Moderate", "likes": 2.0, "photos": "37", "tips": "4", "rating": null, "ratingSignals": null, "NEIGHBORHANAME": "اليرموك", "NEIGHBORHENAME": "AL-YARMUK", "lon": 46.799408, "lat": 24.811533, "rating_range": null }, "geometry": { "type": "Point", "coordinates": [ 46.799408, 24.811533 ] } },
{ "type": "Feature", "properties": { "name": "حلوى كيان", "categories": "Pastry Shop", "address": "الرياض 13252, المملكة العربية السعودية", "price": null, "likes": 0.0, "photos": "0", "tips": "0", "rating": null, "ratingSignals": null, "NEIGHBORHANAME": "اليرموك", "NEIGHBORHENAME": "AL-YARMUK", "lon": 46.80043, "lat": 24.810414, "rating_range": null }, "geometry": { "type": "Point", "coordinates": [ 46.80043, 24.810414 ] } },
{ "type": "Feature", "properties": { "name": "مشاوي الرافيدين", "categories": "Middle Eastern Restaurant", "address": "المملكة العربية السعودية", "price": "Moderate", "likes": 2.0, "photos": "1", "tips": "0", "rating": null, "ratingSignals": null, "NEIGHBORHANAME": "اليرموك", "NEIGHBORHENAME": "AL-YARMUK", "lon": 46.799363695756817, "lat": 24.811409484197689, "rating_range": null }, "geometry": { "type": "Point", "coordinates": [ 46.799363695756817, 24.811409484197689 ] } },
{ "type": "Feature", "properties": { "name": "الوزير", "categories": "Sandwich Place", "address": "المملكة العربية السعودية", "price": "Cheap", "likes": 0.0, "photos": "0", "tips": "0", "rating": null, "ratingSignals": null, "NEIGHBORHANAME": "اليرموك", "NEIGHBORHENAME": "AL-YARMUK", "lon": 46.802070617675781, "lat": 24.808042526245117, "rating_range": null }, "geometry": { "type": "Point", "coordinates": [ 46.802070617675781, 24.808042526245117 ] } },
{ "type": "Feature", "properties": { "name": "Arc Cafe specialty coffee", "categories": "Coffee Shop", "address": "Imam Abdullah Bin Saud Rd., الرياض, المملكة العربية السعودية", "price": "Cheap", "likes": 410.0, "photos": "2521", "tips": "171", "rating": 8.6, "ratingSignals": 518.0, "NEIGHBORHANAME": "اليرموك", "NEIGHBORHENAME": "AL-YARMUK", "lon": 46.80664834654165, "lat": 24.808438970642179, "rating_range": "High (8–10)" }, "geometry": { "type": "Point", "coordinates": [ 46.80664834654165, 24.808438970642179 ] } },
{ "type": "Feature", "properties": { "name": "معمل البرجر ||  Burger Lab", "categories": "Burger Joint", "address": "الرياض, المملكة العربية السعودية", "price": "Cheap", "likes": 21.0, "photos": "32", "tips": "7", "rating": 7.0, "ratingSignals": 32.0, "NEIGHBORHANAME": "اليرموك", "NEIGHBORHENAME": "AL-YARMUK", "lon": 46.799135609907076, "lat": 24.813095953665805, "rating_range": "Medium (4–7)" }, "geometry": { "type": "Point", "coordinates": [ 46.799135609907076, 24.813095953665805 ] } },
{ "type": "Feature", "properties": { "name": "فلافل ثمار", "categories": "Falafel Restaurant", "address": "مخرج ٩ طريق الامام, الرياض, المملكة العربية السعودية", "price": "Cheap", "likes": 28.0, "photos": "18", "tips": "5", "rating": 8.1, "ratingSignals": 36.0, "NEIGHBORHANAME": "اليرموك", "NEIGHBORHENAME": "AL-YARMUK", "lon": 46.806366822626622, "lat": 24.808428881504547, "rating_range": "High (8–10)" }, "geometry": { "type": "Point", "coordinates": [ 46.806366822626622, 24.808428881504547 ] } },
{ "type": "Feature", "properties": { "name": "Burgerizzr برغرايززر", "categories": "Burger Joint, Fast Food Restaurant", "address": "Imam Abdullah Rd. Yarmouk Dist طريق الإمام عبد الله, حي اليرموك (Imam Abdullah ibn Saud St.), الرياض, المملكة العربية السعودية", "price": "Cheap", "likes": 125.0, "photos": "49", "tips": "19", "rating": 7.6, "ratingSignals": 174.0, "NEIGHBORHANAME": "اليرموك", "NEIGHBORHENAME": "AL-YARMUK", "lon": 46.806412261384118, "lat": 24.808492783535346, "rating_range": "High (8–10)" }, "geometry": { "type": "Point", "coordinates": [ 46.806412261384118, 24.808492783535346 ] } },
{ "type": "Feature", "properties": { "name": "سكر حلا", "categories": "Dessert Shop", "address": "الرياض 13252, المملكة العربية السعودية", "price": "Cheap", "likes": 8.0, "photos": "2", "tips": "1", "rating": 7.6, "ratingSignals": 10.0, "NEIGHBORHANAME": "اليرموك", "NEIGHBORHENAME": "AL-YARMUK", "lon": 46.800332, "lat": 24.811327, "rating_range": "High (8–10)" }, "geometry": { "type": "Point", "coordinates": [ 46.800332, 24.811327 ] } },
{ "type": "Feature", "properties": { "name": "اطلق بيتزا بالشرق", "categories": "Italian Restaurant", "address": "الرياض 13251, المملكة العربية السعودية", "price": "Moderate", "likes": 0.0, "photos": "0", "tips": "0", "rating": null, "ratingSignals": null, "NEIGHBORHANAME": "اليرموك", "NEIGHBORHENAME": "AL-YARMUK", "lon": 46.799266, "lat": 24.81249, "rating_range": null }, "geometry": { "type": "Point", "coordinates": [ 46.799266, 24.81249 ] } },
{ "type": "Feature", "properties": { "name": "فرن زمان", "categories": "Bakery", "address": "طريق النجاح - اليرموك (طريق النجاح), الرياض 13251, المملكة العربية السعودية", "price": "Cheap", "likes": 1.0, "photos": "1", "tips": "0", "rating": null, "ratingSignals": null, "NEIGHBORHANAME": "اليرموك", "NEIGHBORHENAME": "AL-YARMUK", "lon": 46.799118, "lat": 24.812318, "rating_range": null }, "geometry": { "type": "Point", "coordinates": [ 46.799118, 24.812318 ] } },
{ "type": "Feature", "properties": { "name": "مكبوس  حارتنا", "categories": "Wings Joint", "address": "مكبوس حارتنا, الرياض 13252, المملكة العربية السعودية", "price": "Cheap", "likes": 1.0, "photos": "24", "tips": "1", "rating": null, "ratingSignals": null, "NEIGHBORHANAME": "اليرموك", "NEIGHBORHENAME": "AL-YARMUK", "lon": 46.799163, "lat": 24.812743, "rating_range": null }, "geometry": { "type": "Point", "coordinates": [ 46.799163, 24.812743 ] } },
{ "type": "Feature", "properties": { "name": "بيت الفطيرة الدمشقية || HDP", "categories": "Middle Eastern Restaurant", "address": "طريق الإمام عبدالله بن سعود بن عبدالعزيز, الرياض, المملكة العربية السعودية", "price": "Moderate", "likes": 18.0, "photos": "5", "tips": "3", "rating": 7.6, "ratingSignals": 22.0, "NEIGHBORHANAME": "اليرموك", "NEIGHBORHENAME": "AL-YARMUK", "lon": 46.805834770202637, "lat": 24.808395383279997, "rating_range": "High (8–10)" }, "geometry": { "type": "Point", "coordinates": [ 46.805834770202637, 24.808395383279997 ] } },
{ "type": "Feature", "properties": { "name": "شاهي على الجمر", "categories": "Coffee Shop", "address": "المملكة العربية السعودية", "price": "Cheap", "likes": 3.0, "photos": "5", "tips": "1", "rating": null, "ratingSignals": null, "NEIGHBORHANAME": "اليرموك", "NEIGHBORHENAME": "AL-YARMUK", "lon": 46.801528906764574, "lat": 24.812910812149081, "rating_range": null }, "geometry": { "type": "Point", "coordinates": [ 46.801528906764574, 24.812910812149081 ] } },
{ "type": "Feature", "properties": { "name": "مطعم ركن المذاق", "categories": "Breakfast Spot", "address": "الرياض 13252, المملكة العربية السعودية", "price": "Cheap", "likes": 0.0, "photos": "1", "tips": "0", "rating": null, "ratingSignals": null, "NEIGHBORHANAME": "اليرموك", "NEIGHBORHENAME": "AL-YARMUK", "lon": 46.799148, "lat": 24.812825, "rating_range": null }, "geometry": { "type": "Point", "coordinates": [ 46.799148, 24.812825 ] } },
{ "type": "Feature", "properties": { "name": "فريسكا || Fresca Juice", "categories": "Juice Bar", "address": "الرياض 13252, المملكة العربية السعودية", "price": "Cheap", "likes": 5.0, "photos": "14", "tips": "2", "rating": null, "ratingSignals": null, "NEIGHBORHANAME": "اليرموك", "NEIGHBORHENAME": "AL-YARMUK", "lon": 46.80646, "lat": 24.808432, "rating_range": null }, "geometry": { "type": "Point", "coordinates": [ 46.80646, 24.808432 ] } },
{ "type": "Feature", "properties": { "name": "Al Ameed Restaurant (مطابخ و مطاعم العميد)", "categories": "Middle Eastern Restaurant", "address": "al ameed, الرياض 4481, المملكة العربية السعودية", "price": "Moderate", "likes": 1.0, "photos": "6", "tips": "2", "rating": null, "ratingSignals": null, "NEIGHBORHANAME": "اليرموك", "NEIGHBORHENAME": "AL-YARMUK", "lon": 46.805315886205634, "lat": 24.808078690253527, "rating_range": null }, "geometry": { "type": "Point", "coordinates": [ 46.805315886205634, 24.808078690253527 ] } },
{ "type": "Feature", "properties": { "name": "بيتزا ثمار", "categories": "Pizza Place", "address": "الرياض, المملكة العربية السعودية", "price": "Cheap", "likes": 0.0, "photos": "1", "tips": "0", "rating": null, "ratingSignals": null, "NEIGHBORHANAME": "اليرموك", "NEIGHBORHENAME": "AL-YARMUK", "lon": 46.80629, "lat": 24.808423, "rating_range": null }, "geometry": { "type": "Point", "coordinates": [ 46.80629, 24.808423 ] } },
{ "type": "Feature", "properties": { "name": "Themar", "categories": "Falafel Restaurant", "address": "الرياض 13252, المملكة العربية السعودية", "price": "Cheap", "likes": 0.0, "photos": "0", "tips": "0", "rating": null, "ratingSignals": null, "NEIGHBORHANAME": "اليرموك", "NEIGHBORHENAME": "AL-YARMUK", "lon": 46.806417, "lat": 24.808499, "rating_range": null }, "geometry": { "type": "Point", "coordinates": [ 46.806417, 24.808499 ] } },
{ "type": "Feature", "properties": { "name": "مطعم كنوز الطائف البخاري", "categories": "Afghan Restaurant", "address": "المملكة العربية السعودية", "price": "Moderate", "likes": 1.0, "photos": "0", "tips": "0", "rating": null, "ratingSignals": null, "NEIGHBORHANAME": "اليرموك", "NEIGHBORHENAME": "AL-YARMUK", "lon": 46.805774503558133, "lat": 24.808427749499057, "rating_range": null }, "geometry": { "type": "Point", "coordinates": [ 46.805774503558133, 24.808427749499057 ] } },
{ "type": "Feature", "properties": { "name": "Ariz (أريز)", "categories": "Middle Eastern Restaurant", "address": "الرياض, المملكة العربية السعودية", "price": "Moderate", "likes": 79.0, "photos": "26", "tips": "15", "rating": 7.8, "ratingSignals": 104.0, "NEIGHBORHANAME": "اليرموك", "NEIGHBORHENAME": "AL-YARMUK", "lon": 46.773182482975656, "lat": 24.81361527250732, "rating_range": "High (8–10)" }, "geometry": { "type": "Point", "coordinates": [ 46.773182482975656, 24.81361527250732 ] } },
{ "type": "Feature", "properties": { "name": "كنافة ابوالهوس", "categories": "Dessert Shop", "address": "اليرموك, المملكة العربية السعودية", "price": "Cheap", "likes": 83.0, "photos": "24", "tips": "11", "rating": 8.6, "ratingSignals": 97.0, "NEIGHBORHANAME": "اليرموك", "NEIGHBORHENAME": "AL-YARMUK", "lon": 46.772596218078611, "lat": 24.813361780808147, "rating_range": "High (8–10)" }, "geometry": { "type": "Point", "coordinates": [ 46.772596218078611, 24.813361780808147 ] } },
{ "type": "Feature", "properties": { "name": "Starbucks", "categories": "Coffee Shop", "address": "Dammam Rd (As Sahabh Rd), الرياض 13251, المملكة العربية السعودية", "price": "Cheap", "likes": 961.0, "photos": "4246", "tips": "146", "rating": 9.2, "ratingSignals": 1094.0, "NEIGHBORHANAME": "اليرموك", "NEIGHBORHENAME": "AL-YARMUK", "lon": 46.776560196227685, "lat": 24.8148611195376, "rating_range": "High (8–10)" }, "geometry": { "type": "Point", "coordinates": [ 46.776560196227685, 24.8148611195376 ] } },
{ "type": "Feature", "properties": { "name": "Signature (سجنتشر)", "categories": "Juice Bar", "address": "Dammam Rd, الرياض 13251, المملكة العربية السعودية", "price": "Cheap", "likes": 356.0, "photos": "546", "tips": "44", "rating": 8.8, "ratingSignals": 418.0, "NEIGHBORHANAME": "اليرموك", "NEIGHBORHENAME": "AL-YARMUK", "lon": 46.778068513004371, "lat": 24.815605037452162, "rating_range": "High (8–10)" }, "geometry": { "type": "Point", "coordinates": [ 46.778068513004371, 24.815605037452162 ] } },
{ "type": "Feature", "properties": { "name": "Moroccan Taste (المذاق المغربي)", "categories": "Coffee Shop", "address": "Dammam Road, المملكة العربية السعودية", "price": "Cheap", "likes": 151.0, "photos": "52", "tips": "24", "rating": 8.8, "ratingSignals": 174.0, "NEIGHBORHANAME": "اليرموك", "NEIGHBORHENAME": "AL-YARMUK", "lon": 46.774440561625852, "lat": 24.813905064466205, "rating_range": "High (8–10)" }, "geometry": { "type": "Point", "coordinates": [ 46.774440561625852, 24.813905064466205 ] } },
{ "type": "Feature", "properties": { "name": "Fire Grill (فاير جريل)", "categories": "Mexican Restaurant, Burrito Place", "address": "Dammam Road. (2213 Dammam Branch Road), Riyadh 13251, المملكة العربية السعودية", "price": "Cheap", "likes": 108.0, "photos": "150", "tips": "23", "rating": 8.3, "ratingSignals": 144.0, "NEIGHBORHANAME": "اليرموك", "NEIGHBORHENAME": "AL-YARMUK", "lon": 46.777253923788713, "lat": 24.815245142186729, "rating_range": "High (8–10)" }, "geometry": { "type": "Point", "coordinates": [ 46.777253923788713, 24.815245142186729 ] } },
{ "type": "Feature", "properties": { "name": "Balcony Cafe (بالكوني كافيه)", "categories": "Coffee Shop", "address": "الرياض (طريق الدمام الفرعي), الرياض 13243, المملكة العربية السعودية", "price": "Cheap", "likes": 180.0, "photos": "553", "tips": "56", "rating": 7.2, "ratingSignals": 277.0, "NEIGHBORHANAME": "اليرموك", "NEIGHBORHENAME": "AL-YARMUK", "lon": 46.777453660337457, "lat": 24.815279996619473, "rating_range": "High (8–10)" }, "geometry": { "type": "Point", "coordinates": [ 46.777453660337457, 24.815279996619473 ] } },
{ "type": "Feature", "properties": { "name": "Anoosh (أنوش)", "categories": "Chocolate Shop, Dessert Shop", "address": "المملكة العربية السعودية", "price": null, "likes": 34.0, "photos": "27", "tips": "4", "rating": 7.9, "ratingSignals": 44.0, "NEIGHBORHANAME": "اليرموك", "NEIGHBORHENAME": "AL-YARMUK", "lon": 46.778242421054536, "lat": 24.815709172767487, "rating_range": "High (8–10)" }, "geometry": { "type": "Point", "coordinates": [ 46.778242421054536, 24.815709172767487 ] } },
{ "type": "Feature", "properties": { "name": "Furn Al Dayaa (فرن الضيعة)", "categories": "Bakery", "address": "Dammam Rd, الرياض, المملكة العربية السعودية", "price": "Cheap", "likes": 53.0, "photos": "114", "tips": "23", "rating": 8.1, "ratingSignals": 69.0, "NEIGHBORHANAME": "اليرموك", "NEIGHBORHENAME": "AL-YARMUK", "lon": 46.777199506759651, "lat": 24.815247307821021, "rating_range": "High (8–10)" }, "geometry": { "type": "Point", "coordinates": [ 46.777199506759651, 24.815247307821021 ] } },
{ "type": "Feature", "properties": { "name": "Dolma (دولمة)", "categories": "Restaurant", "address": "الرياض 13251, المملكة العربية السعودية", "price": "Moderate", "likes": 12.0, "photos": "31", "tips": "5", "rating": 8.3, "ratingSignals": 13.0, "NEIGHBORHANAME": "اليرموك", "NEIGHBORHENAME": "AL-YARMUK", "lon": 46.776858, "lat": 24.814952, "rating_range": "High (8–10)" }, "geometry": { "type": "Point", "coordinates": [ 46.776858, 24.814952 ] } },
{ "type": "Feature", "properties": { "name": "Tawa (تاوة)", "categories": "Dessert Shop", "address": "المملكة العربية السعودية", "price": "Cheap", "likes": 10.0, "photos": "5", "tips": "0", "rating": 8.4, "ratingSignals": 10.0, "NEIGHBORHANAME": "اليرموك", "NEIGHBORHENAME": "AL-YARMUK", "lon": 46.778222, "lat": 24.815776, "rating_range": "High (8–10)" }, "geometry": { "type": "Point", "coordinates": [ 46.778222, 24.815776 ] } },
{ "type": "Feature", "properties": { "name": "True Juices (عصيرات صح)", "categories": "Juice Bar", "address": "الرياض 13251, المملكة العربية السعودية", "price": "Cheap", "likes": 7.0, "photos": "24", "tips": "2", "rating": null, "ratingSignals": null, "NEIGHBORHANAME": "اليرموك", "NEIGHBORHENAME": "AL-YARMUK", "lon": 46.776861, "lat": 24.814187, "rating_range": null }, "geometry": { "type": "Point", "coordinates": [ 46.776861, 24.814187 ] } },
{ "type": "Feature", "properties": { "name": "مطعم طاهرة الهندي", "categories": "Indian Restaurant", "address": "الدائري الشمالي (الدائري الشمالي), الرياض, المملكة العربية السعودية", "price": "Moderate", "likes": 2.0, "photos": "1", "tips": "0", "rating": null, "ratingSignals": null, "NEIGHBORHANAME": "اليرموك", "NEIGHBORHENAME": "AL-YARMUK", "lon": 46.773719181936514, "lat": 24.813683855871211, "rating_range": null }, "geometry": { "type": "Point", "coordinates": [ 46.773719181936514, 24.813683855871211 ] } },
{ "type": "Feature", "properties": { "name": "kudu", "categories": "Fast Food Restaurant, Sandwich Place", "address": "المملكة العربية السعودية", "price": "Cheap", "likes": 10.0, "photos": "34", "tips": "0", "rating": 7.3, "ratingSignals": 13.0, "NEIGHBORHANAME": "اليرموك", "NEIGHBORHENAME": "AL-YARMUK", "lon": 46.777081379791632, "lat": 24.815168306099601, "rating_range": "High (8–10)" }, "geometry": { "type": "Point", "coordinates": [ 46.777081379791632, 24.815168306099601 ] } },
{ "type": "Feature", "properties": { "name": "Alromansiah Restaurants (مطاعم الرومانسية)", "categories": "Middle Eastern Restaurant", "address": "فرع اليرموك ((طريق الدمام (مخرج 8), الرياض, المملكة العربية السعودية", "price": "Moderate", "likes": 265.0, "photos": "121", "tips": "43", "rating": 7.5, "ratingSignals": 379.0, "NEIGHBORHANAME": "اليرموك", "NEIGHBORHENAME": "AL-YARMUK", "lon": 46.781231690237895, "lat": 24.816985343197643, "rating_range": "High (8–10)" }, "geometry": { "type": "Point", "coordinates": [ 46.781231690237895, 24.816985343197643 ] } },
{ "type": "Feature", "properties": { "name": "SUBWAY (صب واي)", "categories": "Sandwich Place", "address": "Dammam Rd, الرياض, المملكة العربية السعودية", "price": "Cheap", "likes": 151.0, "photos": "40", "tips": "12", "rating": 8.7, "ratingSignals": 182.0, "NEIGHBORHANAME": "اليرموك", "NEIGHBORHENAME": "AL-YARMUK", "lon": 46.782254874353896, "lat": 24.81719335589862, "rating_range": "High (8–10)" }, "geometry": { "type": "Point", "coordinates": [ 46.782254874353896, 24.81719335589862 ] } },
{ "type": "Feature", "properties": { "name": "Al-Tazaj (الطازج)", "categories": "Fried Chicken Joint", "address": "المملكة العربية السعودية", "price": "Cheap", "likes": 121.0, "photos": "58", "tips": "15", "rating": 8.6, "ratingSignals": 148.0, "NEIGHBORHANAME": "اليرموك", "NEIGHBORHENAME": "AL-YARMUK", "lon": 46.781770452550752, "lat": 24.817012443361133, "rating_range": "High (8–10)" }, "geometry": { "type": "Point", "coordinates": [ 46.781770452550752, 24.817012443361133 ] } },
{ "type": "Feature", "properties": { "name": "coffee day (يوم القهوة)", "categories": "Coffee Shop", "address": "Dammam Road, الرياض, المملكة العربية السعودية", "price": "Cheap", "likes": 77.0, "photos": "26", "tips": "7", "rating": 7.9, "ratingSignals": 101.0, "NEIGHBORHANAME": "اليرموك", "NEIGHBORHENAME": "AL-YARMUK", "lon": 46.77924000822518, "lat": 24.81603614135236, "rating_range": "High (8–10)" }, "geometry": { "type": "Point", "coordinates": [ 46.77924000822518, 24.81603614135236 ] } },
{ "type": "Feature", "properties": { "name": "Abu Jbara (ابو جباره)", "categories": "Falafel Restaurant", "address": "الرياض 13251, المملكة العربية السعودية", "price": "Cheap", "likes": 10.0, "photos": "16", "tips": "1", "rating": 7.8, "ratingSignals": 13.0, "NEIGHBORHANAME": "اليرموك", "NEIGHBORHENAME": "AL-YARMUK", "lon": 46.782133670225498, "lat": 24.817022604121334, "rating_range": "High (8–10)" }, "geometry": { "type": "Point", "coordinates": [ 46.782133670225498, 24.817022604121334 ] } },
{ "type": "Feature", "properties": { "name": "SAADEDDIN PASTRY (حلويات سعد الدين)", "categories": "Dessert Shop", "address": "المملكة العربية السعودية", "price": "Cheap", "likes": 7.0, "photos": "7", "tips": "0", "rating": 6.5, "ratingSignals": 11.0, "NEIGHBORHANAME": "اليرموك", "NEIGHBORHENAME": "AL-YARMUK", "lon": 46.782260892906351, "lat": 24.81713592014156, "rating_range": "Medium (4–7)" }, "geometry": { "type": "Point", "coordinates": [ 46.782260892906351, 24.81713592014156 ] } },
{ "type": "Feature", "properties": { "name": "Souffle (سوفليه)", "categories": "Dessert Shop", "address": "الرياض 13251, المملكة العربية السعودية", "price": "Cheap", "likes": 2.0, "photos": "8", "tips": "1", "rating": null, "ratingSignals": null, "NEIGHBORHANAME": "اليرموك", "NEIGHBORHENAME": "AL-YARMUK", "lon": 46.776707, "lat": 24.815055, "rating_range": null }, "geometry": { "type": "Point", "coordinates": [ 46.776707, 24.815055 ] } },
{ "type": "Feature", "properties": { "name": "Saj Station (صاج ستيشن)", "categories": "Bakery", "address": "الرياض 13251, المملكة العربية السعودية", "price": "Cheap", "likes": 2.0, "photos": "10", "tips": "0", "rating": null, "ratingSignals": null, "NEIGHBORHANAME": "اليرموك", "NEIGHBORHENAME": "AL-YARMUK", "lon": 46.777499, "lat": 24.815411, "rating_range": null }, "geometry": { "type": "Point", "coordinates": [ 46.777499, 24.815411 ] } },
{ "type": "Feature", "properties": { "name": "Manoosha (منؤشـة)", "categories": "Middle Eastern Restaurant", "address": "الرياض طريق الدمام بنده, المملكة العربية السعودية", "price": "Moderate", "likes": 37.0, "photos": "22", "tips": "6", "rating": 7.4, "ratingSignals": 49.0, "NEIGHBORHANAME": "اليرموك", "NEIGHBORHENAME": "AL-YARMUK", "lon": 46.782069908112071, "lat": 24.816997260144635, "rating_range": "High (8–10)" }, "geometry": { "type": "Point", "coordinates": [ 46.782069908112071, 24.816997260144635 ] } },
{ "type": "Feature", "properties": { "name": "CANTON (كانتون)", "categories": "Chinese Restaurant", "address": "Al Yarmook Center (Dammam Road), الرياض, المملكة العربية السعودية", "price": "Cheap", "likes": 8.0, "photos": "13", "tips": "2", "rating": 5.7, "ratingSignals": 16.0, "NEIGHBORHANAME": "اليرموك", "NEIGHBORHENAME": "AL-YARMUK", "lon": 46.781777927414502, "lat": 24.817012206225424, "rating_range": "Medium (4–7)" }, "geometry": { "type": "Point", "coordinates": [ 46.781777927414502, 24.817012206225424 ] } },
{ "type": "Feature", "properties": { "name": "Pasta Delizia", "categories": "Italian Restaurant", "address": "Yarmok, الرياض 13251, المملكة العربية السعودية", "price": "Moderate", "likes": 0.0, "photos": "5", "tips": "0", "rating": null, "ratingSignals": null, "NEIGHBORHANAME": "اليرموك", "NEIGHBORHENAME": "AL-YARMUK", "lon": 46.781948, "lat": 24.816897, "rating_range": null }, "geometry": { "type": "Point", "coordinates": [ 46.781948, 24.816897 ] } },
{ "type": "Feature", "properties": { "name": "دلة الكيف", "categories": "Tea Room", "address": "المملكة العربية السعودية", "price": "Moderate", "likes": 2.0, "photos": "5", "tips": "0", "rating": null, "ratingSignals": null, "NEIGHBORHANAME": "اليرموك", "NEIGHBORHENAME": "AL-YARMUK", "lon": 46.777598575453176, "lat": 24.815835101984469, "rating_range": null }, "geometry": { "type": "Point", "coordinates": [ 46.777598575453176, 24.815835101984469 ] } },
{ "type": "Feature", "properties": { "name": "Chicken Yard", "categories": "Fried Chicken Joint", "address": "2213 Dammam Branch Road, Al Yarmuk (Dammam Road), الرياض 13251, المملكة العربية السعودية", "price": "Cheap", "likes": 0.0, "photos": "1", "tips": "0", "rating": null, "ratingSignals": null, "NEIGHBORHANAME": "اليرموك", "NEIGHBORHENAME": "AL-YARMUK", "lon": 46.778053, "lat": 24.81556, "rating_range": null }, "geometry": { "type": "Point", "coordinates": [ 46.778053, 24.81556 ] } },
{ "type": "Feature", "properties": { "name": "Domino's pizza || دومينوز بيتزا", "categories": "Pizza Place", "address": "طريق الدمام حي اليرموك, المملكة العربية السعودية", "price": "Cheap", "likes": 13.0, "photos": "13", "tips": "4", "rating": 6.9, "ratingSignals": 17.0, "NEIGHBORHANAME": "اليرموك", "NEIGHBORHENAME": "AL-YARMUK", "lon": 46.782176572744248, "lat": 24.817020965630832, "rating_range": "Medium (4–7)" }, "geometry": { "type": "Point", "coordinates": [ 46.782176572744248, 24.817020965630832 ] } },
{ "type": "Feature", "properties": { "name": "13Vitamins Shawerma & Fresh Juice", "categories": "Diner, Falafel Restaurant, Juice Bar", "address": "Dammam Rd, الرياض 13251, المملكة العربية السعودية", "price": "Cheap", "likes": 1.0, "photos": "30", "tips": "1", "rating": null, "ratingSignals": null, "NEIGHBORHANAME": "اليرموك", "NEIGHBORHENAME": "AL-YARMUK", "lon": 46.777368, "lat": 24.815089, "rating_range": null }, "geometry": { "type": "Point", "coordinates": [ 46.777368, 24.815089 ] } },
{ "type": "Feature", "properties": { "name": "مطاعم ركن الرافدين", "categories": "Middle Eastern Restaurant", "address": "المملكة العربية السعودية", "price": "Moderate", "likes": 9.0, "photos": "7", "tips": "2", "rating": 7.2, "ratingSignals": 13.0, "NEIGHBORHANAME": "اليرموك", "NEIGHBORHENAME": "AL-YARMUK", "lon": 46.783714, "lat": 24.817848, "rating_range": "High (8–10)" }, "geometry": { "type": "Point", "coordinates": [ 46.783714, 24.817848 ] } },
{ "type": "Feature", "properties": { "name": "Burger X", "categories": "Burger Joint", "address": "Dammam Branch Rd, الرياض 13251, المملكة العربية السعودية", "price": "Cheap", "likes": 8.0, "photos": "73", "tips": "2", "rating": 7.4, "ratingSignals": 16.0, "NEIGHBORHANAME": "اليرموك", "NEIGHBORHENAME": "AL-YARMUK", "lon": 46.784494990923271, "lat": 24.818379902371923, "rating_range": "High (8–10)" }, "geometry": { "type": "Point", "coordinates": [ 46.784494990923271, 24.818379902371923 ] } },
{ "type": "Feature", "properties": { "name": "4 TWINS (فور توينز)", "categories": "Coffee Shop", "address": "الرياض 13251, المملكة العربية السعودية", "price": "Cheap", "likes": 33.0, "photos": "136", "tips": "4", "rating": 8.4, "ratingSignals": 38.0, "NEIGHBORHANAME": "اليرموك", "NEIGHBORHENAME": "AL-YARMUK", "lon": 46.784697, "lat": 24.818382, "rating_range": "High (8–10)" }, "geometry": { "type": "Point", "coordinates": [ 46.784697, 24.818382 ] } },
{ "type": "Feature", "properties": { "name": "Bread Talk (برد توك)", "categories": "Bakery", "address": "Dammam rd., الرياض, المملكة العربية السعودية", "price": "Cheap", "likes": 61.0, "photos": "26", "tips": "7", "rating": 7.2, "ratingSignals": 86.0, "NEIGHBORHANAME": "اليرموك", "NEIGHBORHENAME": "AL-YARMUK", "lon": 46.782552010499963, "lat": 24.817437594602161, "rating_range": "High (8–10)" }, "geometry": { "type": "Point", "coordinates": [ 46.782552010499963, 24.817437594602161 ] } },
{ "type": "Feature", "properties": { "name": "باسكن روبنز", "categories": "Ice Cream Shop", "address": "الرياض 13251, المملكة العربية السعودية", "price": "Cheap", "likes": 9.0, "photos": "7", "tips": "0", "rating": 7.9, "ratingSignals": 10.0, "NEIGHBORHANAME": "اليرموك", "NEIGHBORHENAME": "AL-YARMUK", "lon": 46.783228, "lat": 24.817539, "rating_range": "High (8–10)" }, "geometry": { "type": "Point", "coordinates": [ 46.783228, 24.817539 ] } },
{ "type": "Feature", "properties": { "name": "Kabab House", "categories": "Middle Eastern Restaurant", "address": "الرياض 13251, المملكة العربية السعودية", "price": "Moderate", "likes": 0.0, "photos": "1", "tips": "0", "rating": null, "ratingSignals": null, "NEIGHBORHANAME": "اليرموك", "NEIGHBORHENAME": "AL-YARMUK", "lon": 46.784573, "lat": 24.818323, "rating_range": null }, "geometry": { "type": "Point", "coordinates": [ 46.784573, 24.818323 ] } },
{ "type": "Feature", "properties": { "name": "Al Jaseera Restaurant", "categories": "African Restaurant", "address": "Al Jaseera Restaurant (al yermuk), الرياض 7927, المملكة العربية السعودية", "price": "Moderate", "likes": 2.0, "photos": "8", "tips": "1", "rating": null, "ratingSignals": null, "NEIGHBORHANAME": "اليرموك", "NEIGHBORHENAME": "AL-YARMUK", "lon": 46.78100569541499, "lat": 24.817218634713459, "rating_range": null }, "geometry": { "type": "Point", "coordinates": [ 46.78100569541499, 24.817218634713459 ] } },
{ "type": "Feature", "properties": { "name": "بيت الكباب", "categories": "Middle Eastern Restaurant", "address": "الرياض 13251, المملكة العربية السعودية", "price": "Moderate", "likes": 0.0, "photos": "0", "tips": "0", "rating": null, "ratingSignals": null, "NEIGHBORHANAME": "اليرموك", "NEIGHBORHENAME": "AL-YARMUK", "lon": 46.784558, "lat": 24.818362, "rating_range": null }, "geometry": { "type": "Point", "coordinates": [ 46.784558, 24.818362 ] } },
{ "type": "Feature", "properties": { "name": "Khafif (خفيف)", "categories": "Snack Place", "address": "المملكة العربية السعودية", "price": "Cheap", "likes": 1.0, "photos": "2", "tips": "0", "rating": null, "ratingSignals": null, "NEIGHBORHANAME": "اليرموك", "NEIGHBORHENAME": "AL-YARMUK", "lon": 46.782356, "lat": 24.817131, "rating_range": null }, "geometry": { "type": "Point", "coordinates": [ 46.782356, 24.817131 ] } },
{ "type": "Feature", "properties": { "name": "BURGY (برغي)", "categories": "Burger Joint", "address": "Dammam Road, الرياض, المملكة العربية السعودية", "price": "Cheap", "likes": 15.0, "photos": "11", "tips": "2", "rating": 6.4, "ratingSignals": 22.0, "NEIGHBORHANAME": "اليرموك", "NEIGHBORHENAME": "AL-YARMUK", "lon": 46.782156154040791, "lat": 24.817180684483343, "rating_range": "Medium (4–7)" }, "geometry": { "type": "Point", "coordinates": [ 46.782156154040791, 24.817180684483343 ] } },
{ "type": "Feature", "properties": { "name": "mamma Roti cafe", "categories": "Coffee Shop", "address": "طريق الدمام, الرياض 13251, المملكة العربية السعودية", "price": "Cheap", "likes": 1.0, "photos": "3", "tips": "0", "rating": null, "ratingSignals": null, "NEIGHBORHANAME": "اليرموك", "NEIGHBORHENAME": "AL-YARMUK", "lon": 46.782398, "lat": 24.817351, "rating_range": null }, "geometry": { "type": "Point", "coordinates": [ 46.782398, 24.817351 ] } },
{ "type": "Feature", "properties": { "name": "أسواق ومخابز جناين", "categories": "Convenience Store, Bakery", "address": "طريق الدمام, الرياض, المملكة العربية السعودية", "price": null, "likes": 2.0, "photos": "6", "tips": "2", "rating": null, "ratingSignals": null, "NEIGHBORHANAME": "اليرموك", "NEIGHBORHENAME": "AL-YARMUK", "lon": 46.785637102539113, "lat": 24.813957103497806, "rating_range": null }, "geometry": { "type": "Point", "coordinates": [ 46.785637102539113, 24.813957103497806 ] } },
{ "type": "Feature", "properties": { "name": "ديوانية اليرموك", "categories": "Coffee Shop", "address": "المملكة العربية السعودية", "price": "Cheap", "likes": 2.0, "photos": "3", "tips": "0", "rating": null, "ratingSignals": null, "NEIGHBORHANAME": "اليرموك", "NEIGHBORHENAME": "AL-YARMUK", "lon": 46.791639, "lat": 24.813226, "rating_range": null }, "geometry": { "type": "Point", "coordinates": [ 46.791639, 24.813226 ] } },
{ "type": "Feature", "properties": { "name": "قهوتك والمة", "categories": "Coffee Shop", "address": "المملكة العربية السعودية", "price": "Cheap", "likes": 1.0, "photos": "3", "tips": "1", "rating": null, "ratingSignals": null, "NEIGHBORHANAME": "اليرموك", "NEIGHBORHENAME": "AL-YARMUK", "lon": 46.79467, "lat": 24.815796, "rating_range": null }, "geometry": { "type": "Point", "coordinates": [ 46.79467, 24.815796 ] } },
{ "type": "Feature", "properties": { "name": "بيت الدونات", "categories": "Coffee Shop", "address": "Jeddah, المملكة العربية السعودية", "price": "Cheap", "likes": 0.0, "photos": "0", "tips": "0", "rating": null, "ratingSignals": null, "NEIGHBORHANAME": "اليرموك", "NEIGHBORHENAME": "AL-YARMUK", "lon": 46.794021979766903, "lat": 24.813482654691139, "rating_range": null }, "geometry": { "type": "Point", "coordinates": [ 46.794021979766903, 24.813482654691139 ] } },
{ "type": "Feature", "properties": { "name": "Go Pizza", "categories": "Pizza Place", "address": "المملكة العربية السعودية", "price": "Cheap", "likes": 0.0, "photos": "0", "tips": "0", "rating": null, "ratingSignals": null, "NEIGHBORHANAME": "اليرموك", "NEIGHBORHENAME": "AL-YARMUK", "lon": 46.794647216796882, "lat": 24.81340408325195, "rating_range": null }, "geometry": { "type": "Point", "coordinates": [ 46.794647216796882, 24.81340408325195 ] } },
{ "type": "Feature", "properties": { "name": "mango Juice", "categories": "Juice Bar", "address": "الرياض 13251, المملكة العربية السعودية", "price": "Cheap", "likes": 2.0, "photos": "8", "tips": "1", "rating": null, "ratingSignals": null, "NEIGHBORHANAME": "اليرموك", "NEIGHBORHENAME": "AL-YARMUK", "lon": 46.798483, "lat": 24.813536, "rating_range": null }, "geometry": { "type": "Point", "coordinates": [ 46.798483, 24.813536 ] } },
{ "type": "Feature", "properties": { "name": "شاورما ريتو", "categories": "Fast Food Restaurant", "address": "طريق الدمام قبل كبري الفحص, المملكة العربية السعودية", "price": "Cheap", "likes": 4.0, "photos": "6", "tips": "1", "rating": 5.8, "ratingSignals": 11.0, "NEIGHBORHANAME": "اليرموك", "NEIGHBORHENAME": "AL-YARMUK", "lon": 46.796366, "lat": 24.814509, "rating_range": "Medium (4–7)" }, "geometry": { "type": "Point", "coordinates": [ 46.796366, 24.814509 ] } },
{ "type": "Feature", "properties": { "name": "Shekshack (شيكشاك)", "categories": "Juice Bar", "address": "المملكة العربية السعودية", "price": "Cheap", "likes": 8.0, "photos": "6", "tips": "2", "rating": 7.8, "ratingSignals": 9.0, "NEIGHBORHANAME": "اليرموك", "NEIGHBORHENAME": "AL-YARMUK", "lon": 46.798728, "lat": 24.813894, "rating_range": "High (8–10)" }, "geometry": { "type": "Point", "coordinates": [ 46.798728, 24.813894 ] } },
{ "type": "Feature", "properties": { "name": "عصائر نجمة تركيا", "categories": "Juice Bar", "address": "الرياض 13252, المملكة العربية السعودية", "price": "Cheap", "likes": 4.0, "photos": "3", "tips": "3", "rating": null, "ratingSignals": null, "NEIGHBORHANAME": "اليرموك", "NEIGHBORHENAME": "AL-YARMUK", "lon": 46.797173, "lat": 24.816835, "rating_range": null }, "geometry": { "type": "Point", "coordinates": [ 46.797173, 24.816835 ] } },
{ "type": "Feature", "properties": { "name": "ثلاثة شاورما", "categories": "Sandwich Place", "address": "Alyarmok (Alnajah Street), الرياض, المملكة العربية السعودية", "price": "Cheap", "likes": 22.0, "photos": "2", "tips": "5", "rating": 7.4, "ratingSignals": 30.0, "NEIGHBORHANAME": "اليرموك", "NEIGHBORHENAME": "AL-YARMUK", "lon": 46.796889263538283, "lat": 24.816567915574502, "rating_range": "High (8–10)" }, "geometry": { "type": "Point", "coordinates": [ 46.796889263538283, 24.816567915574502 ] } },
{ "type": "Feature", "properties": { "name": "ديوانية ماضي الأجداد", "categories": "Coffee Shop", "address": "المملكة العربية السعودية", "price": "Cheap", "likes": 2.0, "photos": "2", "tips": "0", "rating": null, "ratingSignals": null, "NEIGHBORHANAME": "اليرموك", "NEIGHBORHENAME": "AL-YARMUK", "lon": 46.7985, "lat": 24.814461, "rating_range": null }, "geometry": { "type": "Point", "coordinates": [ 46.7985, 24.814461 ] } },
{ "type": "Feature", "properties": { "name": "AMORE أموري", "categories": "Dessert Shop", "address": "Prince Saud Ibn Mohamad (Alshahba), الرياض, المملكة العربية السعودية", "price": "Cheap", "likes": 0.0, "photos": "4", "tips": "0", "rating": null, "ratingSignals": null, "NEIGHBORHANAME": "اليرموك", "NEIGHBORHENAME": "AL-YARMUK", "lon": 46.798370944569498, "lat": 24.814880213210341, "rating_range": null }, "geometry": { "type": "Point", "coordinates": [ 46.798370944569498, 24.814880213210341 ] } },
{ "type": "Feature", "properties": { "name": "حدائق دجلة للمشويات العراقية", "categories": "Middle Eastern Restaurant", "address": "المملكة العربية السعودية", "price": "Moderate", "likes": 1.0, "photos": "1", "tips": "1", "rating": null, "ratingSignals": null, "NEIGHBORHANAME": "اليرموك", "NEIGHBORHENAME": "AL-YARMUK", "lon": 46.799065868344002, "lat": 24.813613941061853, "rating_range": null }, "geometry": { "type": "Point", "coordinates": [ 46.799065868344002, 24.813613941061853 ] } },
{ "type": "Feature", "properties": { "name": "مطعم قدورة للمأكولات البحرية", "categories": "Fish & Chips Shop", "address": "الرياض, المملكة العربية السعودية", "price": "Cheap", "likes": 0.0, "photos": "5", "tips": "0", "rating": null, "ratingSignals": null, "NEIGHBORHANAME": "اليرموك", "NEIGHBORHENAME": "AL-YARMUK", "lon": 46.798414, "lat": 24.814356, "rating_range": null }, "geometry": { "type": "Point", "coordinates": [ 46.798414, 24.814356 ] } },
{ "type": "Feature", "properties": { "name": "اليرموك جعفر", "categories": "Austrian Restaurant", "address": "شارع أبي جعفر المنصور, الرياض 13252, المملكة العربية السعودية", "price": null, "likes": 0.0, "photos": "0", "tips": "0", "rating": null, "ratingSignals": null, "NEIGHBORHANAME": "اليرموك", "NEIGHBORHENAME": "AL-YARMUK", "lon": 46.800019, "lat": 24.816224, "rating_range": null }, "geometry": { "type": "Point", "coordinates": [ 46.800019, 24.816224 ] } },
{ "type": "Feature", "properties": { "name": "بروستد لميون", "categories": "Fast Food Restaurant", "address": "المملكة العربية السعودية", "price": "Cheap", "likes": 0.0, "photos": "1", "tips": "0", "rating": null, "ratingSignals": null, "NEIGHBORHANAME": "اليرموك", "NEIGHBORHENAME": "AL-YARMUK", "lon": 46.79655, "lat": 24.81728, "rating_range": null }, "geometry": { "type": "Point", "coordinates": [ 46.79655, 24.81728 ] } },
{ "type": "Feature", "properties": { "name": "شيش بيش || 5hesh 6eish", "categories": "Middle Eastern Restaurant", "address": "المملكة العربية السعودية", "price": "Moderate", "likes": 1.0, "photos": "0", "tips": "2", "rating": null, "ratingSignals": null, "NEIGHBORHANAME": "اليرموك", "NEIGHBORHENAME": "AL-YARMUK", "lon": 46.799150961710616, "lat": 24.813229707519731, "rating_range": null }, "geometry": { "type": "Point", "coordinates": [ 46.799150961710616, 24.813229707519731 ] } },
{ "type": "Feature", "properties": { "name": "بيتزا سوبر غذاء", "categories": "Pizza Place", "address": "المملكة العربية السعودية", "price": "Cheap", "likes": 1.0, "photos": "3", "tips": "0", "rating": null, "ratingSignals": null, "NEIGHBORHANAME": "اليرموك", "NEIGHBORHENAME": "AL-YARMUK", "lon": 46.795473168618628, "lat": 24.816270258499671, "rating_range": null }, "geometry": { "type": "Point", "coordinates": [ 46.795473168618628, 24.816270258499671 ] } },
{ "type": "Feature", "properties": { "name": "Bogota Cafe", "categories": "Coffee Shop", "address": "Al Khobar Street, الرياض 13252, المملكة العربية السعودية", "price": "Cheap", "likes": 0.0, "photos": "0", "tips": "1", "rating": null, "ratingSignals": null, "NEIGHBORHANAME": "اليرموك", "NEIGHBORHENAME": "AL-YARMUK", "lon": 46.801239, "lat": 24.81451, "rating_range": null }, "geometry": { "type": "Point", "coordinates": [ 46.801239, 24.81451 ] } },
{ "type": "Feature", "properties": { "name": "شاطئ الصياد", "categories": "Seafood Restaurant", "address": "الرياض, المملكة العربية السعودية", "price": "Expensive", "likes": 8.0, "photos": "2", "tips": "6", "rating": 6.8, "ratingSignals": 14.0, "NEIGHBORHANAME": "اليرموك", "NEIGHBORHENAME": "AL-YARMUK", "lon": 46.796666, "lat": 24.817679, "rating_range": "Medium (4–7)" }, "geometry": { "type": "Point", "coordinates": [ 46.796666, 24.817679 ] } },
{ "type": "Feature", "properties": { "name": "المطاعم البخاري القوي", "categories": "Afghan Restaurant", "address": "الرياض 13251, المملكة العربية السعودية", "price": "Moderate", "likes": 0.0, "photos": "0", "tips": "0", "rating": null, "ratingSignals": null, "NEIGHBORHANAME": "اليرموك", "NEIGHBORHENAME": "AL-YARMUK", "lon": 46.796801, "lat": 24.81667, "rating_range": null }, "geometry": { "type": "Point", "coordinates": [ 46.796801, 24.81667 ] } },
{ "type": "Feature", "properties": { "name": "مضغوط ربوع الحاشي", "categories": "Middle Eastern Restaurant", "address": "الرياض 13251, المملكة العربية السعودية", "price": "Moderate", "likes": 0.0, "photos": "0", "tips": "0", "rating": null, "ratingSignals": null, "NEIGHBORHANAME": "اليرموك", "NEIGHBORHENAME": "AL-YARMUK", "lon": 46.797067, "lat": 24.816798, "rating_range": null }, "geometry": { "type": "Point", "coordinates": [ 46.797067, 24.816798 ] } },
{ "type": "Feature", "properties": { "name": "مذاق بيروت", "categories": "Fast Food Restaurant", "address": "المملكة العربية السعودية", "price": "Cheap", "likes": 1.0, "photos": "0", "tips": "0", "rating": null, "ratingSignals": null, "NEIGHBORHANAME": "اليرموك", "NEIGHBORHENAME": "AL-YARMUK", "lon": 46.798418217991397, "lat": 24.813065433702828, "rating_range": null }, "geometry": { "type": "Point", "coordinates": [ 46.798418217991397, 24.813065433702828 ] } },
{ "type": "Feature", "properties": { "name": "ثلاجه عيون السلطان", "categories": "Food Truck", "address": "1032 Sant Bonita Ana K4ab 😂 (Alnaja7), الرياض, المملكة العربية السعودية", "price": "Cheap", "likes": 2.0, "photos": "0", "tips": "0", "rating": null, "ratingSignals": null, "NEIGHBORHANAME": "اليرموك", "NEIGHBORHENAME": "AL-YARMUK", "lon": 46.799258, "lat": 24.813002, "rating_range": null }, "geometry": { "type": "Point", "coordinates": [ 46.799258, 24.813002 ] } },
{ "type": "Feature", "properties": { "name": "On keaf coffee- على الكيف كوفي شوب", "categories": "Coffee Shop", "address": "الفحص الدوري, الرياض, المملكة العربية السعودية", "price": "Cheap", "likes": 4.0, "photos": "2", "tips": "2", "rating": null, "ratingSignals": null, "NEIGHBORHANAME": "اليرموك", "NEIGHBORHENAME": "AL-YARMUK", "lon": 46.799377, "lat": 24.811815, "rating_range": null }, "geometry": { "type": "Point", "coordinates": [ 46.799377, 24.811815 ] } },
{ "type": "Feature", "properties": { "name": "مشويات حنين الرافدين", "categories": "Middle Eastern Restaurant", "address": "المملكة العربية السعودية", "price": "Moderate", "likes": 0.0, "photos": "2", "tips": "0", "rating": null, "ratingSignals": null, "NEIGHBORHANAME": "اليرموك", "NEIGHBORHENAME": "AL-YARMUK", "lon": 46.798622131347656, "lat": 24.813247680664062, "rating_range": null }, "geometry": { "type": "Point", "coordinates": [ 46.798622131347656, 24.813247680664062 ] } },
{ "type": "Feature", "properties": { "name": "مطعم ركن البحر للمأكولات البحرية", "categories": "Seafood Restaurant", "address": "الرياض, المملكة العربية السعودية", "price": "Expensive", "likes": 0.0, "photos": "1", "tips": "0", "rating": null, "ratingSignals": null, "NEIGHBORHANAME": "اليرموك", "NEIGHBORHENAME": "AL-YARMUK", "lon": 46.798601, "lat": 24.813898, "rating_range": null }, "geometry": { "type": "Point", "coordinates": [ 46.798601, 24.813898 ] } },
{ "type": "Feature", "properties": { "name": "كبسة قريتنا", "categories": "Middle Eastern Restaurant", "address": "المملكة العربية السعودية", "price": "Moderate", "likes": 0.0, "photos": "1", "tips": "0", "rating": null, "ratingSignals": null, "NEIGHBORHANAME": "اليرموك", "NEIGHBORHENAME": "AL-YARMUK", "lon": 46.798872045101604, "lat": 24.80981409771459, "rating_range": null }, "geometry": { "type": "Point", "coordinates": [ 46.798872045101604, 24.80981409771459 ] } },
{ "type": "Feature", "properties": { "name": "بوفية جود القمة", "categories": "Cafeteria", "address": "المملكة العربية السعودية", "price": null, "likes": 0.0, "photos": "0", "tips": "0", "rating": null, "ratingSignals": null, "NEIGHBORHANAME": "اليرموك", "NEIGHBORHENAME": "AL-YARMUK", "lon": 46.796376, "lat": 24.815224, "rating_range": null }, "geometry": { "type": "Point", "coordinates": [ 46.796376, 24.815224 ] } },
{ "type": "Feature", "properties": { "name": "قهوتك المميزة", "categories": "Coffee Shop", "address": "الرياض 13252, المملكة العربية السعودية", "price": "Cheap", "likes": 0.0, "photos": "2", "tips": "0", "rating": null, "ratingSignals": null, "NEIGHBORHANAME": "اليرموك", "NEIGHBORHENAME": "AL-YARMUK", "lon": 46.801867, "lat": 24.817412, "rating_range": null }, "geometry": { "type": "Point", "coordinates": [ 46.801867, 24.817412 ] } },
{ "type": "Feature", "properties": { "name": "مطعم روبيان", "categories": "Fish & Chips Shop", "address": "Jeddah, المملكة العربية السعودية", "price": "Cheap", "likes": 0.0, "photos": "1", "tips": "0", "rating": null, "ratingSignals": null, "NEIGHBORHANAME": "اليرموك", "NEIGHBORHENAME": "AL-YARMUK", "lon": 46.800323373856429, "lat": 24.818385097828433, "rating_range": null }, "geometry": { "type": "Point", "coordinates": [ 46.800323373856429, 24.818385097828433 ] } },
{ "type": "Feature", "properties": { "name": "Tom Tom l توم توم", "categories": "Fast Food Restaurant", "address": "Dammam Rd, الرياض, المملكة العربية السعودية", "price": "Cheap", "likes": 17.0, "photos": "15", "tips": "4", "rating": 6.5, "ratingSignals": 26.0, "NEIGHBORHANAME": "اليرموك", "NEIGHBORHENAME": "AL-YARMUK", "lon": 46.784642044950388, "lat": 24.818526671553471, "rating_range": "Medium (4–7)" }, "geometry": { "type": "Point", "coordinates": [ 46.784642044950388, 24.818526671553471 ] } },
{ "type": "Feature", "properties": { "name": "libton caffee (بوفية ليبتون)", "categories": "Coffee Shop", "address": "المملكة العربية السعودية", "price": "Cheap", "likes": 0.0, "photos": "0", "tips": "0", "rating": null, "ratingSignals": null, "NEIGHBORHANAME": "اليرموك", "NEIGHBORHENAME": "AL-YARMUK", "lon": 46.784408569335938, "lat": 24.818576812744141, "rating_range": null }, "geometry": { "type": "Point", "coordinates": [ 46.784408569335938, 24.818576812744141 ] } },
{ "type": "Feature", "properties": { "name": "Juice House", "categories": "Juice Bar", "address": "الرياض 13251, المملكة العربية السعودية", "price": "Cheap", "likes": 20.0, "photos": "71", "tips": "1", "rating": 8.4, "ratingSignals": 24.0, "NEIGHBORHANAME": "اليرموك", "NEIGHBORHENAME": "AL-YARMUK", "lon": 46.786330414609424, "lat": 24.819150612182089, "rating_range": "High (8–10)" }, "geometry": { "type": "Point", "coordinates": [ 46.786330414609424, 24.819150612182089 ] } },
{ "type": "Feature", "properties": { "name": "Road Café (قهوة الطريق)", "categories": "Coffee Shop", "address": "الرياض, المملكة العربية السعودية", "price": "Cheap", "likes": 81.0, "photos": "47", "tips": "20", "rating": 8.6, "ratingSignals": 99.0, "NEIGHBORHANAME": "اليرموك", "NEIGHBORHENAME": "AL-YARMUK", "lon": 46.789231116417064, "lat": 24.82024906706209, "rating_range": "High (8–10)" }, "geometry": { "type": "Point", "coordinates": [ 46.789231116417064, 24.82024906706209 ] } },
{ "type": "Feature", "properties": { "name": "Atay (أتاي)", "categories": "Coffee Shop", "address": "المملكة العربية السعودية", "price": "Cheap", "likes": 11.0, "photos": "15", "tips": "2", "rating": 7.8, "ratingSignals": 14.0, "NEIGHBORHANAME": "اليرموك", "NEIGHBORHENAME": "AL-YARMUK", "lon": 46.788900654868065, "lat": 24.820072636448053, "rating_range": "High (8–10)" }, "geometry": { "type": "Point", "coordinates": [ 46.788900654868065, 24.820072636448053 ] } },
{ "type": "Feature", "properties": { "name": "ديوانية المرشدي", "categories": "Coffee Shop", "address": "شارع نويعمة (ديوانية المرشدي تُرحب بالجميع), الرياض 13251, المملكة العربية السعودية", "price": "Cheap", "likes": 1.0, "photos": "1", "tips": "1", "rating": null, "ratingSignals": null, "NEIGHBORHANAME": "اليرموك", "NEIGHBORHENAME": "AL-YARMUK", "lon": 46.789225, "lat": 24.819771, "rating_range": null }, "geometry": { "type": "Point", "coordinates": [ 46.789225, 24.819771 ] } },
{ "type": "Feature", "properties": { "name": "Brosted Basha Zaman (بروستد باشا زمان)", "categories": "Fried Chicken Joint", "address": "طريق الدمام باتجاه الشرق | Damamm Rd. East, المملكة العربية السعودية", "price": "Cheap", "likes": 4.0, "photos": "1", "tips": "4", "rating": 5.2, "ratingSignals": 11.0, "NEIGHBORHANAME": "اليرموك", "NEIGHBORHENAME": "AL-YARMUK", "lon": 46.786445279540736, "lat": 24.81930006941899, "rating_range": "Medium (4–7)" }, "geometry": { "type": "Point", "coordinates": [ 46.786445279540736, 24.81930006941899 ] } },
{ "type": "Feature", "properties": { "name": "ثلاثه كبده", "categories": "Breakfast Spot", "address": "المملكة العربية السعودية", "price": "Cheap", "likes": 2.0, "photos": "4", "tips": "0", "rating": null, "ratingSignals": null, "NEIGHBORHANAME": "اليرموك", "NEIGHBORHENAME": "AL-YARMUK", "lon": 46.795539347609932, "lat": 24.819974579101306, "rating_range": null }, "geometry": { "type": "Point", "coordinates": [ 46.795539347609932, 24.819974579101306 ] } },
{ "type": "Feature", "properties": { "name": "Indian Story (حكاية الهند)", "categories": "Indian Restaurant", "address": "اشبيليا, الرياض 11234, المملكة العربية السعودية", "price": "Moderate", "likes": 9.0, "photos": "9", "tips": "4", "rating": 7.6, "ratingSignals": 11.0, "NEIGHBORHANAME": "اليرموك", "NEIGHBORHENAME": "AL-YARMUK", "lon": 46.796011, "lat": 24.819077, "rating_range": "High (8–10)" }, "geometry": { "type": "Point", "coordinates": [ 46.796011, 24.819077 ] } },
{ "type": "Feature", "properties": { "name": "قمة روابي الحديقة للسليق الطايفي", "categories": "Middle Eastern Restaurant", "address": "الرياض 13252, المملكة العربية السعودية", "price": "Moderate", "likes": 1.0, "photos": "1", "tips": "1", "rating": null, "ratingSignals": null, "NEIGHBORHANAME": "اليرموك", "NEIGHBORHENAME": "AL-YARMUK", "lon": 46.795959, "lat": 24.819218, "rating_range": null }, "geometry": { "type": "Point", "coordinates": [ 46.795959, 24.819218 ] } },
{ "type": "Feature", "properties": { "name": "شاهي جابر", "categories": "Tea Room", "address": "الرياض 13251, المملكة العربية السعودية", "price": "Moderate", "likes": 2.0, "photos": "1", "tips": "0", "rating": null, "ratingSignals": null, "NEIGHBORHANAME": "اليرموك", "NEIGHBORHENAME": "AL-YARMUK", "lon": 46.794208, "lat": 24.821656, "rating_range": null }, "geometry": { "type": "Point", "coordinates": [ 46.794208, 24.821656 ] } },
{ "type": "Feature", "properties": { "name": "دكتور الشاي", "categories": "Tea Room", "address": "الرياض 13251, المملكة العربية السعودية", "price": "Moderate", "likes": 0.0, "photos": "4", "tips": "0", "rating": null, "ratingSignals": null, "NEIGHBORHANAME": "اليرموك", "NEIGHBORHENAME": "AL-YARMUK", "lon": 46.794363, "lat": 24.821441, "rating_range": null }, "geometry": { "type": "Point", "coordinates": [ 46.794363, 24.821441 ] } },
{ "type": "Feature", "properties": { "name": "سواسن الطائف || Sawasen Altaif", "categories": "Breakfast Spot", "address": "شارع النجاح (تقاطع شارع النجاح مع طريق الدمام), شارع النجاح, المملكة العربية السعودية", "price": "Cheap", "likes": 3.0, "photos": "17", "tips": "2", "rating": null, "ratingSignals": null, "NEIGHBORHANAME": "اليرموك", "NEIGHBORHENAME": "AL-YARMUK", "lon": 46.794914, "lat": 24.821198, "rating_range": null }, "geometry": { "type": "Point", "coordinates": [ 46.794914, 24.821198 ] } },
{ "type": "Feature", "properties": { "name": "الأرياف الدمشقيه", "categories": "Middle Eastern Restaurant", "address": "المملكة العربية السعودية", "price": "Moderate", "likes": 0.0, "photos": "0", "tips": "1", "rating": null, "ratingSignals": null, "NEIGHBORHANAME": "اليرموك", "NEIGHBORHENAME": "AL-YARMUK", "lon": 46.783546, "lat": 24.817895, "rating_range": null }, "geometry": { "type": "Point", "coordinates": [ 46.783546, 24.817895 ] } },
{ "type": "Feature", "properties": { "name": "Smoked Burge", "categories": "Burger Joint", "address": "المملكة العربية السعودية", "price": "Cheap", "likes": 0.0, "photos": "2", "tips": "0", "rating": null, "ratingSignals": null, "NEIGHBORHANAME": "اليرموك", "NEIGHBORHENAME": "AL-YARMUK", "lon": 46.794757, "lat": 24.821517, "rating_range": null }, "geometry": { "type": "Point", "coordinates": [ 46.794757, 24.821517 ] } },
{ "type": "Feature", "properties": { "name": "بيت الكباب - فرع اليرموك", "categories": "Restaurant", "address": "طريق الدمام الفرعي، اليرموك, المملكة العربية السعودية", "price": "Moderate", "likes": 0.0, "photos": "0", "tips": "0", "rating": null, "ratingSignals": null, "NEIGHBORHANAME": "اليرموك", "NEIGHBORHENAME": "AL-YARMUK", "lon": 46.784827709197998, "lat": 24.818055833105841, "rating_range": null }, "geometry": { "type": "Point", "coordinates": [ 46.784827709197998, 24.818055833105841 ] } },
{ "type": "Feature", "properties": { "name": "ALBALAH ALTHAHABI", "categories": "Dessert Shop, Coffee Shop", "address": "الرياض 13251, المملكة العربية السعودية", "price": "Cheap", "likes": 0.0, "photos": "1", "tips": "0", "rating": null, "ratingSignals": null, "NEIGHBORHANAME": "اليرموك", "NEIGHBORHENAME": "AL-YARMUK", "lon": 46.786373, "lat": 24.819076, "rating_range": null }, "geometry": { "type": "Point", "coordinates": [ 46.786373, 24.819076 ] } },
{ "type": "Feature", "properties": { "name": "جباتي لاب", "categories": "Indian Restaurant", "address": "الرياض 13252, المملكة العربية السعودية", "price": "Moderate", "likes": 3.0, "photos": "9", "tips": "2", "rating": null, "ratingSignals": null, "NEIGHBORHANAME": "اليرموك", "NEIGHBORHENAME": "AL-YARMUK", "lon": 46.795478, "lat": 24.82134, "rating_range": null }, "geometry": { "type": "Point", "coordinates": [ 46.795478, 24.82134 ] } },
{ "type": "Feature", "properties": { "name": "Kolah", "categories": "Coffee Shop", "address": "الرياض 13252, المملكة العربية السعودية", "price": "Cheap", "likes": 3.0, "photos": "7", "tips": "1", "rating": null, "ratingSignals": null, "NEIGHBORHANAME": "اليرموك", "NEIGHBORHENAME": "AL-YARMUK", "lon": 46.796837, "lat": 24.823374, "rating_range": null }, "geometry": { "type": "Point", "coordinates": [ 46.796837, 24.823374 ] } },
{ "type": "Feature", "properties": { "name": "عصائر 50 فاكهة", "categories": "Juice Bar", "address": "المملكة العربية السعودية", "price": "Cheap", "likes": 13.0, "photos": "8", "tips": "2", "rating": 7.7, "ratingSignals": 16.0, "NEIGHBORHANAME": "اليرموك", "NEIGHBORHENAME": "AL-YARMUK", "lon": 46.794863380581333, "lat": 24.821671164990786, "rating_range": "High (8–10)" }, "geometry": { "type": "Point", "coordinates": [ 46.794863380581333, 24.821671164990786 ] } },
{ "type": "Feature", "properties": { "name": "فوال الطائف - اليرموك", "categories": "Middle Eastern Restaurant", "address": "المملكة العربية السعودية", "price": "Moderate", "likes": 13.0, "photos": "9", "tips": "2", "rating": 7.3, "ratingSignals": 17.0, "NEIGHBORHANAME": "اليرموك", "NEIGHBORHENAME": "AL-YARMUK", "lon": 46.795044007782202, "lat": 24.821372906533682, "rating_range": "High (8–10)" }, "geometry": { "type": "Point", "coordinates": [ 46.795044007782202, 24.821372906533682 ] } },
{ "type": "Feature", "properties": { "name": "برجر مدخن smoker burger", "categories": "Burger Joint", "address": "المملكة العربية السعودية", "price": "Cheap", "likes": 4.0, "photos": "8", "tips": "3", "rating": null, "ratingSignals": null, "NEIGHBORHANAME": "اليرموك", "NEIGHBORHENAME": "AL-YARMUK", "lon": 46.794967374917618, "lat": 24.822272952859631, "rating_range": null }, "geometry": { "type": "Point", "coordinates": [ 46.794967374917618, 24.822272952859631 ] } },
{ "type": "Feature", "properties": { "name": "تاكسي Taxi", "categories": "Fast Food Restaurant", "address": "المملكة العربية السعودية", "price": "Cheap", "likes": 0.0, "photos": "4", "tips": "0", "rating": null, "ratingSignals": null, "NEIGHBORHANAME": "اليرموك", "NEIGHBORHENAME": "AL-YARMUK", "lon": 46.800498962402344, "lat": 24.820365905761715, "rating_range": null }, "geometry": { "type": "Point", "coordinates": [ 46.800498962402344, 24.820365905761715 ] } },
{ "type": "Feature", "properties": { "name": "صاج الفلافل", "categories": "Falafel Restaurant", "address": "المملكة العربية السعودية", "price": "Cheap", "likes": 2.0, "photos": "1", "tips": "1", "rating": null, "ratingSignals": null, "NEIGHBORHANAME": "اليرموك", "NEIGHBORHENAME": "AL-YARMUK", "lon": 46.796768401841106, "lat": 24.823438115220295, "rating_range": null }, "geometry": { "type": "Point", "coordinates": [ 46.796768401841106, 24.823438115220295 ] } },
{ "type": "Feature", "properties": { "name": "Hot Falfl الفلافل الساخنة", "categories": "Falafel Restaurant", "address": "المملكة العربية السعودية", "price": "Cheap", "likes": 1.0, "photos": "3", "tips": "1", "rating": null, "ratingSignals": null, "NEIGHBORHANAME": "اليرموك", "NEIGHBORHENAME": "AL-YARMUK", "lon": 46.797649383544922, "lat": 24.822504043579105, "rating_range": null }, "geometry": { "type": "Point", "coordinates": [ 46.797649383544922, 24.822504043579105 ] } },
{ "type": "Feature", "properties": { "name": "فوّال سوسن الأفراح", "categories": "Middle Eastern Restaurant", "address": "المملكة العربية السعودية", "price": "Moderate", "likes": 0.0, "photos": "0", "tips": "0", "rating": null, "ratingSignals": null, "NEIGHBORHANAME": "اليرموك", "NEIGHBORHENAME": "AL-YARMUK", "lon": 46.795114, "lat": 24.821381, "rating_range": null }, "geometry": { "type": "Point", "coordinates": [ 46.795114, 24.821381 ] } },
{ "type": "Feature", "properties": { "name": "مطعم ورق التوت", "categories": "Arepa Restaurant", "address": "المملكة العربية السعودية", "price": "Cheap", "likes": 1.0, "photos": "3", "tips": "1", "rating": null, "ratingSignals": null, "NEIGHBORHANAME": "الرمال", "NEIGHBORHENAME": "AR-RIMAL", "lon": 46.793256222719066, "lat": 24.826932712876655, "rating_range": null }, "geometry": { "type": "Point", "coordinates": [ 46.793256222719066, 24.826932712876655 ] } },
{ "type": "Feature", "properties": { "name": "Beans Wagon (عربة الفول)", "categories": "Breakfast Spot", "address": "Shiekh Jaber Rd., الرياض, المملكة العربية السعودية", "price": "Cheap", "likes": 45.0, "photos": "31", "tips": "7", "rating": 8.1, "ratingSignals": 56.0, "NEIGHBORHANAME": "الرمال", "NEIGHBORHENAME": "AR-RIMAL", "lon": 46.796292584771159, "lat": 24.827156558009442, "rating_range": "High (8–10)" }, "geometry": { "type": "Point", "coordinates": [ 46.796292584771159, 24.827156558009442 ] } },
{ "type": "Feature", "properties": { "name": "Al Nafoora (مطاعم النافورة)", "categories": "Middle Eastern Restaurant", "address": "الرياض, المملكة العربية السعودية", "price": "Moderate", "likes": 10.0, "photos": "4", "tips": "6", "rating": 5.7, "ratingSignals": 22.0, "NEIGHBORHANAME": "الرمال", "NEIGHBORHENAME": "AR-RIMAL", "lon": 46.797255115660562, "lat": 24.826092043124316, "rating_range": "Medium (4–7)" }, "geometry": { "type": "Point", "coordinates": [ 46.797255115660562, 24.826092043124316 ] } },
{ "type": "Feature", "properties": { "name": "بوفية الكبدة الطازجة", "categories": "Breakfast Spot", "address": "الرياض 13254, المملكة العربية السعودية", "price": "Cheap", "likes": 0.0, "photos": "2", "tips": "0", "rating": null, "ratingSignals": null, "NEIGHBORHANAME": "الرمال", "NEIGHBORHENAME": "AR-RIMAL", "lon": 46.79646, "lat": 24.826953, "rating_range": null }, "geometry": { "type": "Point", "coordinates": [ 46.79646, 24.826953 ] } },
{ "type": "Feature", "properties": { "name": "دانكن الشباب", "categories": "Coffee Shop, Food & Drink Shop", "address": "الرياض 13413, المملكة العربية السعودية", "price": "Cheap", "likes": 0.0, "photos": "0", "tips": "0", "rating": null, "ratingSignals": null, "NEIGHBORHANAME": "سدرة", "NEIGHBORHENAME": "Sedra", "lon": 46.727464, "lat": 24.833975, "rating_range": null }, "geometry": { "type": "Point", "coordinates": [ 46.727464, 24.833975 ] } },
{ "type": "Feature", "properties": { "name": "دانكن DUNKIN", "categories": "Donut Shop", "address": "واجهة الرياض (Airport Street), الرياض 13413, المملكة العربية السعودية", "price": "Cheap", "likes": 0.0, "photos": "1", "tips": "0", "rating": null, "ratingSignals": null, "NEIGHBORHANAME": "سدرة", "NEIGHBORHENAME": "Sedra", "lon": 46.727939, "lat": 24.834065, "rating_range": null }, "geometry": { "type": "Point", "coordinates": [ 46.727939, 24.834065 ] } },
{ "type": "Feature", "properties": { "name": "فوال السوداني", "categories": "Fast Food Restaurant", "address": "الرياض 13254, المملكة العربية السعودية", "price": "Moderate", "likes": 0.0, "photos": "1", "tips": "0", "rating": null, "ratingSignals": null, "NEIGHBORHANAME": "الرمال", "NEIGHBORHENAME": "AR-RIMAL", "lon": 46.791784, "lat": 24.830778, "rating_range": null }, "geometry": { "type": "Point", "coordinates": [ 46.791784, 24.830778 ] } },
{ "type": "Feature", "properties": { "name": "مطعم البخاري", "categories": "Middle Eastern Restaurant", "address": "المملكة العربية السعودية", "price": "Moderate", "likes": 1.0, "photos": "2", "tips": "0", "rating": null, "ratingSignals": null, "NEIGHBORHANAME": "الرمال", "NEIGHBORHENAME": "AR-RIMAL", "lon": 46.793857, "lat": 24.830472, "rating_range": null }, "geometry": { "type": "Point", "coordinates": [ 46.793857, 24.830472 ] } },
{ "type": "Feature", "properties": { "name": "مطاعم عزايم نجد", "categories": "Middle Eastern Restaurant", "address": "المملكة العربية السعودية", "price": "Moderate", "likes": 0.0, "photos": "3", "tips": "0", "rating": null, "ratingSignals": null, "NEIGHBORHANAME": "الرمال", "NEIGHBORHENAME": "AR-RIMAL", "lon": 46.79458, "lat": 24.829209, "rating_range": null }, "geometry": { "type": "Point", "coordinates": [ 46.79458, 24.829209 ] } },
{ "type": "Feature", "properties": { "name": "Tom Tom (توم توم)", "categories": "Fast Food Restaurant", "address": "Dammam Road, الرياض, المملكة العربية السعودية", "price": "Cheap", "likes": 1.0, "photos": "0", "tips": "0", "rating": null, "ratingSignals": null, "NEIGHBORHANAME": "الرمال", "NEIGHBORHENAME": "AR-RIMAL", "lon": 46.7938886, "lat": 24.8298277, "rating_range": null }, "geometry": { "type": "Point", "coordinates": [ 46.7938886, 24.8298277 ] } },
{ "type": "Feature", "properties": { "name": "ديوانية المهيلة", "categories": "Coffee Shop", "address": "الرياض, المملكة العربية السعودية", "price": "Cheap", "likes": 0.0, "photos": "0", "tips": "0", "rating": null, "ratingSignals": null, "NEIGHBORHANAME": "الرمال", "NEIGHBORHENAME": "AR-RIMAL", "lon": 46.7925, "lat": 24.8302, "rating_range": null }, "geometry": { "type": "Point", "coordinates": [ 46.7925, 24.8302 ] } },
{ "type": "Feature", "properties": { "name": "فوال الطائف", "categories": "Breakfast Spot", "address": "المملكة العربية السعودية", "price": "Cheap", "likes": 0.0, "photos": "0", "tips": "0", "rating": null, "ratingSignals": null, "NEIGHBORHANAME": "الرمال", "NEIGHBORHENAME": "AR-RIMAL", "lon": 46.79538, "lat": 24.831521, "rating_range": null }, "geometry": { "type": "Point", "coordinates": [ 46.79538, 24.831521 ] } },
{ "type": "Feature", "properties": { "name": "وقت المضغوط", "categories": "Restaurant", "address": "الرياض 13254, المملكة العربية السعودية", "price": "Moderate", "likes": 0.0, "photos": "0", "tips": "0", "rating": null, "ratingSignals": null, "NEIGHBORHANAME": "الرمال", "NEIGHBORHENAME": "AR-RIMAL", "lon": 46.795195, "lat": 24.832503, "rating_range": null }, "geometry": { "type": "Point", "coordinates": [ 46.795195, 24.832503 ] } },
{ "type": "Feature", "properties": { "name": "ديوانية ضيافة الرمال", "categories": "Coffee Shop", "address": "طريق الدمام, الرياض 13254, المملكة العربية السعودية", "price": "Cheap", "likes": 0.0, "photos": "0", "tips": "0", "rating": null, "ratingSignals": null, "NEIGHBORHANAME": "الرمال", "NEIGHBORHENAME": "AR-RIMAL", "lon": 46.799331, "lat": 24.825735, "rating_range": null }, "geometry": { "type": "Point", "coordinates": [ 46.799331, 24.825735 ] } },
{ "type": "Feature", "properties": { "name": "Indoor BBQ", "categories": "Steakhouse", "address": "المملكة العربية السعودية", "price": "Very Expensive", "likes": 0.0, "photos": "1", "tips": "0", "rating": null, "ratingSignals": null, "NEIGHBORHANAME": "اليرموك", "NEIGHBORHENAME": "AL-YARMUK", "lon": 46.79672, "lat": 24.822727, "rating_range": null }, "geometry": { "type": "Point", "coordinates": [ 46.79672, 24.822727 ] } },
{ "type": "Feature", "properties": { "name": "أسماك ساس", "categories": "Seafood Restaurant", "address": "الرياض 13254, المملكة العربية السعودية", "price": "Expensive", "likes": 0.0, "photos": "0", "tips": "0", "rating": null, "ratingSignals": null, "NEIGHBORHANAME": "الرمال", "NEIGHBORHENAME": "AR-RIMAL", "lon": 46.79541, "lat": 24.83226, "rating_range": null }, "geometry": { "type": "Point", "coordinates": [ 46.79541, 24.83226 ] } },
{ "type": "Feature", "properties": { "name": "McDonald's اللي كلة زحمه", "categories": "Fast Food Restaurant", "address": "الرياض 13254, المملكة العربية السعودية", "price": "Cheap", "likes": 0.0, "photos": "0", "tips": "0", "rating": null, "ratingSignals": null, "NEIGHBORHANAME": "الرمال", "NEIGHBORHENAME": "AR-RIMAL", "lon": 46.800376, "lat": 24.833149, "rating_range": null }, "geometry": { "type": "Point", "coordinates": [ 46.800376, 24.833149 ] } },
{ "type": "Feature", "properties": { "name": "Moroccan Mood (مزاج مغربي)", "categories": "Coffee Shop", "address": "المملكة العربية السعودية", "price": "Cheap", "likes": 38.0, "photos": "31", "tips": "2", "rating": 7.8, "ratingSignals": 49.0, "NEIGHBORHANAME": "الرمال", "NEIGHBORHENAME": "AR-RIMAL", "lon": 46.810375917963654, "lat": 24.830141461964697, "rating_range": "High (8–10)" }, "geometry": { "type": "Point", "coordinates": [ 46.810375917963654, 24.830141461964697 ] } },
{ "type": "Feature", "properties": { "name": "مطاعم قرية العاذريه", "categories": "Middle Eastern Restaurant", "address": "الرمال, المملكة العربية السعودية", "price": "Moderate", "likes": 23.0, "photos": "48", "tips": "6", "rating": 7.4, "ratingSignals": 33.0, "NEIGHBORHANAME": "الرمال", "NEIGHBORHENAME": "AR-RIMAL", "lon": 46.810801677683962, "lat": 24.831613295645443, "rating_range": "High (8–10)" }, "geometry": { "type": "Point", "coordinates": [ 46.810801677683962, 24.831613295645443 ] } },
{ "type": "Feature", "properties": { "name": "حنيذ ومندي الجنوب", "categories": "Middle Eastern Restaurant", "address": "المملكة العربية السعودية", "price": "Moderate", "likes": 38.0, "photos": "16", "tips": "10", "rating": 8.3, "ratingSignals": 45.0, "NEIGHBORHANAME": "الرمال", "NEIGHBORHENAME": "AR-RIMAL", "lon": 46.809963589139407, "lat": 24.829739575416472, "rating_range": "High (8–10)" }, "geometry": { "type": "Point", "coordinates": [ 46.809963589139407, 24.829739575416472 ] } },
{ "type": "Feature", "properties": { "name": "كوفي العاذرية النسائي", "categories": "Coffee Shop", "address": "المملكة العربية السعودية", "price": "Cheap", "likes": 3.0, "photos": "1", "tips": "0", "rating": null, "ratingSignals": null, "NEIGHBORHANAME": "الرمال", "NEIGHBORHENAME": "AR-RIMAL", "lon": 46.810747, "lat": 24.831731, "rating_range": null }, "geometry": { "type": "Point", "coordinates": [ 46.810747, 24.831731 ] } },
{ "type": "Feature", "properties": { "name": "W.H.A Cafe", "categories": "Coffee Shop", "address": "الرياض 13263, المملكة العربية السعودية", "price": "Cheap", "likes": 0.0, "photos": "3", "tips": "0", "rating": null, "ratingSignals": null, "NEIGHBORHANAME": "الرمال", "NEIGHBORHENAME": "AR-RIMAL", "lon": 46.811085, "lat": 24.83224, "rating_range": null }, "geometry": { "type": "Point", "coordinates": [ 46.811085, 24.83224 ] } },
{ "type": "Feature", "properties": { "name": "الاستراحة الجديدة اللي ما دخلت مزاجي", "categories": "Coffee Shop", "address": "المملكة العربية السعودية", "price": "Cheap", "likes": 0.0, "photos": "5", "tips": "1", "rating": null, "ratingSignals": null, "NEIGHBORHANAME": "الرمال", "NEIGHBORHENAME": "AR-RIMAL", "lon": 46.802878, "lat": 24.830939, "rating_range": null }, "geometry": { "type": "Point", "coordinates": [ 46.802878, 24.830939 ] } },
{ "type": "Feature", "properties": { "name": "بروكلي", "categories": "Pizza Place", "address": "الرياض 13263, المملكة العربية السعودية", "price": "Cheap", "likes": 1.0, "photos": "2", "tips": "0", "rating": null, "ratingSignals": null, "NEIGHBORHANAME": "الرمال", "NEIGHBORHENAME": "AR-RIMAL", "lon": 46.81028, "lat": 24.833982, "rating_range": null }, "geometry": { "type": "Point", "coordinates": [ 46.81028, 24.833982 ] } },
{ "type": "Feature", "properties": { "name": "مطاعم حنيذ ريفي", "categories": "Middle Eastern Restaurant", "address": "الرياض, المملكة العربية السعودية", "price": "Moderate", "likes": 22.0, "photos": "38", "tips": "6", "rating": 7.5, "ratingSignals": 30.0, "NEIGHBORHANAME": "الرمال", "NEIGHBORHENAME": "AR-RIMAL", "lon": 46.812326856582239, "lat": 24.833988425967295, "rating_range": "High (8–10)" }, "geometry": { "type": "Point", "coordinates": [ 46.812326856582239, 24.833988425967295 ] } },
{ "type": "Feature", "properties": { "name": "Pluvia Juice", "categories": "Juice Bar", "address": "Al Remal (Wadi Al Sahaa), الرياض 13263, المملكة العربية السعودية", "price": "Cheap", "likes": 7.0, "photos": "10", "tips": "1", "rating": null, "ratingSignals": null, "NEIGHBORHANAME": "الرمال", "NEIGHBORHENAME": "AR-RIMAL", "lon": 46.810414, "lat": 24.833854, "rating_range": null }, "geometry": { "type": "Point", "coordinates": [ 46.810414, 24.833854 ] } },
{ "type": "Feature", "properties": { "name": "الديوانية", "categories": "Coffee Shop", "address": "الرياض 13263, المملكة العربية السعودية", "price": "Cheap", "likes": 0.0, "photos": "0", "tips": "0", "rating": null, "ratingSignals": null, "NEIGHBORHANAME": "الرمال", "NEIGHBORHENAME": "AR-RIMAL", "lon": 46.813883, "lat": 24.831436, "rating_range": null }, "geometry": { "type": "Point", "coordinates": [ 46.813883, 24.831436 ] } },
{ "type": "Feature", "properties": { "name": "حلوى و كيك", "categories": "Cupcake Shop", "address": "حي الرمال (شارع وادي الساحل), الرياض, المملكة العربية السعودية", "price": "Moderate", "likes": 1.0, "photos": "0", "tips": "0", "rating": null, "ratingSignals": null, "NEIGHBORHANAME": "الرمال", "NEIGHBORHENAME": "AR-RIMAL", "lon": 46.810599, "lat": 24.833829, "rating_range": null }, "geometry": { "type": "Point", "coordinates": [ 46.810599, 24.833829 ] } },
{ "type": "Feature", "properties": { "name": "شاهي جمر طرقيّة", "categories": "Coffee Shop", "address": "الرياض 13263, المملكة العربية السعودية", "price": "Cheap", "likes": 1.0, "photos": "0", "tips": "0", "rating": null, "ratingSignals": null, "NEIGHBORHANAME": "الرمال", "NEIGHBORHENAME": "AR-RIMAL", "lon": 46.822527, "lat": 24.833214, "rating_range": null }, "geometry": { "type": "Point", "coordinates": [ 46.822527, 24.833214 ] } },
{ "type": "Feature", "properties": { "name": "Molten Chocolate Cafe", "categories": "Coffee Shop", "address": "واجهة الرياض, الرياض 13413, المملكة العربية السعودية", "price": "Cheap", "likes": 44.0, "photos": "418", "tips": "2", "rating": 7.8, "ratingSignals": 59.0, "NEIGHBORHANAME": "سدرة", "NEIGHBORHENAME": "Sedra", "lon": 46.729125, "lat": 24.836864, "rating_range": "High (8–10)" }, "geometry": { "type": "Point", "coordinates": [ 46.729125, 24.836864 ] } },
{ "type": "Feature", "properties": { "name": "Face/Off Cafe", "categories": "Coffee Shop", "address": "Riyadh Front (Airport Road), الرياض 13413, المملكة العربية السعودية", "price": "Cheap", "likes": 26.0, "photos": "85", "tips": "8", "rating": 8.1, "ratingSignals": 30.0, "NEIGHBORHANAME": "سدرة", "NEIGHBORHENAME": "Sedra", "lon": 46.731087, "lat": 24.836462, "rating_range": "High (8–10)" }, "geometry": { "type": "Point", "coordinates": [ 46.731087, 24.836462 ] } },
{ "type": "Feature", "properties": { "name": "Top Bun", "categories": "Burger Joint", "address": "Riyadh Front ((Vox Cinema)), الرياض 13413, المملكة العربية السعودية", "price": "Cheap", "likes": 10.0, "photos": "57", "tips": "4", "rating": 7.2, "ratingSignals": 15.0, "NEIGHBORHANAME": "سدرة", "NEIGHBORHENAME": "Sedra", "lon": 46.731208, "lat": 24.838104, "rating_range": "High (8–10)" }, "geometry": { "type": "Point", "coordinates": [ 46.731208, 24.838104 ] } },
{ "type": "Feature", "properties": { "name": "Dunkin' Donuts", "categories": "Donut Shop", "address": "واجهة الرياض (واجهة الرياض), الرياض 13413, المملكة العربية السعودية", "price": "Cheap", "likes": 0.0, "photos": "4", "tips": "0", "rating": null, "ratingSignals": null, "NEIGHBORHANAME": "سدرة", "NEIGHBORHENAME": "Sedra", "lon": 46.728429, "lat": 24.834951, "rating_range": null }, "geometry": { "type": "Point", "coordinates": [ 46.728429, 24.834951 ] } },
{ "type": "Feature", "properties": { "name": "Dunkin' Donuts", "categories": "Donut Shop", "address": "الرياض 13413, المملكة العربية السعودية", "price": "Cheap", "likes": 0.0, "photos": "1", "tips": "0", "rating": null, "ratingSignals": null, "NEIGHBORHANAME": "سدرة", "NEIGHBORHENAME": "Sedra", "lon": 46.728403, "lat": 24.834886, "rating_range": null }, "geometry": { "type": "Point", "coordinates": [ 46.728403, 24.834886 ] } },
{ "type": "Feature", "properties": { "name": "Jolt Cafe", "categories": "Coffee Shop", "address": "Riyadh Front (Almather), الرياض 13413, المملكة العربية السعودية", "price": "Cheap", "likes": 2.0, "photos": "13", "tips": "0", "rating": null, "ratingSignals": null, "NEIGHBORHANAME": "سدرة", "NEIGHBORHENAME": "Sedra", "lon": 46.728366, "lat": 24.83451, "rating_range": null }, "geometry": { "type": "Point", "coordinates": [ 46.728366, 24.83451 ] } },
{ "type": "Feature", "properties": { "name": "Simit Sarayi", "categories": "Bagel Shop", "address": "Sasco Fuel Station, Airport Road, King Khalid International Airport, الرياض 13412, المملكة العربية السعودية", "price": "Cheap", "likes": 2.0, "photos": "0", "tips": "0", "rating": 6.3, "ratingSignals": 3.0, "NEIGHBORHANAME": "سدرة", "NEIGHBORHENAME": "Sedra", "lon": 46.730003356933601, "lat": 24.838659678795125, "rating_range": "Medium (4–7)" }, "geometry": { "type": "Point", "coordinates": [ 46.730003356933601, 24.838659678795125 ] } },
{ "type": "Feature", "properties": { "name": "Yellow Rose", "categories": "Coffee Shop", "address": "الرياض 13413, المملكة العربية السعودية", "price": "Cheap", "likes": 0.0, "photos": "3", "tips": "0", "rating": null, "ratingSignals": null, "NEIGHBORHANAME": "سدرة", "NEIGHBORHENAME": "Sedra", "lon": 46.729377, "lat": 24.834697, "rating_range": null }, "geometry": { "type": "Point", "coordinates": [ 46.729377, 24.834697 ] } },
{ "type": "Feature", "properties": { "name": "O,yy Burger", "categories": "Burger Joint, Fast Food Restaurant", "address": "الرياض 13413, المملكة العربية السعودية", "price": "Cheap", "likes": 0.0, "photos": "0", "tips": "0", "rating": null, "ratingSignals": null, "NEIGHBORHANAME": "سدرة", "NEIGHBORHENAME": "Sedra", "lon": 46.729561, "lat": 24.83541, "rating_range": null }, "geometry": { "type": "Point", "coordinates": [ 46.729561, 24.83541 ] } },
{ "type": "Feature", "properties": { "name": "12 Cups", "categories": "Coffee Shop", "address": "الرياض 13413, المملكة العربية السعودية", "price": "Cheap", "likes": 0.0, "photos": "1", "tips": "0", "rating": null, "ratingSignals": null, "NEIGHBORHANAME": "سدرة", "NEIGHBORHENAME": "Sedra", "lon": 46.730635, "lat": 24.836469, "rating_range": null }, "geometry": { "type": "Point", "coordinates": [ 46.730635, 24.836469 ] } },
{ "type": "Feature", "properties": { "name": "GAHWA", "categories": "Coffee Shop", "address": "Riyadh Front, الرياض 13413, المملكة العربية السعودية", "price": "Cheap", "likes": 175.0, "photos": "1314", "tips": "43", "rating": 7.4, "ratingSignals": 274.0, "NEIGHBORHANAME": "سدرة", "NEIGHBORHENAME": "Sedra", "lon": 46.732806, "lat": 24.839393, "rating_range": "High (8–10)" }, "geometry": { "type": "Point", "coordinates": [ 46.732806, 24.839393 ] } },
{ "type": "Feature", "properties": { "name": "Balcony Cafe", "categories": "Coffee Shop", "address": "RPQM+R2 King Khalid International Airport, Riyadh, الرياض 13413, المملكة العربية السعودية", "price": "Cheap", "likes": 54.0, "photos": "718", "tips": "21", "rating": 6.1, "ratingSignals": 103.0, "NEIGHBORHANAME": "سدرة", "NEIGHBORHENAME": "Sedra", "lon": 46.73274, "lat": 24.839232, "rating_range": "Medium (4–7)" }, "geometry": { "type": "Point", "coordinates": [ 46.73274, 24.839232 ] } },
{ "type": "Feature", "properties": { "name": "عصير الضاحية", "categories": "Juice Bar, Smoothie Shop", "address": "الرياض 13413, المملكة العربية السعودية", "price": "Cheap", "likes": 87.0, "photos": "857", "tips": "7", "rating": 8.9, "ratingSignals": 101.0, "NEIGHBORHANAME": "سدرة", "NEIGHBORHENAME": "Sedra", "lon": 46.732605, "lat": 24.83943, "rating_range": "High (8–10)" }, "geometry": { "type": "Point", "coordinates": [ 46.732605, 24.83943 ] } },
{ "type": "Feature", "properties": { "name": "The Coffee Club", "categories": "Coffee Shop", "address": "الرياض 13413, المملكة العربية السعودية", "price": "Cheap", "likes": 32.0, "photos": "188", "tips": "11", "rating": 7.3, "ratingSignals": 50.0, "NEIGHBORHANAME": "سدرة", "NEIGHBORHENAME": "Sedra", "lon": 46.732718, "lat": 24.838589, "rating_range": "High (8–10)" }, "geometry": { "type": "Point", "coordinates": [ 46.732718, 24.838589 ] } },
{ "type": "Feature", "properties": { "name": "Dhahia Juice", "categories": "Juice Bar", "address": "الرياض 13413, المملكة العربية السعودية", "price": "Cheap", "likes": 0.0, "photos": "0", "tips": "0", "rating": null, "ratingSignals": null, "NEIGHBORHANAME": "سدرة", "NEIGHBORHENAME": "Sedra", "lon": 46.732485, "lat": 24.839388, "rating_range": null }, "geometry": { "type": "Point", "coordinates": [ 46.732485, 24.839388 ] } },
{ "type": "Feature", "properties": { "name": "Cioccolat Italiani", "categories": "Ice Cream Shop", "address": "Riyadh Front, الرياض, المملكة العربية السعودية", "price": "Cheap", "likes": 3.0, "photos": "41", "tips": "0", "rating": null, "ratingSignals": null, "NEIGHBORHANAME": "سدرة", "NEIGHBORHENAME": "Sedra", "lon": 46.7303466796875, "lat": 24.838776515024549, "rating_range": null }, "geometry": { "type": "Point", "coordinates": [ 46.7303466796875, 24.838776515024549 ] } },
{ "type": "Feature", "properties": { "name": "KITCHEN 35", "categories": "Restaurant", "address": "Riyadh Front (Vox Cinema), Riyadh 13413, المملكة العربية السعودية", "price": "Moderate", "likes": 8.0, "photos": "75", "tips": "1", "rating": 8.3, "ratingSignals": 9.0, "NEIGHBORHANAME": "سدرة", "NEIGHBORHENAME": "Sedra", "lon": 46.731722, "lat": 24.838709, "rating_range": "High (8–10)" }, "geometry": { "type": "Point", "coordinates": [ 46.731722, 24.838709 ] } },
{ "type": "Feature", "properties": { "name": "Pizza Altaglio", "categories": "Pizza Place", "address": "Riyadh Front, الرياض 13413, المملكة العربية السعودية", "price": "Cheap", "likes": 2.0, "photos": "4", "tips": "0", "rating": null, "ratingSignals": null, "NEIGHBORHANAME": "سدرة", "NEIGHBORHENAME": "Sedra", "lon": 46.731694, "lat": 24.838708, "rating_range": null }, "geometry": { "type": "Point", "coordinates": [ 46.731694, 24.838708 ] } },
{ "type": "Feature", "properties": { "name": "FROZ", "categories": "Frozen Yogurt Shop", "address": "Riyadh Front, الرياض 13413, المملكة العربية السعودية", "price": "Cheap", "likes": 2.0, "photos": "41", "tips": "2", "rating": null, "ratingSignals": null, "NEIGHBORHANAME": "سدرة", "NEIGHBORHENAME": "Sedra", "lon": 46.731398, "lat": 24.838863, "rating_range": null }, "geometry": { "type": "Point", "coordinates": [ 46.731398, 24.838863 ] } },
{ "type": "Feature", "properties": { "name": "Mamma Bunz Cafe", "categories": "Coffee Shop", "address": "Riyadh Front, الرياض 13413, المملكة العربية السعودية", "price": "Cheap", "likes": 5.0, "photos": "43", "tips": "2", "rating": 7.0, "ratingSignals": 12.0, "NEIGHBORHANAME": "سدرة", "NEIGHBORHENAME": "Sedra", "lon": 46.731927, "lat": 24.838743, "rating_range": "Medium (4–7)" }, "geometry": { "type": "Point", "coordinates": [ 46.731927, 24.838743 ] } },
{ "type": "Feature", "properties": { "name": "فروز", "categories": "Ice Cream Shop", "address": "الرياض 13413, المملكة العربية السعودية", "price": "Cheap", "likes": 1.0, "photos": "22", "tips": "0", "rating": null, "ratingSignals": null, "NEIGHBORHANAME": "سدرة", "NEIGHBORHENAME": "Sedra", "lon": 46.731834, "lat": 24.838893, "rating_range": null }, "geometry": { "type": "Point", "coordinates": [ 46.731834, 24.838893 ] } },
{ "type": "Feature", "properties": { "name": "Gelato Buono", "categories": "Ice Cream Shop", "address": "الرياض 13413, المملكة العربية السعودية", "price": "Cheap", "likes": 12.0, "photos": "35", "tips": "4", "rating": 6.3, "ratingSignals": 20.0, "NEIGHBORHANAME": "سدرة", "NEIGHBORHENAME": "Sedra", "lon": 46.732301, "lat": 24.838203, "rating_range": "Medium (4–7)" }, "geometry": { "type": "Point", "coordinates": [ 46.732301, 24.838203 ] } },
{ "type": "Feature", "properties": { "name": "Mama", "categories": "Coffee Shop", "address": "Molten chocolate Cafe, المملكة العربية السعودية", "price": "Cheap", "likes": 0.0, "photos": "0", "tips": "0", "rating": null, "ratingSignals": null, "NEIGHBORHANAME": "سدرة", "NEIGHBORHENAME": "Sedra", "lon": 46.73204, "lat": 24.839142, "rating_range": null }, "geometry": { "type": "Point", "coordinates": [ 46.73204, 24.839142 ] } },
{ "type": "Feature", "properties": { "name": "CUBES", "categories": "Food Truck", "address": "الرياض 13248, المملكة العربية السعودية", "price": "Cheap", "likes": 0.0, "photos": "0", "tips": "0", "rating": null, "ratingSignals": null, "NEIGHBORHANAME": "سدرة", "NEIGHBORHENAME": "Sedra", "lon": 46.731835152570603, "lat": 24.837922640479803, "rating_range": null }, "geometry": { "type": "Point", "coordinates": [ 46.731835152570603, 24.837922640479803 ] } },
{ "type": "Feature", "properties": { "name": "مطعم جنان الفواكه", "categories": "Middle Eastern Restaurant", "address": "المملكة العربية السعودية", "price": "Moderate", "likes": 4.0, "photos": "2", "tips": "0", "rating": null, "ratingSignals": null, "NEIGHBORHANAME": "الرمال", "NEIGHBORHENAME": "AR-RIMAL", "lon": 46.79969, "lat": 24.836284, "rating_range": null }, "geometry": { "type": "Point", "coordinates": [ 46.79969, 24.836284 ] } },
{ "type": "Feature", "properties": { "name": "Macdonald’s", "categories": "Fast Food Restaurant", "address": "Alrimal, wadi alsahel st’, الرياض 13254, المملكة العربية السعودية", "price": "Cheap", "likes": 2.0, "photos": "38", "tips": "1", "rating": null, "ratingSignals": null, "NEIGHBORHANAME": "الرمال", "NEIGHBORHENAME": "AR-RIMAL", "lon": 46.809429, "lat": 24.83427, "rating_range": null }, "geometry": { "type": "Point", "coordinates": [ 46.809429, 24.83427 ] } },
{ "type": "Feature", "properties": { "name": "KINDAH COFFE", "categories": "Coffee Shop", "address": "الرياض 13254, المملكة العربية السعودية", "price": "Cheap", "likes": 22.0, "photos": "145", "tips": "2", "rating": 8.4, "ratingSignals": 25.0, "NEIGHBORHANAME": "الرمال", "NEIGHBORHENAME": "AR-RIMAL", "lon": 46.808781, "lat": 24.83403, "rating_range": "High (8–10)" }, "geometry": { "type": "Point", "coordinates": [ 46.808781, 24.83403 ] } },
{ "type": "Feature", "properties": { "name": "Show Burger", "categories": "Burger Joint", "address": "الرياض 13254, المملكة العربية السعودية", "price": "Cheap", "likes": 6.0, "photos": "1", "tips": "1", "rating": null, "ratingSignals": null, "NEIGHBORHANAME": "الرمال", "NEIGHBORHENAME": "AR-RIMAL", "lon": 46.809504423927756, "lat": 24.835612139543446, "rating_range": null }, "geometry": { "type": "Point", "coordinates": [ 46.809504423927756, 24.835612139543446 ] } },
{ "type": "Feature", "properties": { "name": "مندي العرابي", "categories": "Middle Eastern Restaurant", "address": "المملكة العربية السعودية", "price": "Moderate", "likes": 99.0, "photos": "51", "tips": "32", "rating": 8.1, "ratingSignals": 130.0, "NEIGHBORHANAME": "الرمال", "NEIGHBORHENAME": "AR-RIMAL", "lon": 46.813279860445135, "lat": 24.83430695285956, "rating_range": "High (8–10)" }, "geometry": { "type": "Point", "coordinates": [ 46.813279860445135, 24.83430695285956 ] } },
{ "type": "Feature", "properties": { "name": "حاشي باشا", "categories": "Restaurant", "address": "الرياض 13254, المملكة العربية السعودية", "price": "Moderate", "likes": 7.0, "photos": "5", "tips": "0", "rating": 8.1, "ratingSignals": 10.0, "NEIGHBORHANAME": "الرمال", "NEIGHBORHENAME": "AR-RIMAL", "lon": 46.810115501970365, "lat": 24.834246419935617, "rating_range": "High (8–10)" }, "geometry": { "type": "Point", "coordinates": [ 46.810115501970365, 24.834246419935617 ] } },
{ "type": "Feature", "properties": { "name": "شاورما سعود", "categories": "Food & Drink Shop, Turkish Restaurant", "address": "الرياض 13263, المملكة العربية السعودية", "price": null, "likes": 1.0, "photos": "1", "tips": "0", "rating": null, "ratingSignals": null, "NEIGHBORHANAME": "الرمال", "NEIGHBORHENAME": "AR-RIMAL", "lon": 46.809093, "lat": 24.835983, "rating_range": null }, "geometry": { "type": "Point", "coordinates": [ 46.809093, 24.835983 ] } },
{ "type": "Feature", "properties": { "name": "ماكدونالدز", "categories": "Fast Food Restaurant", "address": "حي الرمال, الرياض 13254, المملكة العربية السعودية", "price": "Cheap", "likes": 1.0, "photos": "8", "tips": "0", "rating": 7.3, "ratingSignals": 1.0, "NEIGHBORHANAME": "الرمال", "NEIGHBORHENAME": "AR-RIMAL", "lon": 46.809543, "lat": 24.834187, "rating_range": "High (8–10)" }, "geometry": { "type": "Point", "coordinates": [ 46.809543, 24.834187 ] } },
{ "type": "Feature", "properties": { "name": "كبدة 1", "categories": "Breakfast Spot", "address": "الرياض 13263, المملكة العربية السعودية", "price": "Cheap", "likes": 0.0, "photos": "0", "tips": "0", "rating": null, "ratingSignals": null, "NEIGHBORHANAME": "الرمال", "NEIGHBORHENAME": "AR-RIMAL", "lon": 46.809612, "lat": 24.835316, "rating_range": null }, "geometry": { "type": "Point", "coordinates": [ 46.809612, 24.835316 ] } },
{ "type": "Feature", "properties": { "name": "بسبوسة وقهوة", "categories": "Café, Candy Store", "address": "الرياض 13254, المملكة العربية السعودية", "price": "Cheap", "likes": 2.0, "photos": "9", "tips": "3", "rating": null, "ratingSignals": null, "NEIGHBORHANAME": "الرمال", "NEIGHBORHENAME": "AR-RIMAL", "lon": 46.809206, "lat": 24.83442, "rating_range": null }, "geometry": { "type": "Point", "coordinates": [ 46.809206, 24.83442 ] } },
{ "type": "Feature", "properties": { "name": "Basbosa & Coffee", "categories": "Coffee Shop", "address": "Al Remal (Wadi Al Sahl St.), الرياض 13254, المملكة العربية السعودية", "price": "Cheap", "likes": 1.0, "photos": "5", "tips": "0", "rating": null, "ratingSignals": null, "NEIGHBORHANAME": "الرمال", "NEIGHBORHENAME": "AR-RIMAL", "lon": 46.808792, "lat": 24.834983, "rating_range": null }, "geometry": { "type": "Point", "coordinates": [ 46.808792, 24.834983 ] } },
{ "type": "Feature", "properties": { "name": "نكهة المذاق التركي", "categories": "Middle Eastern Restaurant", "address": "حي الرمال, الرياض, المملكة العربية السعودية", "price": "Moderate", "likes": 1.0, "photos": "1", "tips": "1", "rating": null, "ratingSignals": null, "NEIGHBORHANAME": "الرمال", "NEIGHBORHENAME": "AR-RIMAL", "lon": 46.809952, "lat": 24.834683, "rating_range": null }, "geometry": { "type": "Point", "coordinates": [ 46.809952, 24.834683 ] } },
{ "type": "Feature", "properties": { "name": "بوفيه كبده", "categories": "Breakfast Spot", "address": "الرياض 13263, المملكة العربية السعودية", "price": "Cheap", "likes": 0.0, "photos": "0", "tips": "0", "rating": null, "ratingSignals": null, "NEIGHBORHANAME": "الرمال", "NEIGHBORHENAME": "AR-RIMAL", "lon": 46.809607, "lat": 24.835467, "rating_range": null }, "geometry": { "type": "Point", "coordinates": [ 46.809607, 24.835467 ] } },
{ "type": "Feature", "properties": { "name": "اطلق برفية", "categories": "Breakfast Spot", "address": "الرياض 13263, المملكة العربية السعودية", "price": "Cheap", "likes": 0.0, "photos": "0", "tips": "0", "rating": null, "ratingSignals": null, "NEIGHBORHANAME": "الرمال", "NEIGHBORHENAME": "AR-RIMAL", "lon": 46.810114, "lat": 24.834462, "rating_range": null }, "geometry": { "type": "Point", "coordinates": [ 46.810114, 24.834462 ] } },
{ "type": "Feature", "properties": { "name": "شيخ المندي", "categories": "Middle Eastern Restaurant", "address": "الرياض 13263, المملكة العربية السعودية", "price": "Moderate", "likes": 0.0, "photos": "0", "tips": "0", "rating": null, "ratingSignals": null, "NEIGHBORHANAME": "الرمال", "NEIGHBORHENAME": "AR-RIMAL", "lon": 46.813934, "lat": 24.834683, "rating_range": null }, "geometry": { "type": "Point", "coordinates": [ 46.813934, 24.834683 ] } },
{ "type": "Feature", "properties": { "name": "مطعم وكافيه اذواق", "categories": "Middle Eastern Restaurant", "address": "المملكة العربية السعودية", "price": "Moderate", "likes": 0.0, "photos": "0", "tips": "0", "rating": null, "ratingSignals": null, "NEIGHBORHANAME": "الرمال", "NEIGHBORHENAME": "AR-RIMAL", "lon": 46.82713557006052, "lat": 24.835480273630893, "rating_range": null }, "geometry": { "type": "Point", "coordinates": [ 46.82713557006052, 24.835480273630893 ] } },
{ "type": "Feature", "properties": { "name": "تاج القهوة", "categories": "Coffee Shop", "address": "المملكة العربية السعودية", "price": "Cheap", "likes": 1.0, "photos": "6", "tips": "0", "rating": null, "ratingSignals": null, "NEIGHBORHANAME": "الرمال", "NEIGHBORHENAME": "AR-RIMAL", "lon": 46.830206, "lat": 24.83654, "rating_range": null }, "geometry": { "type": "Point", "coordinates": [ 46.830206, 24.83654 ] } },
{ "type": "Feature", "properties": { "name": "24.839153,46.828312", "categories": "Pet Café", "address": "الرياض 13263, المملكة العربية السعودية", "price": null, "likes": 0.0, "photos": "0", "tips": "0", "rating": null, "ratingSignals": null, "NEIGHBORHANAME": "الرمال", "NEIGHBORHENAME": "AR-RIMAL", "lon": 46.829387, "lat": 24.838872, "rating_range": null }, "geometry": { "type": "Point", "coordinates": [ 46.829387, 24.838872 ] } },
{ "type": "Feature", "properties": { "name": "Dose Cafe", "categories": "Coffee Shop", "address": "Alriyadh Front (Airport Road), الرياض 13413, المملكة العربية السعودية", "price": "Cheap", "likes": 903.0, "photos": "9350", "tips": "105", "rating": 8.8, "ratingSignals": 1101.0, "NEIGHBORHANAME": "سدرة", "NEIGHBORHENAME": "Sedra", "lon": 46.732376, "lat": 24.84032, "rating_range": "High (8–10)" }, "geometry": { "type": "Point", "coordinates": [ 46.732376, 24.84032 ] } },
{ "type": "Feature", "properties": { "name": "MÜH", "categories": "Coffee Shop", "address": "Riyadh Front, الرياض 13413, المملكة العربية السعودية", "price": "Cheap", "likes": 434.0, "photos": "5007", "tips": "122", "rating": 8.2, "ratingSignals": 606.0, "NEIGHBORHANAME": "سدرة", "NEIGHBORHENAME": "Sedra", "lon": 46.731737, "lat": 24.840065, "rating_range": "High (8–10)" }, "geometry": { "type": "Point", "coordinates": [ 46.731737, 24.840065 ] } },
{ "type": "Feature", "properties": { "name": "Draft Café", "categories": "Coffee Shop", "address": "Riyadh Front, الرياض 13413, المملكة العربية السعودية", "price": "Cheap", "likes": 326.0, "photos": "2608", "tips": "36", "rating": 8.5, "ratingSignals": 409.0, "NEIGHBORHANAME": "سدرة", "NEIGHBORHENAME": "Sedra", "lon": 46.733156, "lat": 24.840554, "rating_range": "High (8–10)" }, "geometry": { "type": "Point", "coordinates": [ 46.733156, 24.840554 ] } },
{ "type": "Feature", "properties": { "name": "Urth Caffé", "categories": "Coffee Shop", "address": "الرياض 13413, المملكة العربية السعودية", "price": "Cheap", "likes": 356.0, "photos": "1464", "tips": "26", "rating": 9.1, "ratingSignals": 410.0, "NEIGHBORHANAME": "سدرة", "NEIGHBORHENAME": "Sedra", "lon": 46.732804, "lat": 24.841918, "rating_range": "High (8–10)" }, "geometry": { "type": "Point", "coordinates": [ 46.732804, 24.841918 ] } },
{ "type": "Feature", "properties": { "name": "giorgio (جورجيو)", "categories": "Coffee Shop", "address": "واجهة الرياض | Riyadh Front (Airport Road), الرياض 13413, المملكة العربية السعودية", "price": "Cheap", "likes": 98.0, "photos": "597", "tips": "29", "rating": 7.9, "ratingSignals": 138.0, "NEIGHBORHANAME": "سدرة", "NEIGHBORHENAME": "Sedra", "lon": 46.73248, "lat": 24.83947, "rating_range": "High (8–10)" }, "geometry": { "type": "Point", "coordinates": [ 46.73248, 24.83947 ] } },
{ "type": "Feature", "properties": { "name": "Wagyu Burger", "categories": "Burger Joint", "address": "الرياض 13413, المملكة العربية السعودية", "price": "Cheap", "likes": 236.0, "photos": "910", "tips": "43", "rating": 8.5, "ratingSignals": 305.0, "NEIGHBORHANAME": "سدرة", "NEIGHBORHENAME": "Sedra", "lon": 46.732801, "lat": 24.839966, "rating_range": "High (8–10)" }, "geometry": { "type": "Point", "coordinates": [ 46.732801, 24.839966 ] } },
{ "type": "Feature", "properties": { "name": "CAMELLIA", "categories": "Coffee Shop", "address": "Riyadh Front 13413, المملكة العربية السعودية", "price": "Cheap", "likes": 26.0, "photos": "320", "tips": "9", "rating": 7.0, "ratingSignals": 42.0, "NEIGHBORHANAME": "سدرة", "NEIGHBORHENAME": "Sedra", "lon": 46.733216, "lat": 24.840506, "rating_range": "Medium (4–7)" }, "geometry": { "type": "Point", "coordinates": [ 46.733216, 24.840506 ] } },
{ "type": "Feature", "properties": { "name": "Steak House (ستيك هاوس)", "categories": "Fast Food Restaurant", "address": "Riyadh Front (Airport Road), الرياض 13413, المملكة العربية السعودية", "price": "Moderate", "likes": 21.0, "photos": "269", "tips": "5", "rating": 7.0, "ratingSignals": 35.0, "NEIGHBORHANAME": "سدرة", "NEIGHBORHENAME": "Sedra", "lon": 46.733156, "lat": 24.840709, "rating_range": "Medium (4–7)" }, "geometry": { "type": "Point", "coordinates": [ 46.733156, 24.840709 ] } },
{ "type": "Feature", "properties": { "name": "Nine Soft Serve", "categories": "Ice Cream Shop", "address": "الرياض 13413, المملكة العربية السعودية", "price": "Cheap", "likes": 198.0, "photos": "1457", "tips": "56", "rating": 8.2, "ratingSignals": 272.0, "NEIGHBORHANAME": "سدرة", "NEIGHBORHENAME": "Sedra", "lon": 46.733017, "lat": 24.840341, "rating_range": "High (8–10)" }, "geometry": { "type": "Point", "coordinates": [ 46.733017, 24.840341 ] } },
{ "type": "Feature", "properties": { "name": "Outback", "categories": "Steakhouse", "address": "الرياض 13413, المملكة العربية السعودية", "price": "Very Expensive", "likes": 23.0, "photos": "125", "tips": "5", "rating": 7.8, "ratingSignals": 31.0, "NEIGHBORHANAME": "سدرة", "NEIGHBORHENAME": "Sedra", "lon": 46.732803, "lat": 24.840037, "rating_range": "High (8–10)" }, "geometry": { "type": "Point", "coordinates": [ 46.732803, 24.840037 ] } },
{ "type": "Feature", "properties": { "name": "Ward (ورد)", "categories": "Lebanese Restaurant", "address": "الرياض 13413, المملكة العربية السعودية", "price": null, "likes": 61.0, "photos": "302", "tips": "19", "rating": 7.1, "ratingSignals": 90.0, "NEIGHBORHANAME": "سدرة", "NEIGHBORHENAME": "Sedra", "lon": 46.732803, "lat": 24.841531, "rating_range": "High (8–10)" }, "geometry": { "type": "Point", "coordinates": [ 46.732803, 24.841531 ] } },
{ "type": "Feature", "properties": { "name": "La Rustica Pizzeria", "categories": "Pizza Place", "address": "الرياض, المملكة العربية السعودية", "price": "Cheap", "likes": 104.0, "photos": "324", "tips": "26", "rating": 7.4, "ratingSignals": 164.0, "NEIGHBORHANAME": "سدرة", "NEIGHBORHENAME": "Sedra", "lon": 46.733393669128418, "lat": 24.840217486119791, "rating_range": "High (8–10)" }, "geometry": { "type": "Point", "coordinates": [ 46.733393669128418, 24.840217486119791 ] } },
{ "type": "Feature", "properties": { "name": "Steak House Burgers", "categories": "Burger Joint", "address": "الرياض 13413, المملكة العربية السعودية", "price": "Cheap", "likes": 8.0, "photos": "96", "tips": "0", "rating": 7.4, "ratingSignals": 10.0, "NEIGHBORHANAME": "سدرة", "NEIGHBORHENAME": "Sedra", "lon": 46.733143, "lat": 24.840711, "rating_range": "High (8–10)" }, "geometry": { "type": "Point", "coordinates": [ 46.733143, 24.840711 ] } },
{ "type": "Feature", "properties": { "name": "Plank Sourdough Pizza", "categories": "Pizza Place", "address": "الرياض 13413, المملكة العربية السعودية", "price": "Cheap", "likes": 8.0, "photos": "55", "tips": "12", "rating": 6.3, "ratingSignals": 28.0, "NEIGHBORHANAME": "سدرة", "NEIGHBORHENAME": "Sedra", "lon": 46.733198, "lat": 24.840012, "rating_range": "Medium (4–7)" }, "geometry": { "type": "Point", "coordinates": [ 46.733198, 24.840012 ] } },
{ "type": "Feature", "properties": { "name": "Fire Gril", "categories": "Mexican Restaurant", "address": "الرياض 13413, المملكة العربية السعودية", "price": "Cheap", "likes": 8.0, "photos": "88", "tips": "3", "rating": 6.7, "ratingSignals": 14.0, "NEIGHBORHANAME": "سدرة", "NEIGHBORHENAME": "Sedra", "lon": 46.733131, "lat": 24.841117, "rating_range": "Medium (4–7)" }, "geometry": { "type": "Point", "coordinates": [ 46.733131, 24.841117 ] } },
{ "type": "Feature", "properties": { "name": "Burger Boutique (برجر بوتيك)", "categories": "Burger Joint", "address": "Riyadh Front Near Founten (Airport Road), الرياض 13413, المملكة العربية السعودية", "price": "Cheap", "likes": 180.0, "photos": "442", "tips": "27", "rating": 7.9, "ratingSignals": 238.0, "NEIGHBORHANAME": "سدرة", "NEIGHBORHENAME": "Sedra", "lon": 46.733229, "lat": 24.841399, "rating_range": "High (8–10)" }, "geometry": { "type": "Point", "coordinates": [ 46.733229, 24.841399 ] } },
{ "type": "Feature", "properties": { "name": "Kashounat Al Bait", "categories": "Middle Eastern Restaurant", "address": "الرياض 13413, المملكة العربية السعودية", "price": "Moderate", "likes": 5.0, "photos": "25", "tips": "1", "rating": 6.5, "ratingSignals": 9.0, "NEIGHBORHANAME": "سدرة", "NEIGHBORHENAME": "Sedra", "lon": 46.733233, "lat": 24.840771, "rating_range": "Medium (4–7)" }, "geometry": { "type": "Point", "coordinates": [ 46.733233, 24.840771 ] } },
{ "type": "Feature", "properties": { "name": "كاشونة البيت", "categories": "Middle Eastern Restaurant", "address": "الرياض 13413, المملكة العربية السعودية", "price": "Moderate", "likes": 2.0, "photos": "48", "tips": "4", "rating": null, "ratingSignals": null, "NEIGHBORHANAME": "سدرة", "NEIGHBORHENAME": "Sedra", "lon": 46.730868, "lat": 24.839951, "rating_range": null }, "geometry": { "type": "Point", "coordinates": [ 46.730868, 24.839951 ] } },
{ "type": "Feature", "properties": { "name": "Riyadh Front Outback", "categories": "Fast Food Restaurant", "address": "الرياض 13413, المملكة العربية السعودية", "price": "Moderate", "likes": 1.0, "photos": "3", "tips": "1", "rating": null, "ratingSignals": null, "NEIGHBORHANAME": "سدرة", "NEIGHBORHENAME": "Sedra", "lon": 46.73271, "lat": 24.840062, "rating_range": null }, "geometry": { "type": "Point", "coordinates": [ 46.73271, 24.840062 ] } },
{ "type": "Feature", "properties": { "name": "LA RUSTICA", "categories": "Italian Restaurant", "address": "الرياض 13413, المملكة العربية السعودية", "price": "Moderate", "likes": 2.0, "photos": "8", "tips": "0", "rating": null, "ratingSignals": null, "NEIGHBORHANAME": "سدرة", "NEIGHBORHENAME": "Sedra", "lon": 46.733244, "lat": 24.84129, "rating_range": null }, "geometry": { "type": "Point", "coordinates": [ 46.733244, 24.84129 ] } },
{ "type": "Feature", "properties": { "name": "ماء ورد", "categories": "Lebanese Restaurant", "address": "مطعم ماء ورد, الرياض 13413, المملكة العربية السعودية", "price": null, "likes": 4.0, "photos": "19", "tips": "1", "rating": null, "ratingSignals": null, "NEIGHBORHANAME": "سدرة", "NEIGHBORHENAME": "Sedra", "lon": 46.733115, "lat": 24.841307, "rating_range": null }, "geometry": { "type": "Point", "coordinates": [ 46.733115, 24.841307 ] } },
{ "type": "Feature", "properties": { "name": "ماما بنز كافية", "categories": "Coffee Shop", "address": "الرياض 13413, المملكة العربية السعودية", "price": "Cheap", "likes": 3.0, "photos": "31", "tips": "0", "rating": null, "ratingSignals": null, "NEIGHBORHANAME": "سدرة", "NEIGHBORHENAME": "Sedra", "lon": 46.731724, "lat": 24.839402, "rating_range": null }, "geometry": { "type": "Point", "coordinates": [ 46.731724, 24.839402 ] } },
{ "type": "Feature", "properties": { "name": "لاروستيكا", "categories": "Pizza Place", "address": "الرياض 13413, المملكة العربية السعودية", "price": "Cheap", "likes": 2.0, "photos": "5", "tips": "0", "rating": null, "ratingSignals": null, "NEIGHBORHANAME": "سدرة", "NEIGHBORHENAME": "Sedra", "lon": 46.733017, "lat": 24.841246, "rating_range": null }, "geometry": { "type": "Point", "coordinates": [ 46.733017, 24.841246 ] } },
{ "type": "Feature", "properties": { "name": "White Garden", "categories": "Restaurant, Café", "address": "الرياض 13413, المملكة العربية السعودية", "price": "Moderate", "likes": 56.0, "photos": "390", "tips": "16", "rating": 6.5, "ratingSignals": 89.0, "NEIGHBORHANAME": "سدرة", "NEIGHBORHENAME": "Sedra", "lon": 46.733055, "lat": 24.840663, "rating_range": "Medium (4–7)" }, "geometry": { "type": "Point", "coordinates": [ 46.733055, 24.840663 ] } },
{ "type": "Feature", "properties": { "name": "Porta Cafe", "categories": "Coffee Shop", "address": "الرياض 13412, المملكة العربية السعودية", "price": "Cheap", "likes": 20.0, "photos": "188", "tips": "14", "rating": 6.3, "ratingSignals": 49.0, "NEIGHBORHANAME": "سدرة", "NEIGHBORHENAME": "Sedra", "lon": 46.733185, "lat": 24.840328, "rating_range": "Medium (4–7)" }, "geometry": { "type": "Point", "coordinates": [ 46.733185, 24.840328 ] } },
{ "type": "Feature", "properties": { "name": "Nozomi To Go", "categories": "Japanese Restaurant", "address": "Riyadh front, الرياض 13413, المملكة العربية السعودية", "price": "Moderate", "likes": 18.0, "photos": "75", "tips": "13", "rating": 5.1, "ratingSignals": 48.0, "NEIGHBORHANAME": "سدرة", "NEIGHBORHENAME": "Sedra", "lon": 46.733172, "lat": 24.841463, "rating_range": "Medium (4–7)" }, "geometry": { "type": "Point", "coordinates": [ 46.733172, 24.841463 ] } },
{ "type": "Feature", "properties": { "name": "Rozana (روزنة)", "categories": "Coffee Shop", "address": "الرياض 13413, المملكة العربية السعودية", "price": "Cheap", "likes": 84.0, "photos": "503", "tips": "22", "rating": 8.2, "ratingSignals": 110.0, "NEIGHBORHANAME": "سدرة", "NEIGHBORHENAME": "Sedra", "lon": 46.733534, "lat": 24.84147, "rating_range": "High (8–10)" }, "geometry": { "type": "Point", "coordinates": [ 46.733534, 24.84147 ] } },
{ "type": "Feature", "properties": { "name": "Rozana", "categories": "Coffee Shop", "address": "(روزنة), الرياض 13413, المملكة العربية السعودية", "price": "Cheap", "likes": 22.0, "photos": "141", "tips": "6", "rating": 6.4, "ratingSignals": 39.0, "NEIGHBORHANAME": "سدرة", "NEIGHBORHENAME": "Sedra", "lon": 46.733325, "lat": 24.841342, "rating_range": "Medium (4–7)" }, "geometry": { "type": "Point", "coordinates": [ 46.733325, 24.841342 ] } },
{ "type": "Feature", "properties": { "name": "draft cafe | riyadh front", "categories": "Coffee Shop", "address": "الرياض 13413, المملكة العربية السعودية", "price": "Cheap", "likes": 2.0, "photos": "6", "tips": "0", "rating": null, "ratingSignals": null, "NEIGHBORHANAME": "سدرة", "NEIGHBORHENAME": "Sedra", "lon": 46.737011, "lat": 24.842532, "rating_range": null }, "geometry": { "type": "Point", "coordinates": [ 46.737011, 24.842532 ] } },
{ "type": "Feature", "properties": { "name": "Dunkin’ Donuts", "categories": "Donut Shop", "address": "الرياض 13256, المملكة العربية السعودية", "price": "Cheap", "likes": 14.0, "photos": "82", "tips": "1", "rating": 8.3, "ratingSignals": 16.0, "NEIGHBORHANAME": "الرمال", "NEIGHBORHENAME": "AR-RIMAL", "lon": 46.787319, "lat": 24.840183, "rating_range": "High (8–10)" }, "geometry": { "type": "Point", "coordinates": [ 46.787319, 24.840183 ] } },
{ "type": "Feature", "properties": { "name": "Kudu", "categories": "Fast Food Restaurant", "address": "الرياض 13256, المملكة العربية السعودية", "price": "Cheap", "likes": 6.0, "photos": "7", "tips": "0", "rating": null, "ratingSignals": null, "NEIGHBORHANAME": "الرمال", "NEIGHBORHENAME": "AR-RIMAL", "lon": 46.787422217716141, "lat": 24.840592659256792, "rating_range": null }, "geometry": { "type": "Point", "coordinates": [ 46.787422217716141, 24.840592659256792 ] } },
{ "type": "Feature", "properties": { "name": "هرفي الرمال", "categories": "Fast Food Restaurant", "address": "الرياض, المملكة العربية السعودية", "price": "Cheap", "likes": 11.0, "photos": "14", "tips": "0", "rating": 8.6, "ratingSignals": 11.0, "NEIGHBORHANAME": "الرمال", "NEIGHBORHENAME": "AR-RIMAL", "lon": 46.786512199831598, "lat": 24.840387625975342, "rating_range": "High (8–10)" }, "geometry": { "type": "Point", "coordinates": [ 46.786512199831598, 24.840387625975342 ] } },
{ "type": "Feature", "properties": { "name": "Phone Day", "categories": "General Entertainment, Afghan Restaurant", "address": "الرياض 13256, المملكة العربية السعودية", "price": null, "likes": 1.0, "photos": "1", "tips": "0", "rating": null, "ratingSignals": null, "NEIGHBORHANAME": "الرمال", "NEIGHBORHENAME": "AR-RIMAL", "lon": 46.788855, "lat": 24.841384, "rating_range": null }, "geometry": { "type": "Point", "coordinates": [ 46.788855, 24.841384 ] } },
{ "type": "Feature", "properties": { "name": "dominos", "categories": "Pizza Place", "address": "الرياض 13254, المملكة العربية السعودية", "price": "Cheap", "likes": 0.0, "photos": "4", "tips": "0", "rating": 7.3, "ratingSignals": 0.0, "NEIGHBORHANAME": "الرمال", "NEIGHBORHENAME": "AR-RIMAL", "lon": 46.78708, "lat": 24.83996, "rating_range": "High (8–10)" }, "geometry": { "type": "Point", "coordinates": [ 46.78708, 24.83996 ] } },
{ "type": "Feature", "properties": { "name": "6clock coffee", "categories": "Coffee Shop", "address": "الرياض 13256, المملكة العربية السعودية", "price": "Cheap", "likes": 1.0, "photos": "10", "tips": "2", "rating": null, "ratingSignals": null, "NEIGHBORHANAME": "الرمال", "NEIGHBORHENAME": "AR-RIMAL", "lon": 46.789765, "lat": 24.841745, "rating_range": null }, "geometry": { "type": "Point", "coordinates": [ 46.789765, 24.841745 ] } },
{ "type": "Feature", "properties": { "name": "Shawarmezz (شاورمز)", "categories": "Sandwich Place", "address": "الرياض, المملكة العربية السعودية", "price": "Cheap", "likes": 6.0, "photos": "9", "tips": "3", "rating": 6.8, "ratingSignals": 9.0, "NEIGHBORHANAME": "الرمال", "NEIGHBORHENAME": "AR-RIMAL", "lon": 46.787356707920722, "lat": 24.840266736411124, "rating_range": "Medium (4–7)" }, "geometry": { "type": "Point", "coordinates": [ 46.787356707920722, 24.840266736411124 ] } },
{ "type": "Feature", "properties": { "name": "Najdi Restaurants (مطاعم نجدي)", "categories": "Restaurant", "address": "Ashaikh Jaber Alahmed Alsabah (Prince Saud Bin Mohammed Bin Muqrin), الرياض, المملكة العربية السعودية", "price": "Moderate", "likes": 5.0, "photos": "3", "tips": "2", "rating": null, "ratingSignals": null, "NEIGHBORHANAME": "الرمال", "NEIGHBORHENAME": "AR-RIMAL", "lon": 46.786571, "lat": 24.840222, "rating_range": null }, "geometry": { "type": "Point", "coordinates": [ 46.786571, 24.840222 ] } },
{ "type": "Feature", "properties": { "name": "هرفي", "categories": "Burger Joint, Fast Food Restaurant", "address": "الرياض, المملكة العربية السعودية", "price": "Cheap", "likes": 2.0, "photos": "0", "tips": "0", "rating": null, "ratingSignals": null, "NEIGHBORHANAME": "الرمال", "NEIGHBORHENAME": "AR-RIMAL", "lon": 46.786379, "lat": 24.840387, "rating_range": null }, "geometry": { "type": "Point", "coordinates": [ 46.786379, 24.840387 ] } },
{ "type": "Feature", "properties": { "name": "الفطيرة الدمشقية", "categories": "Halal Restaurant", "address": "الرياض 13256, المملكة العربية السعودية", "price": null, "likes": 0.0, "photos": "0", "tips": "0", "rating": null, "ratingSignals": null, "NEIGHBORHANAME": "الرمال", "NEIGHBORHENAME": "AR-RIMAL", "lon": 46.786643, "lat": 24.840136, "rating_range": null }, "geometry": { "type": "Point", "coordinates": [ 46.786643, 24.840136 ] } },
{ "type": "Feature", "properties": { "name": "زيت زيتون", "categories": "Fast Food Restaurant", "address": "المملكة العربية السعودية", "price": "Cheap", "likes": 0.0, "photos": "0", "tips": "0", "rating": null, "ratingSignals": null, "NEIGHBORHANAME": "الرمال", "NEIGHBORHENAME": "AR-RIMAL", "lon": 46.787494659423828, "lat": 24.841947555541992, "rating_range": null }, "geometry": { "type": "Point", "coordinates": [ 46.787494659423828, 24.841947555541992 ] } },
{ "type": "Feature", "properties": { "name": "6Clockcoffee", "categories": "Coffee Shop", "address": "الرياض 13256, المملكة العربية السعودية", "price": "Cheap", "likes": 0.0, "photos": "0", "tips": "0", "rating": null, "ratingSignals": null, "NEIGHBORHANAME": "الرمال", "NEIGHBORHENAME": "AR-RIMAL", "lon": 46.789207, "lat": 24.841326, "rating_range": null }, "geometry": { "type": "Point", "coordinates": [ 46.789207, 24.841326 ] } },
{ "type": "Feature", "properties": { "name": "Dunkin' Donuts", "categories": "Donut Shop", "address": "المملكة العربية السعودية", "price": "Cheap", "likes": 5.0, "photos": "19", "tips": "1", "rating": null, "ratingSignals": null, "NEIGHBORHANAME": "الرمال", "NEIGHBORHENAME": "AR-RIMAL", "lon": 46.800659029137584, "lat": 24.841945239420031, "rating_range": null }, "geometry": { "type": "Point", "coordinates": [ 46.800659029137584, 24.841945239420031 ] } },
{ "type": "Feature", "properties": { "name": "Gardenia", "categories": "Café, Residential Building (Apartment / Condo)", "address": "Ar Rimal, الرياض, المملكة العربية السعودية", "price": "Cheap", "likes": 8.0, "photos": "0", "tips": "0", "rating": 7.3, "ratingSignals": 9.0, "NEIGHBORHANAME": "الرمال", "NEIGHBORHENAME": "AR-RIMAL", "lon": 46.798016, "lat": 24.84135, "rating_range": "High (8–10)" }, "geometry": { "type": "Point", "coordinates": [ 46.798016, 24.84135 ] } },
{ "type": "Feature", "properties": { "name": "Yasmeen Al-Sham", "categories": "Middle Eastern Restaurant", "address": "المملكة العربية السعودية", "price": "Moderate", "likes": 1.0, "photos": "0", "tips": "0", "rating": null, "ratingSignals": null, "NEIGHBORHANAME": "الرمال", "NEIGHBORHENAME": "AR-RIMAL", "lon": 46.79804, "lat": 24.841043, "rating_range": null }, "geometry": { "type": "Point", "coordinates": [ 46.79804, 24.841043 ] } },
{ "type": "Feature", "properties": { "name": "لذائذ", "categories": "Middle Eastern Restaurant", "address": "الرياض, المملكة العربية السعودية", "price": "Moderate", "likes": 5.0, "photos": "1", "tips": "0", "rating": 6.2, "ratingSignals": 12.0, "NEIGHBORHANAME": "الرمال", "NEIGHBORHENAME": "AR-RIMAL", "lon": 46.806830215626256, "lat": 24.840498386984862, "rating_range": "Medium (4–7)" }, "geometry": { "type": "Point", "coordinates": [ 46.806830215626256, 24.840498386984862 ] } },
{ "type": "Feature", "properties": { "name": "ثومه Thoooma", "categories": "Fast Food Restaurant", "address": "الرياض 13254, المملكة العربية السعودية", "price": "Cheap", "likes": 23.0, "photos": "18", "tips": "5", "rating": 8.5, "ratingSignals": 28.0, "NEIGHBORHANAME": "الرمال", "NEIGHBORHENAME": "AR-RIMAL", "lon": 46.806800094063249, "lat": 24.840077907307961, "rating_range": "High (8–10)" }, "geometry": { "type": "Point", "coordinates": [ 46.806800094063249, 24.840077907307961 ] } },
{ "type": "Feature", "properties": { "name": "Sikk Alshawrmma (سيخ الشاورما)", "categories": "Fast Food Restaurant", "address": "Alremmal (Wadi alsahel), الرياض, المملكة العربية السعودية", "price": "Cheap", "likes": 13.0, "photos": "4", "tips": "0", "rating": 7.0, "ratingSignals": 20.0, "NEIGHBORHANAME": "الرمال", "NEIGHBORHENAME": "AR-RIMAL", "lon": 46.807334048515614, "lat": 24.839835466176204, "rating_range": "Medium (4–7)" }, "geometry": { "type": "Point", "coordinates": [ 46.807334048515614, 24.839835466176204 ] } },
{ "type": "Feature", "properties": { "name": "فوال الطائف", "categories": "Breakfast Spot", "address": "الرياض 13254, المملكة العربية السعودية", "price": "Cheap", "likes": 2.0, "photos": "4", "tips": "0", "rating": null, "ratingSignals": null, "NEIGHBORHANAME": "الرمال", "NEIGHBORHENAME": "AR-RIMAL", "lon": 46.80644, "lat": 24.840885, "rating_range": null }, "geometry": { "type": "Point", "coordinates": [ 46.80644, 24.840885 ] } },
{ "type": "Feature", "properties": { "name": "إكس شاورما", "categories": "Restaurant", "address": "الرياض 13254, المملكة العربية السعودية", "price": "Moderate", "likes": 0.0, "photos": "0", "tips": "0", "rating": null, "ratingSignals": null, "NEIGHBORHANAME": "الرمال", "NEIGHBORHENAME": "AR-RIMAL", "lon": 46.806723, "lat": 24.840072, "rating_range": null }, "geometry": { "type": "Point", "coordinates": [ 46.806723, 24.840072 ] } },
{ "type": "Feature", "properties": { "name": "Simon (سايمون)", "categories": "Fast Food Restaurant", "address": "الرياض 13254, المملكة العربية السعودية", "price": "Cheap", "likes": 1.0, "photos": "5", "tips": "0", "rating": null, "ratingSignals": null, "NEIGHBORHANAME": "الرمال", "NEIGHBORHENAME": "AR-RIMAL", "lon": 46.806393, "lat": 24.840054, "rating_range": null }, "geometry": { "type": "Point", "coordinates": [ 46.806393, 24.840054 ] } },
{ "type": "Feature", "properties": { "name": "اللقيمات الذهبية", "categories": "Donut Shop", "address": "الرياض, الرياض 13263, المملكة العربية السعودية", "price": "Cheap", "likes": 3.0, "photos": "4", "tips": "0", "rating": null, "ratingSignals": null, "NEIGHBORHANAME": "الرمال", "NEIGHBORHENAME": "AR-RIMAL", "lon": 46.807074, "lat": 24.840661, "rating_range": null }, "geometry": { "type": "Point", "coordinates": [ 46.807074, 24.840661 ] } },
{ "type": "Feature", "properties": { "name": "Aklaat Hajazia (أكلات حجازية)", "categories": "Diner, Food Service", "address": "الرمال (شارع وادي الساحل), الرياض 13254, المملكة العربية السعودية", "price": "Cheap", "likes": 1.0, "photos": "1", "tips": "0", "rating": null, "ratingSignals": null, "NEIGHBORHANAME": "الرمال", "NEIGHBORHENAME": "AR-RIMAL", "lon": 46.806872, "lat": 24.840189, "rating_range": null }, "geometry": { "type": "Point", "coordinates": [ 46.806872, 24.840189 ] } },
{ "type": "Feature", "properties": { "name": "ركن فخامة بسبوستي", "categories": "Restaurant", "address": "وادي الساحل, المملكة العربية السعودية", "price": "Moderate", "likes": 0.0, "photos": "0", "tips": "0", "rating": null, "ratingSignals": null, "NEIGHBORHANAME": "الرمال", "NEIGHBORHENAME": "AR-RIMAL", "lon": 46.806839848140953, "lat": 24.839615395057553, "rating_range": null }, "geometry": { "type": "Point", "coordinates": [ 46.806839848140953, 24.839615395057553 ] } },
{ "type": "Feature", "properties": { "name": "Tim Hortons", "categories": "Coffee Shop", "address": "الرياض 13264, المملكة العربية السعودية", "price": "Cheap", "likes": 15.0, "photos": "11", "tips": "3", "rating": 8.6, "ratingSignals": 19.0, "NEIGHBORHANAME": "الرمال", "NEIGHBORHENAME": "AR-RIMAL", "lon": 46.829018, "lat": 24.844506, "rating_range": "High (8–10)" }, "geometry": { "type": "Point", "coordinates": [ 46.829018, 24.844506 ] } },
{ "type": "Feature", "properties": { "name": "Abdulrhman", "categories": "Café, Plane", "address": "الرياض 13264, المملكة العربية السعودية", "price": "Cheap", "likes": 0.0, "photos": "0", "tips": "0", "rating": null, "ratingSignals": null, "NEIGHBORHANAME": "الرمال", "NEIGHBORHENAME": "AR-RIMAL", "lon": 46.834012, "lat": 24.839498, "rating_range": null }, "geometry": { "type": "Point", "coordinates": [ 46.834012, 24.839498 ] } },
{ "type": "Feature", "properties": { "name": "Le Relais De L’entrecôte (لوروليه دو لانتركوت)", "categories": "French Restaurant", "address": "الرياض 13413, المملكة العربية السعودية", "price": "Expensive", "likes": 8.0, "photos": "20", "tips": "0", "rating": 8.2, "ratingSignals": 8.0, "NEIGHBORHANAME": "سدرة", "NEIGHBORHENAME": "Sedra", "lon": 46.73391, "lat": 24.842797, "rating_range": "High (8–10)" }, "geometry": { "type": "Point", "coordinates": [ 46.73391, 24.842797 ] } },
{ "type": "Feature", "properties": { "name": "Lucca Steak House", "categories": "Steakhouse", "address": "الرياض 13413, المملكة العربية السعودية", "price": "Very Expensive", "likes": 9.0, "photos": "87", "tips": "11", "rating": 5.6, "ratingSignals": 34.0, "NEIGHBORHANAME": "سدرة", "NEIGHBORHENAME": "Sedra", "lon": 46.733621, "lat": 24.841535, "rating_range": "Medium (4–7)" }, "geometry": { "type": "Point", "coordinates": [ 46.733621, 24.841535 ] } },
{ "type": "Feature", "properties": { "name": "66 CUPS", "categories": "Coffee Shop", "address": "الرياض 13413, المملكة العربية السعودية", "price": "Cheap", "likes": 1.0, "photos": "11", "tips": "0", "rating": null, "ratingSignals": null, "NEIGHBORHANAME": "سدرة", "NEIGHBORHENAME": "Sedra", "lon": 46.734118, "lat": 24.843067, "rating_range": null }, "geometry": { "type": "Point", "coordinates": [ 46.734118, 24.843067 ] } },
{ "type": "Feature", "properties": { "name": "MuH The House of Pudd", "categories": "Coffee Shop", "address": "الرياض, المملكة العربية السعودية", "price": "Cheap", "likes": 3.0, "photos": "12", "tips": "1", "rating": null, "ratingSignals": null, "NEIGHBORHANAME": "سدرة", "NEIGHBORHENAME": "Sedra", "lon": 46.733522415161133, "lat": 24.84204788467261, "rating_range": null }, "geometry": { "type": "Point", "coordinates": [ 46.733522415161133, 24.84204788467261 ] } },
{ "type": "Feature", "properties": { "name": "Dunkin' Donuts", "categories": "Donut Shop", "address": "Sasco Petrol Pump (Airport Rd.), الرياض 13412, المملكة العربية السعودية", "price": "Cheap", "likes": 572.0, "photos": "1325", "tips": "52", "rating": 9.1, "ratingSignals": 662.0, "NEIGHBORHANAME": "سدرة", "NEIGHBORHENAME": "Sedra", "lon": 46.733618395680246, "lat": 24.846862317931077, "rating_range": "High (8–10)" }, "geometry": { "type": "Point", "coordinates": [ 46.733618395680246, 24.846862317931077 ] } },
{ "type": "Feature", "properties": { "name": "Sasco Plus (ساسكو بلس)", "categories": "Food Court", "address": "الرياض, المملكة العربية السعودية", "price": null, "likes": 91.0, "photos": "106", "tips": "6", "rating": 8.5, "ratingSignals": 112.0, "NEIGHBORHANAME": "سدرة", "NEIGHBORHENAME": "Sedra", "lon": 46.733870605503178, "lat": 24.84712554579972, "rating_range": "High (8–10)" }, "geometry": { "type": "Point", "coordinates": [ 46.733870605503178, 24.84712554579972 ] } },
{ "type": "Feature", "properties": { "name": "Wayne’s Coffee", "categories": "Coffee Shop", "address": "الرياض, المملكة العربية السعودية", "price": "Cheap", "likes": 112.0, "photos": "123", "tips": "10", "rating": 7.9, "ratingSignals": 144.0, "NEIGHBORHANAME": "سدرة", "NEIGHBORHENAME": "Sedra", "lon": 46.733584260230685, "lat": 24.847076106108645, "rating_range": "High (8–10)" }, "geometry": { "type": "Point", "coordinates": [ 46.733584260230685, 24.847076106108645 ] } },
{ "type": "Feature", "properties": { "name": "Burger King", "categories": "Fast Food Restaurant, Burger Joint", "address": "طريق المطار, الرياض, المملكة العربية السعودية", "price": "Cheap", "likes": 70.0, "photos": "84", "tips": "12", "rating": 7.5, "ratingSignals": 98.0, "NEIGHBORHANAME": "سدرة", "NEIGHBORHENAME": "Sedra", "lon": 46.733848073463925, "lat": 24.847498942679056, "rating_range": "High (8–10)" }, "geometry": { "type": "Point", "coordinates": [ 46.733848073463925, 24.847498942679056 ] } },
{ "type": "Feature", "properties": { "name": "Shawarma London (شاورما لندن)", "categories": "Shawarma Place", "address": "المملكة العربية السعودية", "price": null, "likes": 48.0, "photos": "114", "tips": "20", "rating": 6.2, "ratingSignals": 90.0, "NEIGHBORHANAME": "سدرة", "NEIGHBORHENAME": "Sedra", "lon": 46.734126397104596, "lat": 24.847204259746285, "rating_range": "Medium (4–7)" }, "geometry": { "type": "Point", "coordinates": [ 46.734126397104596, 24.847204259746285 ] } },
{ "type": "Feature", "properties": { "name": "Domino's Pizza", "categories": "Pizza Place", "address": "Sasco Petrol Station, Airport Branch Rd (Dammam - Riyadh Highway), الرياض 13884, المملكة العربية السعودية", "price": "Cheap", "likes": 9.0, "photos": "9", "tips": "0", "rating": 8.1, "ratingSignals": 14.0, "NEIGHBORHANAME": "سدرة", "NEIGHBORHENAME": "Sedra", "lon": 46.733753, "lat": 24.846648, "rating_range": "High (8–10)" }, "geometry": { "type": "Point", "coordinates": [ 46.733753, 24.846648 ] } },
{ "type": "Feature", "properties": { "name": "dr.CAFE COFFEE - SASCO (د.كيف - ساسكو)", "categories": "Coffee Shop", "address": "SASCO,  Airport Road, الرياض 13412, المملكة العربية السعودية", "price": "Cheap", "likes": 215.0, "photos": "240", "tips": "85", "rating": 8.6, "ratingSignals": 288.0, "NEIGHBORHANAME": "سدرة", "NEIGHBORHENAME": "Sedra", "lon": 46.73367758161956, "lat": 24.846915977981102, "rating_range": "High (8–10)" }, "geometry": { "type": "Point", "coordinates": [ 46.73367758161956, 24.846915977981102 ] } },
{ "type": "Feature", "properties": { "name": "Superano - SASCO 1", "categories": "Ice Cream Shop, Hot Dog Joint", "address": "Sasco The Balm, الرياض, المملكة العربية السعودية", "price": "Cheap", "likes": 73.0, "photos": "97", "tips": "6", "rating": 8.0, "ratingSignals": 94.0, "NEIGHBORHANAME": "سدرة", "NEIGHBORHENAME": "Sedra", "lon": 46.733749762095222, "lat": 24.846846443390231, "rating_range": "High (8–10)" }, "geometry": { "type": "Point", "coordinates": [ 46.733749762095222, 24.846846443390231 ] } },
{ "type": "Feature", "properties": { "name": "Kudu (كودو)", "categories": "Sandwich Place", "address": "كودو ساسكو, المملكة العربية السعودية", "price": "Cheap", "likes": 83.0, "photos": "47", "tips": "18", "rating": 7.9, "ratingSignals": 113.0, "NEIGHBORHANAME": "سدرة", "NEIGHBORHENAME": "Sedra", "lon": 46.733895694674999, "lat": 24.847324909133548, "rating_range": "High (8–10)" }, "geometry": { "type": "Point", "coordinates": [ 46.733895694674999, 24.847324909133548 ] } },
{ "type": "Feature", "properties": { "name": "Jan Burger (جان برجر)", "categories": "Burger Joint, American Restaurant", "address": "الرياض, المملكة العربية السعودية", "price": "Cheap", "likes": 82.0, "photos": "83", "tips": "16", "rating": 7.4, "ratingSignals": 112.0, "NEIGHBORHANAME": "سدرة", "NEIGHBORHENAME": "Sedra", "lon": 46.734098312979462, "lat": 24.847031733020593, "rating_range": "High (8–10)" }, "geometry": { "type": "Point", "coordinates": [ 46.734098312979462, 24.847031733020593 ] } },
{ "type": "Feature", "properties": { "name": "Barncafe", "categories": "Coffee Shop", "address": "الرياض 13413, المملكة العربية السعودية", "price": "Cheap", "likes": 2.0, "photos": "2", "tips": "1", "rating": null, "ratingSignals": null, "NEIGHBORHANAME": "سدرة", "NEIGHBORHENAME": "Sedra", "lon": 46.733809, "lat": 24.846833, "rating_range": null }, "geometry": { "type": "Point", "coordinates": [ 46.733809, 24.846833 ] } },
{ "type": "Feature", "properties": { "name": "Hamporsche (هامبورش)", "categories": "Burger Joint", "address": "Airport Road (Sasco Petrol Station), الرياض, المملكة العربية السعودية", "price": "Cheap", "likes": 27.0, "photos": "33", "tips": "17", "rating": 6.6, "ratingSignals": 43.0, "NEIGHBORHANAME": "سدرة", "NEIGHBORHENAME": "Sedra", "lon": 46.734056632478179, "lat": 24.846939578758068, "rating_range": "Medium (4–7)" }, "geometry": { "type": "Point", "coordinates": [ 46.734056632478179, 24.846939578758068 ] } },
{ "type": "Feature", "properties": { "name": "Charleys Philly Steaks", "categories": "Fast Food Restaurant", "address": "الرياض 13413, المملكة العربية السعودية", "price": "Moderate", "likes": 12.0, "photos": "22", "tips": "2", "rating": 7.9, "ratingSignals": 15.0, "NEIGHBORHANAME": "سدرة", "NEIGHBORHENAME": "Sedra", "lon": 46.734228, "lat": 24.847087, "rating_range": "High (8–10)" }, "geometry": { "type": "Point", "coordinates": [ 46.734228, 24.847087 ] } },
{ "type": "Feature", "properties": { "name": "Wazzup Dog", "categories": "Hot Dog Joint, Fast Food Restaurant", "address": "Sasco Gas Station In Front Of Kudu (King Salman Road), الرياض, المملكة العربية السعودية", "price": "Cheap", "likes": 54.0, "photos": "104", "tips": "9", "rating": 8.5, "ratingSignals": 70.0, "NEIGHBORHANAME": "سدرة", "NEIGHBORHENAME": "Sedra", "lon": 46.733982504925223, "lat": 24.847256822172369, "rating_range": "High (8–10)" }, "geometry": { "type": "Point", "coordinates": [ 46.733982504925223, 24.847256822172369 ] } },
{ "type": "Feature", "properties": { "name": "Alliwan (الليوان)", "categories": "Fried Chicken Joint", "address": "Airport Road (Sasco Gas Station), الرياض 13413, المملكة العربية السعودية", "price": "Cheap", "likes": 12.0, "photos": "13", "tips": "4", "rating": 7.4, "ratingSignals": 17.0, "NEIGHBORHANAME": "سدرة", "NEIGHBORHENAME": "Sedra", "lon": 46.734307, "lat": 24.847521, "rating_range": "High (8–10)" }, "geometry": { "type": "Point", "coordinates": [ 46.734307, 24.847521 ] } },
{ "type": "Feature", "properties": { "name": "Subway", "categories": "Sandwich Place", "address": "الرياض 13413, المملكة العربية السعودية", "price": "Cheap", "likes": 1.0, "photos": "9", "tips": "0", "rating": 7.8, "ratingSignals": 1.0, "NEIGHBORHANAME": "سدرة", "NEIGHBORHENAME": "Sedra", "lon": 46.733791, "lat": 24.847048, "rating_range": "High (8–10)" }, "geometry": { "type": "Point", "coordinates": [ 46.733791, 24.847048 ] } },
{ "type": "Feature", "properties": { "name": "Dunkin Donuts Drive-Thru", "categories": "Donut Shop", "address": "المملكة العربية السعودية", "price": "Cheap", "likes": 3.0, "photos": "6", "tips": "0", "rating": null, "ratingSignals": null, "NEIGHBORHANAME": "سدرة", "NEIGHBORHENAME": "Sedra", "lon": 46.733434575729639, "lat": 24.846860023915688, "rating_range": null }, "geometry": { "type": "Point", "coordinates": [ 46.733434575729639, 24.846860023915688 ] } },
{ "type": "Feature", "properties": { "name": "Kudo", "categories": "Fast Food Restaurant", "address": "Kudo - Airport, الرياض 13413, المملكة العربية السعودية", "price": "Cheap", "likes": 0.0, "photos": "1", "tips": "0", "rating": null, "ratingSignals": null, "NEIGHBORHANAME": "سدرة", "NEIGHBORHENAME": "Sedra", "lon": 46.734045, "lat": 24.847342, "rating_range": null }, "geometry": { "type": "Point", "coordinates": [ 46.734045, 24.847342 ] } },
{ "type": "Feature", "properties": { "name": "Shawarmer (شاورمر)", "categories": "Shawarma Place", "address": "Airport Road (Sasco Gas station), الرياض, المملكة العربية السعودية", "price": null, "likes": 13.0, "photos": "15", "tips": "1", "rating": 7.4, "ratingSignals": 16.0, "NEIGHBORHANAME": "سدرة", "NEIGHBORHENAME": "Sedra", "lon": 46.733996833465397, "lat": 24.847180808929124, "rating_range": "High (8–10)" }, "geometry": { "type": "Point", "coordinates": [ 46.733996833465397, 24.847180808929124 ] } },
{ "type": "Feature", "properties": { "name": "Baskin-Robbins", "categories": "Ice Cream Shop", "address": "ساسكو طريق المطار (Airport Rd. طريق المطار), الرياض, المملكة العربية السعودية", "price": "Cheap", "likes": 27.0, "photos": "74", "tips": "9", "rating": 6.5, "ratingSignals": 43.0, "NEIGHBORHANAME": "سدرة", "NEIGHBORHENAME": "Sedra", "lon": 46.734093276913043, "lat": 24.846911339490692, "rating_range": "Medium (4–7)" }, "geometry": { "type": "Point", "coordinates": [ 46.734093276913043, 24.846911339490692 ] } },
{ "type": "Feature", "properties": { "name": "Seattle's Best Coffee", "categories": "Coffee Shop", "address": "Airport Rd, المملكة العربية السعودية", "price": "Cheap", "likes": 4.0, "photos": "2", "tips": "0", "rating": null, "ratingSignals": null, "NEIGHBORHANAME": "سدرة", "NEIGHBORHENAME": "Sedra", "lon": 46.733416, "lat": 24.847074, "rating_range": null }, "geometry": { "type": "Point", "coordinates": [ 46.733416, 24.847074 ] } },
{ "type": "Feature", "properties": { "name": "dr.CAFE COFFEE DRIVE THROUGH", "categories": "Coffee Shop", "address": "المملكة العربية السعودية", "price": "Cheap", "likes": 16.0, "photos": "14", "tips": "32", "rating": 8.1, "ratingSignals": 21.0, "NEIGHBORHANAME": "سدرة", "NEIGHBORHENAME": "Sedra", "lon": 46.733728761789621, "lat": 24.847448507069583, "rating_range": "High (8–10)" }, "geometry": { "type": "Point", "coordinates": [ 46.733728761789621, 24.847448507069583 ] } },
{ "type": "Feature", "properties": { "name": "Rise", "categories": "Middle Eastern Restaurant", "address": "Qassim Road, الرياض, المملكة العربية السعودية", "price": "Moderate", "likes": 1.0, "photos": "1", "tips": "1", "rating": null, "ratingSignals": null, "NEIGHBORHANAME": "سدرة", "NEIGHBORHENAME": "Sedra", "lon": 46.75015157274872, "lat": 24.848966236167151, "rating_range": null }, "geometry": { "type": "Point", "coordinates": [ 46.75015157274872, 24.848966236167151 ] } },
{ "type": "Feature", "properties": { "name": "فوال الطايف", "categories": "Breakfast Spot", "address": "Thummamah (Thummamah), المملكة العربية السعودية", "price": "Cheap", "likes": 14.0, "photos": "6", "tips": "1", "rating": 7.7, "ratingSignals": 18.0, "NEIGHBORHANAME": "الرمال", "NEIGHBORHENAME": "AR-RIMAL", "lon": 46.78170794693596, "lat": 24.847935279288983, "rating_range": "High (8–10)" }, "geometry": { "type": "Point", "coordinates": [ 46.78170794693596, 24.847935279288983 ] } },
{ "type": "Feature", "properties": { "name": "فوال روان الطائف", "categories": "Breakfast Spot", "address": "الرياض, المملكة العربية السعودية", "price": "Cheap", "likes": 0.0, "photos": "2", "tips": "0", "rating": null, "ratingSignals": null, "NEIGHBORHANAME": "الرمال", "NEIGHBORHENAME": "AR-RIMAL", "lon": 46.781609, "lat": 24.847965, "rating_range": null }, "geometry": { "type": "Point", "coordinates": [ 46.781609, 24.847965 ] } },
{ "type": "Feature", "properties": { "name": "مطعم بهارات شواية", "categories": "Restaurant", "address": "الرياض 13254, المملكة العربية السعودية", "price": "Moderate", "likes": 1.0, "photos": "1", "tips": "0", "rating": null, "ratingSignals": null, "NEIGHBORHANAME": "الرمال", "NEIGHBORHENAME": "AR-RIMAL", "lon": 46.804456, "lat": 24.84466, "rating_range": null }, "geometry": { "type": "Point", "coordinates": [ 46.804456, 24.84466 ] } },
{ "type": "Feature", "properties": { "name": "تسالي", "categories": "Fast Food Restaurant", "address": "الرياض 13263, المملكة العربية السعودية", "price": "Cheap", "likes": 0.0, "photos": "1", "tips": "0", "rating": null, "ratingSignals": null, "NEIGHBORHANAME": "الرمال", "NEIGHBORHENAME": "AR-RIMAL", "lon": 46.814918, "lat": 24.849172, "rating_range": null }, "geometry": { "type": "Point", "coordinates": [ 46.814918, 24.849172 ] } },
{ "type": "Feature", "properties": { "name": "Dunkin' Donuts", "categories": "Donut Shop", "address": "الرياض 13263, المملكة العربية السعودية", "price": "Cheap", "likes": 40.0, "photos": "148", "tips": "11", "rating": 8.8, "ratingSignals": 46.0, "NEIGHBORHANAME": "الرمال", "NEIGHBORHENAME": "AR-RIMAL", "lon": 46.824108610867704, "lat": 24.849040153418752, "rating_range": "High (8–10)" }, "geometry": { "type": "Point", "coordinates": [ 46.824108610867704, 24.849040153418752 ] } },
{ "type": "Feature", "properties": { "name": "مطعم عيون البلد", "categories": "Doner Restaurant", "address": "الرمال (علي البجادي), الرياض 13263, المملكة العربية السعودية", "price": null, "likes": 1.0, "photos": "0", "tips": "0", "rating": null, "ratingSignals": null, "NEIGHBORHANAME": "الرمال", "NEIGHBORHENAME": "AR-RIMAL", "lon": 46.824946, "lat": 24.847216, "rating_range": null }, "geometry": { "type": "Point", "coordinates": [ 46.824946, 24.847216 ] } },
{ "type": "Feature", "properties": { "name": "Simon", "categories": "Fast Food Restaurant", "address": "الرياض, المملكة العربية السعودية", "price": "Cheap", "likes": 1.0, "photos": "3", "tips": "0", "rating": null, "ratingSignals": null, "NEIGHBORHANAME": "الرمال", "NEIGHBORHENAME": "AR-RIMAL", "lon": 46.826103, "lat": 24.846163, "rating_range": null }, "geometry": { "type": "Point", "coordinates": [ 46.826103, 24.846163 ] } },
{ "type": "Feature", "properties": { "name": "عصائر كاس ايناس", "categories": "Juice Bar", "address": "الرياض 13263, المملكة العربية السعودية", "price": "Cheap", "likes": 0.0, "photos": "0", "tips": "0", "rating": null, "ratingSignals": null, "NEIGHBORHANAME": "الرمال", "NEIGHBORHENAME": "AR-RIMAL", "lon": 46.82473, "lat": 24.847973, "rating_range": null }, "geometry": { "type": "Point", "coordinates": [ 46.82473, 24.847973 ] } },
{ "type": "Feature", "properties": { "name": "dunkin’ donuts", "categories": "Donut Shop", "address": "Ar Rimal (شارع علي البجادي), الرياض 13263, المملكة العربية السعودية", "price": "Cheap", "likes": 5.0, "photos": "17", "tips": "1", "rating": 8.3, "ratingSignals": 9.0, "NEIGHBORHANAME": "الرمال", "NEIGHBORHENAME": "AR-RIMAL", "lon": 46.823757, "lat": 24.849346, "rating_range": "High (8–10)" }, "geometry": { "type": "Point", "coordinates": [ 46.823757, 24.849346 ] } },
{ "type": "Feature", "properties": { "name": "برغر مشوي", "categories": "Restaurant", "address": "الرياض 13263, المملكة العربية السعودية", "price": "Moderate", "likes": 0.0, "photos": "0", "tips": "0", "rating": null, "ratingSignals": null, "NEIGHBORHANAME": "الرمال", "NEIGHBORHENAME": "AR-RIMAL", "lon": 46.82371, "lat": 24.849796, "rating_range": null }, "geometry": { "type": "Point", "coordinates": [ 46.82371, 24.849796 ] } },
{ "type": "Feature", "properties": { "name": "البسبوسة الذهبية - الرمال", "categories": "Restaurant", "address": "علي البجادي, المملكة العربية السعودية", "price": "Moderate", "likes": 0.0, "photos": "0", "tips": "0", "rating": null, "ratingSignals": null, "NEIGHBORHANAME": "الرمال", "NEIGHBORHENAME": "AR-RIMAL", "lon": 46.826245737101992, "lat": 24.845913830683322, "rating_range": null }, "geometry": { "type": "Point", "coordinates": [ 46.826245737101992, 24.845913830683322 ] } },
{ "type": "Feature", "properties": { "name": "مجلس الشيخ زياد ال فهيد", "categories": "Coffee Shop", "address": "الرياض 13264, المملكة العربية السعودية", "price": "Cheap", "likes": 0.0, "photos": "3", "tips": "0", "rating": null, "ratingSignals": null, "NEIGHBORHANAME": "الرمال", "NEIGHBORHENAME": "AR-RIMAL", "lon": 46.833879, "lat": 24.845428, "rating_range": null }, "geometry": { "type": "Point", "coordinates": [ 46.833879, 24.845428 ] } },
{ "type": "Feature", "properties": { "name": "Dr. Cafe", "categories": "Coffee Shop", "address": "King Khalid International Airport, Riyadh 13412, الرياض, المملكة العربية السعودية", "price": "Cheap", "likes": 2.0, "photos": "11", "tips": "0", "rating": 7.5, "ratingSignals": 2.0, "NEIGHBORHANAME": "سدرة", "NEIGHBORHENAME": "Sedra", "lon": 46.73359, "lat": 24.847523, "rating_range": "High (8–10)" }, "geometry": { "type": "Point", "coordinates": [ 46.73359, 24.847523 ] } },
{ "type": "Feature", "properties": { "name": "CINNABON", "categories": "Bakery, Coffee Shop", "address": "محطة ساسكو, الرياض, المملكة العربية السعودية", "price": "Cheap", "likes": 24.0, "photos": "20", "tips": "1", "rating": 7.8, "ratingSignals": 28.0, "NEIGHBORHANAME": "سدرة", "NEIGHBORHENAME": "Sedra", "lon": 46.733471006976139, "lat": 24.847122511041977, "rating_range": "High (8–10)" }, "geometry": { "type": "Point", "coordinates": [ 46.733471006976139, 24.847122511041977 ] } },
{ "type": "Feature", "properties": { "name": "Burger King - Sasco Airport", "categories": "Burger Joint", "address": "Sasco Petrol Station, Airport Branch Rd, Qurtubah, الرياض 13412, المملكة العربية السعودية", "price": "Cheap", "likes": 0.0, "photos": "0", "tips": "0", "rating": null, "ratingSignals": null, "NEIGHBORHANAME": "سدرة", "NEIGHBORHENAME": "Sedra", "lon": 46.733893, "lat": 24.847467, "rating_range": null }, "geometry": { "type": "Point", "coordinates": [ 46.733893, 24.847467 ] } },
{ "type": "Feature", "properties": { "name": "Shyar Kabsa (كبسة شيار)", "categories": "Middle Eastern Restaurant", "address": "Sasco The Palm, الرياض, المملكة العربية السعودية", "price": "Moderate", "likes": 6.0, "photos": "0", "tips": "0", "rating": null, "ratingSignals": null, "NEIGHBORHANAME": "سدرة", "NEIGHBORHENAME": "Sedra", "lon": 46.734002175905971, "lat": 24.84738316757895, "rating_range": null }, "geometry": { "type": "Point", "coordinates": [ 46.734002175905971, 24.84738316757895 ] } },
{ "type": "Feature", "properties": { "name": "COYARD Coffee Roasters X Saudi Design Week (SDW)", "categories": "Coffee Shop", "address": "الرياض 13413, المملكة العربية السعودية", "price": "Cheap", "likes": 1.0, "photos": "4", "tips": "0", "rating": null, "ratingSignals": null, "NEIGHBORHANAME": "سدرة", "NEIGHBORHENAME": "Sedra", "lon": 46.732219, "lat": 24.844251, "rating_range": null }, "geometry": { "type": "Point", "coordinates": [ 46.732219, 24.844251 ] } },
{ "type": "Feature", "properties": { "name": "Abu Jbara (أبو جبارة)", "categories": "Middle Eastern Restaurant, Falafel Restaurant", "address": "محطة ساسكو النخلة (ساسكو المطار), الرياض, المملكة العربية السعودية", "price": "Moderate", "likes": 16.0, "photos": "36", "tips": "2", "rating": 6.3, "ratingSignals": 31.0, "NEIGHBORHANAME": "سدرة", "NEIGHBORHENAME": "Sedra", "lon": 46.733876936072569, "lat": 24.847189609620287, "rating_range": "Medium (4–7)" }, "geometry": { "type": "Point", "coordinates": [ 46.733876936072569, 24.847189609620287 ] } },
{ "type": "Feature", "properties": { "name": "واجهالرياض", "categories": "Coffee Shop", "address": "الرياض 13413, المملكة العربية السعودية", "price": "Cheap", "likes": 3.0, "photos": "7", "tips": "0", "rating": null, "ratingSignals": null, "NEIGHBORHANAME": "سدرة", "NEIGHBORHENAME": "Sedra", "lon": 46.735854, "lat": 24.851409, "rating_range": null }, "geometry": { "type": "Point", "coordinates": [ 46.735854, 24.851409 ] } },
{ "type": "Feature", "properties": { "name": "Caribou Coffee", "categories": "Coffee Shop", "address": "الرياض, المملكة العربية السعودية", "price": "Cheap", "likes": 3.0, "photos": "10", "tips": "1", "rating": 8.0, "ratingSignals": 6.0, "NEIGHBORHANAME": "سدرة", "NEIGHBORHENAME": "Sedra", "lon": 46.735588, "lat": 24.85011, "rating_range": "High (8–10)" }, "geometry": { "type": "Point", "coordinates": [ 46.735588, 24.85011 ] } },
{ "type": "Feature", "properties": { "name": "عالخفيف Alkhafeef", "categories": "Pie Shop, Bakery", "address": "المملكة العربية السعودية", "price": null, "likes": 7.0, "photos": "16", "tips": "5", "rating": 6.5, "ratingSignals": 13.0, "NEIGHBORHANAME": "سدرة", "NEIGHBORHENAME": "Sedra", "lon": 46.734170569177344, "lat": 24.847274766856437, "rating_range": "Medium (4–7)" }, "geometry": { "type": "Point", "coordinates": [ 46.734170569177344, 24.847274766856437 ] } },
{ "type": "Feature", "properties": { "name": "Quiznos Sub (كويزنوز صب)", "categories": "Sandwich Place", "address": "Airport Rd., الرياض, المملكة العربية السعودية", "price": "Cheap", "likes": 10.0, "photos": "13", "tips": "8", "rating": 5.5, "ratingSignals": 25.0, "NEIGHBORHANAME": "سدرة", "NEIGHBORHENAME": "Sedra", "lon": 46.734040691036064, "lat": 24.847054498443047, "rating_range": "Medium (4–7)" }, "geometry": { "type": "Point", "coordinates": [ 46.734040691036064, 24.847054498443047 ] } },
{ "type": "Feature", "properties": { "name": "Shawarmer (شاورمر)", "categories": "Shawarma Place", "address": "Airport Rd. طريق المطار (Princess Nourah bint Abdulrahman University), الرياض, المملكة العربية السعودية", "price": null, "likes": 35.0, "photos": "38", "tips": "10", "rating": 6.9, "ratingSignals": 50.0, "NEIGHBORHANAME": "سدرة", "NEIGHBORHENAME": "Sedra", "lon": 46.734136146044122, "lat": 24.847239384644119, "rating_range": "Medium (4–7)" }, "geometry": { "type": "Point", "coordinates": [ 46.734136146044122, 24.847239384644119 ] } },
{ "type": "Feature", "properties": { "name": "تريستي", "categories": "Coffee Shop", "address": "الرياض 13413, المملكة العربية السعودية", "price": "Cheap", "likes": 0.0, "photos": "0", "tips": "0", "rating": null, "ratingSignals": null, "NEIGHBORHANAME": "سدرة", "NEIGHBORHENAME": "Sedra", "lon": 46.735988, "lat": 24.852183, "rating_range": null }, "geometry": { "type": "Point", "coordinates": [ 46.735988, 24.852183 ] } },
{ "type": "Feature", "properties": { "name": "TRIESTE", "categories": "Coffee Shop", "address": "Riyadh Business Front, الرياض 13413, المملكة العربية السعودية", "price": "Cheap", "likes": 1.0, "photos": "6", "tips": "0", "rating": null, "ratingSignals": null, "NEIGHBORHANAME": "سدرة", "NEIGHBORHENAME": "Sedra", "lon": 46.735823, "lat": 24.852155, "rating_range": null }, "geometry": { "type": "Point", "coordinates": [ 46.735823, 24.852155 ] } },
{ "type": "Feature", "properties": { "name": "Domino's Pizza", "categories": "Pizza Place", "address": "ساسكو النخلة (Airport Road), الرياض, المملكة العربية السعودية", "price": "Cheap", "likes": 35.0, "photos": "39", "tips": "5", "rating": 7.9, "ratingSignals": 43.0, "NEIGHBORHANAME": "سدرة", "NEIGHBORHENAME": "Sedra", "lon": 46.73426323800286, "lat": 24.847489753324421, "rating_range": "High (8–10)" }, "geometry": { "type": "Point", "coordinates": [ 46.73426323800286, 24.847489753324421 ] } },
{ "type": "Feature", "properties": { "name": "Taji (تاجي)", "categories": "Restaurant", "address": "Sasco Gas Station, الرياض, المملكة العربية السعودية", "price": "Moderate", "likes": 3.0, "photos": "1", "tips": "2", "rating": null, "ratingSignals": null, "NEIGHBORHANAME": "سدرة", "NEIGHBORHENAME": "Sedra", "lon": 46.734276, "lat": 24.847324, "rating_range": null }, "geometry": { "type": "Point", "coordinates": [ 46.734276, 24.847324 ] } },
{ "type": "Feature", "properties": { "name": "Wazzupdog SASCO airport", "categories": "Fast Food Restaurant", "address": "الرياض 13413, المملكة العربية السعودية", "price": "Moderate", "likes": 1.0, "photos": "4", "tips": "0", "rating": null, "ratingSignals": null, "NEIGHBORHANAME": "سدرة", "NEIGHBORHENAME": "Sedra", "lon": 46.734737, "lat": 24.845714, "rating_range": null }, "geometry": { "type": "Point", "coordinates": [ 46.734737, 24.845714 ] } },
{ "type": "Feature", "properties": { "name": "عالخفيف", "categories": "Bakery", "address": "المملكة العربية السعودية", "price": "Cheap", "likes": 14.0, "photos": "13", "tips": "4", "rating": 6.2, "ratingSignals": 21.0, "NEIGHBORHANAME": "سدرة", "NEIGHBORHENAME": "Sedra", "lon": 46.734188995189676, "lat": 24.847289042408448, "rating_range": "Medium (4–7)" }, "geometry": { "type": "Point", "coordinates": [ 46.734188995189676, 24.847289042408448 ] } },
{ "type": "Feature", "properties": { "name": "ALFA’s POP-UP", "categories": "Coffee Shop", "address": "الرياض 13413, المملكة العربية السعودية", "price": "Cheap", "likes": 1.0, "photos": "6", "tips": "1", "rating": null, "ratingSignals": null, "NEIGHBORHANAME": "سدرة", "NEIGHBORHENAME": "Sedra", "lon": 46.734178, "lat": 24.843203, "rating_range": null }, "geometry": { "type": "Point", "coordinates": [ 46.734178, 24.843203 ] } },
{ "type": "Feature", "properties": { "name": "COYARD Coffee Roasters X Saudi Design Week (SDW)", "categories": "Coffee Shop", "address": "الرياض 13413, المملكة العربية السعودية", "price": "Cheap", "likes": 2.0, "photos": "5", "tips": "1", "rating": null, "ratingSignals": null, "NEIGHBORHANAME": "سدرة", "NEIGHBORHENAME": "Sedra", "lon": 46.733745, "lat": 24.844058, "rating_range": null }, "geometry": { "type": "Point", "coordinates": [ 46.733745, 24.844058 ] } },
{ "type": "Feature", "properties": { "name": "ALFA’s CAFE", "categories": "Coffee Shop", "address": "الرياض 13413, المملكة العربية السعودية", "price": "Cheap", "likes": 3.0, "photos": "3", "tips": "0", "rating": null, "ratingSignals": null, "NEIGHBORHANAME": "سدرة", "NEIGHBORHENAME": "Sedra", "lon": 46.733988, "lat": 24.843087, "rating_range": null }, "geometry": { "type": "Point", "coordinates": [ 46.733988, 24.843087 ] } },
{ "type": "Feature", "properties": { "name": "Joffrey's (جوفريز)", "categories": "Coffee Shop", "address": "Airport Rd, الرياض, المملكة العربية السعودية", "price": "Cheap", "likes": 44.0, "photos": "41", "tips": "11", "rating": 6.0, "ratingSignals": 71.0, "NEIGHBORHANAME": "سدرة", "NEIGHBORHENAME": "Sedra", "lon": 46.734028949357928, "lat": 24.846886589412325, "rating_range": "Medium (4–7)" }, "geometry": { "type": "Point", "coordinates": [ 46.734028949357928, 24.846886589412325 ] } },
{ "type": "Feature", "properties": { "name": "n", "categories": "Coffee Shop", "address": "الرياض 13413, المملكة العربية السعودية", "price": "Cheap", "likes": 0.0, "photos": "0", "tips": "0", "rating": null, "ratingSignals": null, "NEIGHBORHANAME": "سدرة", "NEIGHBORHENAME": "Sedra", "lon": 46.736015, "lat": 24.845279, "rating_range": null }, "geometry": { "type": "Point", "coordinates": [ 46.736015, 24.845279 ] } },
{ "type": "Feature", "properties": { "name": "4Twins Coffee & Sweets", "categories": "Food Truck", "address": "الرياض 13521, المملكة العربية السعودية", "price": "Cheap", "likes": 8.0, "photos": "5", "tips": "0", "rating": 5.9, "ratingSignals": 14.0, "NEIGHBORHANAME": "سدرة", "NEIGHBORHENAME": "Sedra", "lon": 46.735890725772101, "lat": 24.853014722019555, "rating_range": "Medium (4–7)" }, "geometry": { "type": "Point", "coordinates": [ 46.735890725772101, 24.853014722019555 ] } },
{ "type": "Feature", "properties": { "name": "Quick Bite (WEEKEND)", "categories": "Food Truck", "address": "AlThumamah, الرياض 13256, المملكة العربية السعودية", "price": "Cheap", "likes": 3.0, "photos": "4", "tips": "1", "rating": null, "ratingSignals": null, "NEIGHBORHANAME": "الرمال", "NEIGHBORHENAME": "AR-RIMAL", "lon": 46.787404711207095, "lat": 24.849836284153451, "rating_range": null }, "geometry": { "type": "Point", "coordinates": [ 46.787404711207095, 24.849836284153451 ] } },
{ "type": "Feature", "properties": { "name": "شاليهات الملتقى VIP", "categories": "BBQ Joint", "address": "المملكة العربية السعودية", "price": "Moderate", "likes": 1.0, "photos": "2", "tips": "0", "rating": null, "ratingSignals": null, "NEIGHBORHANAME": "الرمال", "NEIGHBORHENAME": "AR-RIMAL", "lon": 46.802837371826172, "lat": 24.852664947509762, "rating_range": null }, "geometry": { "type": "Point", "coordinates": [ 46.802837371826172, 24.852664947509762 ] } },
{ "type": "Feature", "properties": { "name": "Altmimi Angel’s", "categories": "Hookah Bar, Botanical Garden, Caribbean Restaurant", "address": "Altmimi Angel’s (Altmimi Angel’s), الرياض 13266, المملكة العربية السعودية", "price": "Cheap", "likes": 0.0, "photos": "0", "tips": "0", "rating": null, "ratingSignals": null, "NEIGHBORHANAME": "الرمال", "NEIGHBORHENAME": "AR-RIMAL", "lon": 46.807677, "lat": 24.851127, "rating_range": null }, "geometry": { "type": "Point", "coordinates": [ 46.807677, 24.851127 ] } },
{ "type": "Feature", "properties": { "name": "فوال الطائف", "categories": "Breakfast Spot", "address": "الرياض 13263, المملكة العربية السعودية", "price": "Cheap", "likes": 1.0, "photos": "3", "tips": "0", "rating": null, "ratingSignals": null, "NEIGHBORHANAME": "الرمال", "NEIGHBORHENAME": "AR-RIMAL", "lon": 46.817673, "lat": 24.850396, "rating_range": null }, "geometry": { "type": "Point", "coordinates": [ 46.817673, 24.850396 ] } },
{ "type": "Feature", "properties": { "name": "شاهي صلنج(ابو١٠٠)", "categories": "Coffee Shop", "address": "الرياض 13263, المملكة العربية السعودية", "price": "Cheap", "likes": 2.0, "photos": "4", "tips": "1", "rating": null, "ratingSignals": null, "NEIGHBORHANAME": "الرمال", "NEIGHBORHENAME": "AR-RIMAL", "lon": 46.822338, "lat": 24.853011, "rating_range": null }, "geometry": { "type": "Point", "coordinates": [ 46.822338, 24.853011 ] } },
{ "type": "Feature", "properties": { "name": "شواية ركن بيك البخاري", "categories": "Restaurant", "address": "مطعم شواية ركن بيك البخاري, الرياض 13263, المملكة العربية السعودية", "price": "Moderate", "likes": 2.0, "photos": "0", "tips": "0", "rating": null, "ratingSignals": null, "NEIGHBORHANAME": "الرمال", "NEIGHBORHENAME": "AR-RIMAL", "lon": 46.819149, "lat": 24.850989, "rating_range": null }, "geometry": { "type": "Point", "coordinates": [ 46.819149, 24.850989 ] } },
{ "type": "Feature", "properties": { "name": "café de flore", "categories": "Coffee Shop", "address": "الرياض, المملكة العربية السعودية", "price": "Cheap", "likes": 4.0, "photos": "18", "tips": "3", "rating": null, "ratingSignals": null, "NEIGHBORHANAME": "الرمال", "NEIGHBORHENAME": "AR-RIMAL", "lon": 46.83570240279392, "lat": 24.85479462297916, "rating_range": null }, "geometry": { "type": "Point", "coordinates": [ 46.83570240279392, 24.85479462297916 ] } },
{ "type": "Feature", "properties": { "name": "Grilled Out", "categories": "Food Truck", "address": "الرياض, المملكة العربية السعودية", "price": "Cheap", "likes": 0.0, "photos": "0", "tips": "0", "rating": null, "ratingSignals": null, "NEIGHBORHANAME": "الرمال", "NEIGHBORHENAME": "AR-RIMAL", "lon": 46.841015421930216, "lat": 24.8523430153645, "rating_range": null }, "geometry": { "type": "Point", "coordinates": [ 46.841015421930216, 24.8523430153645 ] } },
{ "type": "Feature", "properties": { "name": "بليلة ولد الديره", "categories": "Food Truck", "address": "الرياض 13512, المملكة العربية السعودية", "price": "Cheap", "likes": 2.0, "photos": "1", "tips": "0", "rating": null, "ratingSignals": null, "NEIGHBORHANAME": "الرمال", "NEIGHBORHENAME": "AR-RIMAL", "lon": 46.850867041701285, "lat": 24.851147980197414, "rating_range": null }, "geometry": { "type": "Point", "coordinates": [ 46.850867041701285, 24.851147980197414 ] } },
{ "type": "Feature", "properties": { "name": "هرفي Herfy", "categories": "Fast Food Restaurant", "address": "الرياض, المملكة العربية السعودية", "price": "Cheap", "likes": 25.0, "photos": "10", "tips": "6", "rating": 6.7, "ratingSignals": 41.0, "NEIGHBORHANAME": "الرمال", "NEIGHBORHENAME": "AR-RIMAL", "lon": 46.778377985455464, "lat": 24.855403302945337, "rating_range": "Medium (4–7)" }, "geometry": { "type": "Point", "coordinates": [ 46.778377985455464, 24.855403302945337 ] } },
{ "type": "Feature", "properties": { "name": "Herfy", "categories": "Burger Joint", "address": "المملكة العربية السعودية", "price": "Cheap", "likes": 0.0, "photos": "1", "tips": "1", "rating": null, "ratingSignals": null, "NEIGHBORHANAME": "الرمال", "NEIGHBORHENAME": "AR-RIMAL", "lon": 46.778212879600162, "lat": 24.85550020549659, "rating_range": null }, "geometry": { "type": "Point", "coordinates": [ 46.778212879600162, 24.85550020549659 ] } },
{ "type": "Feature", "properties": { "name": "نقنق عالماشي", "categories": "Food Truck", "address": "طريق الثمامة, الرياض, المملكة العربية السعودية", "price": "Cheap", "likes": 0.0, "photos": "4", "tips": "1", "rating": null, "ratingSignals": null, "NEIGHBORHANAME": "الرمال", "NEIGHBORHENAME": "AR-RIMAL", "lon": 46.779101271185283, "lat": 24.855758072460169, "rating_range": null }, "geometry": { "type": "Point", "coordinates": [ 46.779101271185283, 24.855758072460169 ] } },
{ "type": "Feature", "properties": { "name": "Saddam's Tea (شاهي صدّام)", "categories": "Tea Room, Food Stand", "address": "الرياض, المملكة العربية السعودية", "price": "Moderate", "likes": 73.0, "photos": "426", "tips": "9", "rating": 8.6, "ratingSignals": 88.0, "NEIGHBORHANAME": "الرمال", "NEIGHBORHENAME": "AR-RIMAL", "lon": 46.77958698000058, "lat": 24.85633394909113, "rating_range": "High (8–10)" }, "geometry": { "type": "Point", "coordinates": [ 46.77958698000058, 24.85633394909113 ] } },
{ "type": "Feature", "properties": { "name": "شاهي صدام", "categories": "Coffee Shop", "address": "Thumama Road, الرياض 13256, المملكة العربية السعودية", "price": "Cheap", "likes": 1.0, "photos": "6", "tips": "1", "rating": null, "ratingSignals": null, "NEIGHBORHANAME": "الرمال", "NEIGHBORHENAME": "AR-RIMAL", "lon": 46.779402, "lat": 24.8563, "rating_range": null }, "geometry": { "type": "Point", "coordinates": [ 46.779402, 24.8563 ] } },
{ "type": "Feature", "properties": { "name": "شاي صدام على الجمر", "categories": "Tea Room", "address": "المملكة العربية السعودية", "price": "Moderate", "likes": 10.0, "photos": "41", "tips": "0", "rating": 8.2, "ratingSignals": 10.0, "NEIGHBORHANAME": "الرمال", "NEIGHBORHENAME": "AR-RIMAL", "lon": 46.782056906523884, "lat": 24.857720012228516, "rating_range": "High (8–10)" }, "geometry": { "type": "Point", "coordinates": [ 46.782056906523884, 24.857720012228516 ] } },
{ "type": "Feature", "properties": { "name": "( دوارالاكلات الشعبية وشاي الجمر )", "categories": "Food Stand", "address": "الثمامة ، الدوار الثاني, المملكة العربية السعودية", "price": null, "likes": 2.0, "photos": "11", "tips": "0", "rating": null, "ratingSignals": null, "NEIGHBORHANAME": "الرمال", "NEIGHBORHENAME": "AR-RIMAL", "lon": 46.779794, "lat": 24.85643, "rating_range": null }, "geometry": { "type": "Point", "coordinates": [ 46.779794, 24.85643 ] } },
{ "type": "Feature", "properties": { "name": "مطعم بيت البخاري", "categories": "Middle Eastern Restaurant", "address": "الثمامة, الرياض, المملكة العربية السعودية", "price": "Moderate", "likes": 0.0, "photos": "0", "tips": "0", "rating": null, "ratingSignals": null, "NEIGHBORHANAME": "الرمال", "NEIGHBORHENAME": "AR-RIMAL", "lon": 46.779687240186462, "lat": 24.856423312254464, "rating_range": null }, "geometry": { "type": "Point", "coordinates": [ 46.779687240186462, 24.856423312254464 ] } },
{ "type": "Feature", "properties": { "name": "شاي حبق على الجمر ماله مثيل", "categories": "Coffee Shop", "address": "المملكة العربية السعودية", "price": "Cheap", "likes": 8.0, "photos": "5", "tips": "0", "rating": 7.0, "ratingSignals": 10.0, "NEIGHBORHANAME": "الرمال", "NEIGHBORHENAME": "AR-RIMAL", "lon": 46.779378, "lat": 24.856299, "rating_range": "Medium (4–7)" }, "geometry": { "type": "Point", "coordinates": [ 46.779378, 24.856299 ] } },
{ "type": "Feature", "properties": { "name": "اللقيماتي", "categories": "Cupcake Shop", "address": "الرياض, المملكة العربية السعودية", "price": "Moderate", "likes": 0.0, "photos": "1", "tips": "0", "rating": null, "ratingSignals": null, "NEIGHBORHANAME": "الرمال", "NEIGHBORHENAME": "AR-RIMAL", "lon": 46.780687, "lat": 24.856849, "rating_range": null }, "geometry": { "type": "Point", "coordinates": [ 46.780687, 24.856849 ] } },
{ "type": "Feature", "properties": { "name": "طبخة الكيف (ابو شنب)", "categories": "Food Truck", "address": "الرياض 13256, المملكة العربية السعودية", "price": "Cheap", "likes": 0.0, "photos": "0", "tips": "0", "rating": null, "ratingSignals": null, "NEIGHBORHANAME": "الرمال", "NEIGHBORHENAME": "AR-RIMAL", "lon": 46.784963, "lat": 24.858786, "rating_range": null }, "geometry": { "type": "Point", "coordinates": [ 46.784963, 24.858786 ] } },
{ "type": "Feature", "properties": { "name": "Hardee's", "categories": "Burger Joint", "address": "المملكة العربية السعودية", "price": "Cheap", "likes": 0.0, "photos": "0", "tips": "0", "rating": null, "ratingSignals": null, "NEIGHBORHANAME": "الرمال", "NEIGHBORHENAME": "AR-RIMAL", "lon": 46.8230509, "lat": 24.8570389, "rating_range": null }, "geometry": { "type": "Point", "coordinates": [ 46.8230509, 24.8570389 ] } },
{ "type": "Feature", "properties": { "name": "سيارة ايسكريم", "categories": "Ice Cream Shop", "address": "المملكة العربية السعودية", "price": "Cheap", "likes": 0.0, "photos": "4", "tips": "0", "rating": null, "ratingSignals": null, "NEIGHBORHANAME": "سدرة", "NEIGHBORHENAME": "Sedra", "lon": 46.763830682265855, "lat": 24.862329688528607, "rating_range": null }, "geometry": { "type": "Point", "coordinates": [ 46.763830682265855, 24.862329688528607 ] } },
{ "type": "Feature", "properties": { "name": "بليلة زمان | طريق الثمامه", "categories": "Food Truck", "address": "المملكة العربية السعودية", "price": "Cheap", "likes": 2.0, "photos": "4", "tips": "0", "rating": null, "ratingSignals": null, "NEIGHBORHANAME": "الرمال", "NEIGHBORHENAME": "AR-RIMAL", "lon": 46.787428342759924, "lat": 24.861509444424708, "rating_range": null }, "geometry": { "type": "Point", "coordinates": [ 46.787428342759924, 24.861509444424708 ] } },
{ "type": "Feature", "properties": { "name": "سيارة ايس كريم", "categories": "Ice Cream Shop", "address": "الرياض, المملكة العربية السعودية", "price": "Cheap", "likes": 0.0, "photos": "3", "tips": "0", "rating": null, "ratingSignals": null, "NEIGHBORHANAME": "الرمال", "NEIGHBORHENAME": "AR-RIMAL", "lon": 46.792731, "lat": 24.863395, "rating_range": null }, "geometry": { "type": "Point", "coordinates": [ 46.792731, 24.863395 ] } },
{ "type": "Feature", "properties": { "name": "Almusafir Hookah Place (مقهى المسافر)", "categories": "Hookah Bar, Café", "address": "Al Thumama Rd, الرياض, المملكة العربية السعودية", "price": "Cheap", "likes": 176.0, "photos": "392", "tips": "24", "rating": 6.9, "ratingSignals": 281.0, "NEIGHBORHANAME": "الرمال", "NEIGHBORHENAME": "AR-RIMAL", "lon": 46.796693657299386, "lat": 24.86439653855664, "rating_range": "Medium (4–7)" }, "geometry": { "type": "Point", "coordinates": [ 46.796693657299386, 24.86439653855664 ] } },
{ "type": "Feature", "properties": { "name": "شاهي المركاز", "categories": "Coffee Shop", "address": "الرياض 13266, المملكة العربية السعودية", "price": "Cheap", "likes": 2.0, "photos": "18", "tips": "0", "rating": null, "ratingSignals": null, "NEIGHBORHANAME": "الرمال", "NEIGHBORHENAME": "AR-RIMAL", "lon": 46.795635, "lat": 24.864328, "rating_range": null }, "geometry": { "type": "Point", "coordinates": [ 46.795635, 24.864328 ] } },
{ "type": "Feature", "properties": { "name": "شاي صدام", "categories": "Coffee Shop", "address": "المملكة العربية السعودية", "price": "Cheap", "likes": 3.0, "photos": "6", "tips": "0", "rating": null, "ratingSignals": null, "NEIGHBORHANAME": "الرمال", "NEIGHBORHENAME": "AR-RIMAL", "lon": 46.795699, "lat": 24.864739, "rating_range": null }, "geometry": { "type": "Point", "coordinates": [ 46.795699, 24.864739 ] } },
{ "type": "Feature", "properties": { "name": "UBurger", "categories": "Burger Joint", "address": "الرياض 13266, المملكة العربية السعودية", "price": "Cheap", "likes": 0.0, "photos": "3", "tips": "0", "rating": null, "ratingSignals": null, "NEIGHBORHANAME": "الرمال", "NEIGHBORHENAME": "AR-RIMAL", "lon": 46.795249, "lat": 24.864281, "rating_range": null }, "geometry": { "type": "Point", "coordinates": [ 46.795249, 24.864281 ] } },
{ "type": "Feature", "properties": { "name": "بيت البليلة", "categories": "Food Truck", "address": "الرياض 13266, المملكة العربية السعودية", "price": "Cheap", "likes": 0.0, "photos": "1", "tips": "0", "rating": null, "ratingSignals": null, "NEIGHBORHANAME": "الرمال", "NEIGHBORHENAME": "AR-RIMAL", "lon": 46.796475316951991, "lat": 24.864015209691164, "rating_range": null }, "geometry": { "type": "Point", "coordinates": [ 46.796475316951991, 24.864015209691164 ] } },
{ "type": "Feature", "properties": { "name": "استراحة \" الدنيا الحلوة \"", "categories": "General Entertainment, French Restaurant", "address": "الرياض, المملكة العربية السعودية", "price": null, "likes": 4.0, "photos": "10", "tips": "0", "rating": null, "ratingSignals": null, "NEIGHBORHANAME": "الرمال", "NEIGHBORHENAME": "AR-RIMAL", "lon": 46.803840774191727, "lat": 24.861441972184874, "rating_range": null }, "geometry": { "type": "Point", "coordinates": [ 46.803840774191727, 24.861441972184874 ] } },
{ "type": "Feature", "properties": { "name": "Majlisna - Mazra3Ah", "categories": "Coffee Shop", "address": "الرياض 13266, المملكة العربية السعودية", "price": "Cheap", "likes": 1.0, "photos": "1", "tips": "1", "rating": null, "ratingSignals": null, "NEIGHBORHANAME": "الرمال", "NEIGHBORHENAME": "AR-RIMAL", "lon": 46.806192, "lat": 24.862098, "rating_range": null }, "geometry": { "type": "Point", "coordinates": [ 46.806192, 24.862098 ] } },
{ "type": "Feature", "properties": { "name": "Bashayer Aldanah (بشاير الدانة)", "categories": "Coffee Shop", "address": "Al Rimal 13267, المملكة العربية السعودية", "price": "Cheap", "likes": 0.0, "photos": "2", "tips": "0", "rating": null, "ratingSignals": null, "NEIGHBORHANAME": "الرمال", "NEIGHBORHENAME": "AR-RIMAL", "lon": 46.824066, "lat": 24.862903, "rating_range": null }, "geometry": { "type": "Point", "coordinates": [ 46.824066, 24.862903 ] } },
{ "type": "Feature", "properties": { "name": "Riyadh Samar Chalets", "categories": "Vacation Rental, Caribbean Restaurant", "address": "شاليهات سمّار الرياض (حي الرمال), الرياض 13267, المملكة العربية السعودية", "price": null, "likes": 10.0, "photos": "45", "tips": "3", "rating": 8.4, "ratingSignals": 10.0, "NEIGHBORHANAME": "الرمال", "NEIGHBORHENAME": "AR-RIMAL", "lon": 46.828036178011494, "lat": 24.864273713078891, "rating_range": "High (8–10)" }, "geometry": { "type": "Point", "coordinates": [ 46.828036178011494, 24.864273713078891 ] } },
{ "type": "Feature", "properties": { "name": "Grilled burger", "categories": "Burger Joint", "address": "الرياض 13268, المملكة العربية السعودية", "price": "Cheap", "likes": 0.0, "photos": "1", "tips": "0", "rating": null, "ratingSignals": null, "NEIGHBORHANAME": "الرمال", "NEIGHBORHENAME": "AR-RIMAL", "lon": 46.838416, "lat": 24.86467, "rating_range": null }, "geometry": { "type": "Point", "coordinates": [ 46.838416, 24.86467 ] } },
{ "type": "Feature", "properties": { "name": "افضل فوال بالشرق الاوسط", "categories": "Breakfast Spot", "address": "الرياض 13268, المملكة العربية السعودية", "price": "Cheap", "likes": 0.0, "photos": "0", "tips": "0", "rating": null, "ratingSignals": null, "NEIGHBORHANAME": "الرمال", "NEIGHBORHENAME": "AR-RIMAL", "lon": 46.838325, "lat": 24.865056, "rating_range": null }, "geometry": { "type": "Point", "coordinates": [ 46.838325, 24.865056 ] } },
{ "type": "Feature", "properties": { "name": "مصنع جوري للحلويات", "categories": "Bakery", "address": "الرياض 13265, المملكة العربية السعودية", "price": "Cheap", "likes": 0.0, "photos": "0", "tips": "0", "rating": null, "ratingSignals": null, "NEIGHBORHANAME": "الرمال", "NEIGHBORHENAME": "AR-RIMAL", "lon": 46.847907, "lat": 24.861794, "rating_range": null }, "geometry": { "type": "Point", "coordinates": [ 46.847907, 24.861794 ] } },
{ "type": "Feature", "properties": { "name": "Food Trucks", "categories": "Food Truck", "address": "الرياض 13413, المملكة العربية السعودية", "price": "Cheap", "likes": 0.0, "photos": "1", "tips": "0", "rating": null, "ratingSignals": null, "NEIGHBORHANAME": "سدرة", "NEIGHBORHENAME": "Sedra", "lon": 46.733393133741806, "lat": 24.869660607148063, "rating_range": null }, "geometry": { "type": "Point", "coordinates": [ 46.733393133741806, 24.869660607148063 ] } },
{ "type": "Feature", "properties": { "name": "Alderwazah (الدروازة)", "categories": "Hookah Bar, Café", "address": "Althamama road, الرياض, المملكة العربية السعودية", "price": "Cheap", "likes": 300.0, "photos": "385", "tips": "50", "rating": 6.7, "ratingSignals": 457.0, "NEIGHBORHANAME": "الرمال", "NEIGHBORHENAME": "AR-RIMAL", "lon": 46.799681752319316, "lat": 24.865935748076659, "rating_range": "Medium (4–7)" }, "geometry": { "type": "Point", "coordinates": [ 46.799681752319316, 24.865935748076659 ] } },
{ "type": "Feature", "properties": { "name": "مطعم الدروازة", "categories": "Middle Eastern Restaurant", "address": "الرياض 13266, المملكة العربية السعودية", "price": "Moderate", "likes": 2.0, "photos": "4", "tips": "0", "rating": null, "ratingSignals": null, "NEIGHBORHANAME": "الرمال", "NEIGHBORHENAME": "AR-RIMAL", "lon": 46.799704, "lat": 24.866329, "rating_range": null }, "geometry": { "type": "Point", "coordinates": [ 46.799704, 24.866329 ] } },
{ "type": "Feature", "properties": { "name": "جلسة 21", "categories": "Tea Room", "address": "المملكة العربية السعودية", "price": "Moderate", "likes": 0.0, "photos": "0", "tips": "0", "rating": null, "ratingSignals": null, "NEIGHBORHANAME": "الرمال", "NEIGHBORHENAME": "AR-RIMAL", "lon": 46.804821014404297, "lat": 24.870416641235348, "rating_range": null }, "geometry": { "type": "Point", "coordinates": [ 46.804821014404297, 24.870416641235348 ] } },
{ "type": "Feature", "properties": { "name": "Cone Zone", "categories": "Ice Cream Shop", "address": "Fantasy Land, الرياض, المملكة العربية السعودية", "price": "Cheap", "likes": 0.0, "photos": "0", "tips": "0", "rating": null, "ratingSignals": null, "NEIGHBORHANAME": "الرمال", "NEIGHBORHENAME": "AR-RIMAL", "lon": 46.808096022512863, "lat": 24.866468186809698, "rating_range": null }, "geometry": { "type": "Point", "coordinates": [ 46.808096022512863, 24.866468186809698 ] } },
{ "type": "Feature", "properties": { "name": "جلسة 32", "categories": "Coffee Shop", "address": "المملكة العربية السعودية", "price": "Cheap", "likes": 0.0, "photos": "1", "tips": "1", "rating": null, "ratingSignals": null, "NEIGHBORHANAME": "الرمال", "NEIGHBORHENAME": "AR-RIMAL", "lon": 46.806767400802066, "lat": 24.87017174327325, "rating_range": null }, "geometry": { "type": "Point", "coordinates": [ 46.806767400802066, 24.87017174327325 ] } },
{ "type": "Feature", "properties": { "name": "استراحة الدشير", "categories": "Pet Café", "address": "الرياض 13267, المملكة العربية السعودية", "price": null, "likes": 1.0, "photos": "11", "tips": "1", "rating": null, "ratingSignals": null, "NEIGHBORHANAME": "الرمال", "NEIGHBORHENAME": "AR-RIMAL", "lon": 46.818745, "lat": 24.868721, "rating_range": null }, "geometry": { "type": "Point", "coordinates": [ 46.818745, 24.868721 ] } },
{ "type": "Feature", "properties": { "name": "esta7ah", "categories": "Caribbean Restaurant", "address": "المملكة العربية السعودية", "price": "Moderate", "likes": 0.0, "photos": "3", "tips": "0", "rating": null, "ratingSignals": null, "NEIGHBORHANAME": "الرمال", "NEIGHBORHENAME": "AR-RIMAL", "lon": 46.821741, "lat": 24.867827, "rating_range": null }, "geometry": { "type": "Point", "coordinates": [ 46.821741, 24.867827 ] } },
{ "type": "Feature", "properties": { "name": "Hi", "categories": "Bagel Shop", "address": "الرياض 13267, المملكة العربية السعودية", "price": "Cheap", "likes": 0.0, "photos": "0", "tips": "0", "rating": null, "ratingSignals": null, "NEIGHBORHANAME": "الرمال", "NEIGHBORHENAME": "AR-RIMAL", "lon": 46.828776, "lat": 24.868774, "rating_range": null }, "geometry": { "type": "Point", "coordinates": [ 46.828776, 24.868774 ] } },
{ "type": "Feature", "properties": { "name": "اقوا تسالي بالعالم", "categories": "Fast Food Restaurant", "address": "الرياض 13268, المملكة العربية السعودية", "price": "Cheap", "likes": 0.0, "photos": "1", "tips": "0", "rating": null, "ratingSignals": null, "NEIGHBORHANAME": "الرمال", "NEIGHBORHENAME": "AR-RIMAL", "lon": 46.837954, "lat": 24.865455, "rating_range": null }, "geometry": { "type": "Point", "coordinates": [ 46.837954, 24.865455 ] } },
{ "type": "Feature", "properties": { "name": "العزبه", "categories": "Coffee Shop", "address": "Riyadh, الرياض 13267, المملكة العربية السعودية", "price": "Cheap", "likes": 2.0, "photos": "2", "tips": "1", "rating": null, "ratingSignals": null, "NEIGHBORHANAME": "الرمال", "NEIGHBORHENAME": "AR-RIMAL", "lon": 46.835543, "lat": 24.86879, "rating_range": null }, "geometry": { "type": "Point", "coordinates": [ 46.835543, 24.86879 ] } },
{ "type": "Feature", "properties": { "name": "مشوار Mishwar", "categories": "Restaurant", "address": "الدمام-حي الروضة, المملكة العربية السعودية", "price": "Moderate", "likes": 1.0, "photos": "3", "tips": "0", "rating": null, "ratingSignals": null, "NEIGHBORHANAME": "الرمال", "NEIGHBORHENAME": "AR-RIMAL", "lon": 46.805930528970869, "lat": 24.873594721029704, "rating_range": null }, "geometry": { "type": "Point", "coordinates": [ 46.805930528970869, 24.873594721029704 ] } },
{ "type": "Feature", "properties": { "name": "Waffle Art", "categories": "Dessert Shop", "address": "الرياض 13431, المملكة العربية السعودية", "price": "Cheap", "likes": 0.0, "photos": "2", "tips": "0", "rating": null, "ratingSignals": null, "NEIGHBORHANAME": "الرمال", "NEIGHBORHENAME": "AR-RIMAL", "lon": 46.805996, "lat": 24.873544, "rating_range": null }, "geometry": { "type": "Point", "coordinates": [ 46.805996, 24.873544 ] } },
{ "type": "Feature", "properties": { "name": "مقهى النخبه", "categories": "Coffee Shop", "address": "الرياض, المملكة العربية السعودية", "price": "Cheap", "likes": 1.0, "photos": "4", "tips": "1", "rating": null, "ratingSignals": null, "NEIGHBORHANAME": "الرمال", "NEIGHBORHENAME": "AR-RIMAL", "lon": 46.813581095397701, "lat": 24.875133681644485, "rating_range": null }, "geometry": { "type": "Point", "coordinates": [ 46.813581095397701, 24.875133681644485 ] } },
{ "type": "Feature", "properties": { "name": "Coffee Turki.", "categories": "Coffee Shop", "address": "الرياض 13268, المملكة العربية السعودية", "price": "Cheap", "likes": 0.0, "photos": "0", "tips": "0", "rating": null, "ratingSignals": null, "NEIGHBORHANAME": "الرمال", "NEIGHBORHENAME": "AR-RIMAL", "lon": 46.830235, "lat": 24.87296, "rating_range": null }, "geometry": { "type": "Point", "coordinates": [ 46.830235, 24.87296 ] } },
{ "type": "Feature", "properties": { "name": "سيارة ايس كريم👅👅👅🍦🍦", "categories": "Coffee Shop", "address": "المملكة العربية السعودية", "price": "Cheap", "likes": 7.0, "photos": "18", "tips": "1", "rating": 7.6, "ratingSignals": 8.0, "NEIGHBORHANAME": "الرمال", "NEIGHBORHENAME": "AR-RIMAL", "lon": 46.806219275305281, "lat": 24.879791029591601, "rating_range": "High (8–10)" }, "geometry": { "type": "Point", "coordinates": [ 46.806219275305281, 24.879791029591601 ] } },
{ "type": "Feature", "properties": { "name": "Goozy (غوزي)", "categories": "Restaurant", "address": "المملكة العربية السعودية", "price": "Moderate", "likes": 21.0, "photos": "10", "tips": "3", "rating": 6.7, "ratingSignals": 33.0, "NEIGHBORHANAME": "الرمال", "NEIGHBORHENAME": "AR-RIMAL", "lon": 46.804617783254407, "lat": 24.884396608862367, "rating_range": "Medium (4–7)" }, "geometry": { "type": "Point", "coordinates": [ 46.804617783254407, 24.884396608862367 ] } },
{ "type": "Feature", "properties": { "name": "لاروستيكا", "categories": "Italian Restaurant", "address": "الرياض, المملكة العربية السعودية", "price": "Moderate", "likes": 1.0, "photos": "4", "tips": "2", "rating": null, "ratingSignals": null, "NEIGHBORHANAME": "سدرة", "NEIGHBORHENAME": "Sedra", "lon": 46.733556, "lat": 24.887777, "rating_range": null }, "geometry": { "type": "Point", "coordinates": [ 46.733556, 24.887777 ] } },
{ "type": "Feature", "properties": { "name": "ديوانية المهيدب", "categories": "Coffee Shop", "address": "المملكة العربية السعودية", "price": "Cheap", "likes": 23.0, "photos": "13", "tips": "2", "rating": 8.5, "ratingSignals": 25.0, "NEIGHBORHANAME": "الرمال", "NEIGHBORHENAME": "AR-RIMAL", "lon": 46.801523219745867, "lat": 24.886568839915533, "rating_range": "High (8–10)" }, "geometry": { "type": "Point", "coordinates": [ 46.801523219745867, 24.886568839915533 ] } },
{ "type": "Feature", "properties": { "name": "Platinum chalet", "categories": "BBQ Joint", "address": "Alrimal Dis., الرياض, المملكة العربية السعودية", "price": "Moderate", "likes": 0.0, "photos": "0", "tips": "0", "rating": null, "ratingSignals": null, "NEIGHBORHANAME": "الرمال", "NEIGHBORHENAME": "AR-RIMAL", "lon": 46.803835, "lat": 24.919651, "rating_range": null }, "geometry": { "type": "Point", "coordinates": [ 46.803835, 24.919651 ] } },
{ "type": "Feature", "properties": { "name": "Baozi", "categories": "Asian Restaurant", "address": "الرياض 13436, المملكة العربية السعودية", "price": "Moderate", "likes": 1.0, "photos": "0", "tips": "0", "rating": null, "ratingSignals": null, "NEIGHBORHANAME": "الرمال", "NEIGHBORHENAME": "AR-RIMAL", "lon": 46.801603, "lat": 24.921646, "rating_range": null }, "geometry": { "type": "Point", "coordinates": [ 46.801603, 24.921646 ] } },
{ "type": "Feature", "properties": { "name": "food trucks @janadriyah", "categories": "Food Truck", "address": "الجنادرية, الرياض, المملكة العربية السعودية", "price": "Cheap", "likes": 0.0, "photos": "2", "tips": "0", "rating": null, "ratingSignals": null, "NEIGHBORHANAME": "الرمال", "NEIGHBORHENAME": "AR-RIMAL", "lon": 46.825655088899858, "lat": 24.924516229596964, "rating_range": null }, "geometry": { "type": "Point", "coordinates": [ 46.825655088899858, 24.924516229596964 ] } },
{ "type": "Feature", "properties": { "name": "Klijaz Foodtruck كليجز فودترك", "categories": "Food Truck", "address": "الرياض 13316, المملكة العربية السعودية", "price": "Cheap", "likes": 8.0, "photos": "21", "tips": "2", "rating": 7.8, "ratingSignals": 8.0, "NEIGHBORHANAME": "الرمال", "NEIGHBORHENAME": "AR-RIMAL", "lon": 46.764950304760582, "lat": 24.93954643143136, "rating_range": "High (8–10)" }, "geometry": { "type": "Point", "coordinates": [ 46.764950304760582, 24.93954643143136 ] } }
]
}
